id,crop,topic,keywords,content,source_title,source_url,source_page,verified
naerls_0001,cassava,official_extension_bulletin,cassava constraints traditional processing packaging storage channel marketing produce references table varieties characteristics new compound fertilizer bags plate grating machine hydraulic press drying frying gari bagging storing,"Constraints in Traditional Cassava Processing ---------------- 28
Packaging and Storage----------------------------------------------29
Channel of marketing of Cassava Produce-------------------- 29
References ----------------------------------------------------------- 31 TABLE
Table1a. Varieties of cassava and their characteristics -------5
Table1b. New Cassava varieties ----------------------------------6
Table 2. Compound fertilizer for cassava (bags/ha) ---------13 PLATE
Plate A. cassava grating machine------------------------------------20
Plate B. hydraulic press for drying ----------------------------------21
Plate C. Frying cassava into gari ------------------------------------21
Plate D. Bagging of gari for storing---------------------------------22","NAERLS Cassava Production, Processing and Utilization in Nigeria",https://naerls.gov.ng/wp-content/uploads/2022/11/CASSAVA-Production-Processing-and-utilization.pdf,3,official_naerls_bulletin
naerls_0002,cassava,official_extension_bulletin,cassava figure land preparation ridges planting methods matured plant ready harvest harvesting tubers flow chart high quality flour production hqcf starch chips processing gari akpu fufu value chain,"FIGURE
Figure 1. Land Preparation in ridges----------------------------------4
Figure 2. Planting Methods---------------------------------------------8
Figure 3. Matured Plant ready for harvest---------------------------16
Figure 4. Harvesting of cassava tubers-------------------------------17
Figure 5. Flow chart for high quality cassava
flour production (HQCF)-----------------------------------------------23
Figure 6. Flow chart for starch production ------------------------ 24
Figure 7. Flow chart of cassava chips production ------------------25
Figure 8. Flow chart for processing gari----------------------------- 26
Figure 9. Flow chart for processing Akpu (Fufu)-------------------27
Figure 10. Cassava value chain----------------------------------------30","NAERLS Cassava Production, Processing and Utilization in Nigeria",https://naerls.gov.ng/wp-content/uploads/2022/11/CASSAVA-Production-Processing-and-utilization.pdf,3,official_naerls_bulletin
naerls_0003,cassava,official_extension_bulletin,cassava introduction site selection manihot spp dicotyledonous plant belonging tolerates poor soils usually unsuitable most other crop like family euphobiaceae root unlike yam diosiorca maize produces some yield even when abandoned without adequate tuber native central america management high tubers requires well drained introduced west,"Introduction SITE SELECTION
Cassava (Manihot spp) is a dicotyledonous plant belonging to the Cassava tolerates poor soils usually unsuitable for most other crop like
family Euphobiaceae. Cassava is a root crop unlike yam (Diosiorca maize. It produces some yield even when abandoned without adequate
spp) that is a tuber crop. It is native to Central America. Cassava was management. For high yield of tubers, cassava requires well-drained
introduced to West Africa by Portuguese explorers in the 16th and 17th and deep soil that is not stony or gravelly. It can also thrive in poor
centuries. In Nigeria, it was introduced at Warri, Yenagoa, Calabar and soils (marginal soils).
Owerri about the same time.
It is an important food staple and industrial crop in Nigeria. Cassava is PRODUCTION
also important as a major source of income for rural households. Production Inputs
Nigeria is currently the largest producer of cassava in the world with The essential materials needed for optimum production of cassava
an annual production of over 54tons from an estimated land area of 1.4 include;
million hectares.  Land
The crop’s production generally requires less labour per unit of output  Planting material (cassava stem cuttings) of appropriate
than other major staple crops in Nigeria. It can grow and give varieties
reasonable yields in relatively poor soil and low rainfall areas. Owing  Capital
to these attributes it has become a critical food security crop in  Labour
Nigeria.  Agro-chemicals e.g herbicides, inorganic and organic fertilizers
Cassava has underground roots that are consumed by man after  Farm tools e.g hoe, cutlass, knife, or saw, plough, harrow,
processing. A few varieties exist that can be eaten raw. The root is also ridger, tractor, and wheelbarrow.
rich in carbohydrates and readily fed to livestock’s. In recent times,
  Technical know-how (Technology)
government has encouraged the processing of the crop into a wide
range of industrial products such as ethanol, glue, poultry feed,
 Processing Inputs
glucose syrup and bread. The demands for these products are on the These are tools used for processing cassava tubers into various forms
increase and Government’s interest in cassava research is also for utilization. These include;
increasing with strong emphasis on increased productivity and
  Material e.g knives and machines (where available)
diversification of uses.
  Washing equipments (bowls and machines where available)
Average yield of 5-9t/ha in farmers’ field indicates that the crop is
poorly managed as both demonstrated potential and experimental  Graters (manual or machines)
yields are 400% and 250% respectively above farmers’ yields. These  Dewatering facilities – sticks or machines (manual or
could be attributed to inadequate information that accrues from use of mechanical (where available)
low yielding planting materials, pest and diseases and poor farming  Toasters-manual or mechanical (where available)
practices by farmers. The purpose of this bulletin is to highlight
recommendations from research for high cassava yield, efficient Transportation Inputs
processing and utilization in Nigeria.  Lorries, trucks, rail, marine transportation, donkeys etc
  Motorcycles, bicycle etc","NAERLS Cassava Production, Processing and Utilization in Nigeria",https://naerls.gov.ng/wp-content/uploads/2022/11/CASSAVA-Production-Processing-and-utilization.pdf,4,official_naerls_bulletin
naerls_0004,cassava,official_extension_bulletin,cassava wheel barrows harrow fine tilt marketing inputs make meter ridges these materials distributing tied mounds straight line products namely flat loosening spots hoe cutlass stores spade bags ridging mounding essential soils which hard shallow basins poorly drained facilitates root penetration development markets buyers sellers," Wheel barrows  Harrow to fine tilt
Marketing Inputs  Make 1 meter ridges
These are materials used for distributing and marketing cassava  Make tied mounds in a straight line.
products, namely;  Flat with loosening of the spots with hoe, cutlass or
 Stores spade
 Bags Ridging or mounding is essential in soils which are hard, shallow or
 Basins poorly drained. Ridging facilitates root penetration, root development
 Markets (buyers and sellers) and farm operations like fertilizer application and weeding as well as
 Consumers harvesting (Fig. 1).
Land Preparation Making ridges or mounds across the slope and in valleys bottom help
Good production requires good land preparations which depend on: to control water logging and erosion since ridges and mounds are
 Climate usually higher than both the permanent and temporary water fables.
 Soil type
 Vegetation
 Topography
 Good management practices
Traditionally after clearing the forest in rainforest ecological zone of
Nigeria, no land preparation is required other than the removal of
shrubs vines, and cutting off branches of large trees to admit sunlight.
As soon as the rain is established, farmers loosen the soil with a hoe,
planting stick, or sharp instrument before placing the cassava cuttings
and cover back with soil.
Good seed bed preparation is necessary in cassava production. Fig. 1. Land prepared in ridges
In the west, south and eastern agro-ecological zones land preparation
is carried out between March to early May while in the Northern part it Recommended Cassava Varieties
is done in early June to July. Use of poor yielding varieties has been a major factor contributing to
Before planting the land is cleared, raked and do controlled burning of the low yields in farmers’ fields. Varieties have been bred and selected
the trashes if the trash is too much to be handled or spray with based on outstanding attributes like root yield, pests and diseases
herbicide if it is mainly grass vegetation. Alternatively, after bush resistance/tolerance, high dry matter and food quality. The following
clearing and burning, farmers usually practice stumping in the forest cassava varieties and their characteristics are presented in Tables 1a
vegetation. and 1b
After creating a good soil environment, the land is prepared into;
  Ridges and mounds up to 30 - 60 cm high
  Deep plough to soil depth (25 – 30cm).","NAERLS Cassava Production, Processing and Utilization in Nigeria",https://naerls.gov.ng/wp-content/uploads/2022/11/CASSAVA-Production-Processing-and-utilization.pdf,5,official_naerls_bulletin
naerls_0005,cassava,official_extension_bulletin,cassava table varieties new characteristics pedigree days potent plant height variety ial branches cassav branchi canopy ecologic pests fres dry gar starc hcn matu post habit developm disease matt product ent adaptati resistan roo yiel yield rity tme gbase koute tall appreciable tms moderate low,"Table 1a. VARIETIES OF CASSAVA AND THEIR Table 1b. New Cassava Varieties
 CHARACTERISTICS
 CASSAVA PEDIGREE DAYS POTENT PLANT HEIGHT
 VARIETY OF IAL BRANCHES
Cassav Branchi Canopy Ecologic Pests & Fres Dry Gar Starc Hcn in
 MATU POST
a ng habit developm al disease h Matt ri h Product
variety ent adaptati resistan Roo er Yiel Yield s RITY YIELD
 on ce t Yield d (%) (mg/100 TME 419 Gbase koute 12 35.2 t/ha Tall (3-4m) Not appreciable
 Yiel 80(c (%) g) op
 d m) TMS TMS 30 572 12 31.8 t/ha Moderate in Low (about 0.5m)
TMS Profuse Moderate Wide High 43 25 23 23 15.5 97/2205 x TME 6 height (about
90257 2m)
TMS Moderat Sparse Wide High 35 28 18 27 6.3 TMS 9+DTP REP 12 45.5 t/ha Moderate in Low (about 0.5m)
84537 e
 98/0505 2 bulk height (about
TMS Profuse Moderate Wide High 35 28 21 26 6.4
82/000 2m)
56 TMS 97 DTP REP 12 37.5 t/ha Moderate in Moderately high
TMS Profuse Moderate Wide High 39 30 22 26 4.1 98/0510 2 bulk height (about (about 1.2m)
82/006 2.5m)
61 TMS MPR POP 1 12 47.3 t/ha Tall (about 0.5-1.0m
NR Profuse Moderate Wide High 27 37 25 21 High 98/0581 bulk 3m)
8212 TMS (TMS 30555 12 30.7T/Ha Tall (2-3m) Low (1.0-1.3m)
NR Profuse Profuse Wide High 32 32 22 19 High
 92/0057 X TME 1)
8082
 HS
TMS Moderat Moderate Wide Moderat 36 29 24 12 High
50395 e e TMS (PMS 91934 10-12 39.5 t/ha Tall (2-3m) Low (0.7-2.6m)
TMS Moderat Moderate Wide Moderat 16 28 23 22 Low 92/0326 X TME
3001 e e 1)HS
NR Profuse Moderate Wide Moderat 26 32 25 23 High TMS TMS 12 43.2 t/ha Tall (about High (about
8208 e 96/1632 94/0325 X 3m) 1.5m)
NR Profuse Moderate Wide High 31 43 36 25 High TME 7
8083 TMS 97 DTP REP 10-12 48.4 t/ha Moderate in Low (about 0.5m)
TMS Profuse Moderate Wide High 28 31 24 25 4.5
 98/002 1 height (2m)
81/001
10 NR 87184 83 DTP REP 10-12 34.6 t/ha Tall about Low (0.1-1.1m)
TMS Moderat Sparse Wide Moderat 32 34 26 21 High 1 (3m)
91934 e e Pro-Vit A Umucass’ 8-12 35.4 t/ha Moderate in
TMS Profuse Profuse Wide Moderat 27 34 25 24 750 eries height (about
30572 e 2.5m)
TMS Moderat Profuse Savanna Moderat 26 36 25 22 31
4(2)14 e e
 Source NRCRI (2000)
25
TMS Moderat Profuse Wide Moderat 17 32 24 20 High
30555 e e
 Climate and Soil Requirement
NR Profuse Moderate Wide High 22 31 22 19 High Cassava requires a temperature of 21oC-35oC, rainfall of 150-200 cm,
83107 a well-drained, rich, friable, loamy soil. It can also grow in poor soil.
NR Moderat Profuse Forest Moderat 37 34 25 23 High
41044 e e","NAERLS Cassava Production, Processing and Utilization in Nigeria",https://naerls.gov.ng/wp-content/uploads/2022/11/CASSAVA-Production-Processing-and-utilization.pdf,6,official_naerls_bulletin
naerls_0006,cassava,official_extension_bulletin,cassava planting materials all zones however known tropical rainforest zone flower produce seeds grown year round determining factor currently stem called cuttings availability water even drier savanna planted cutting sometimes regarded vegetative irrigation although drought propagation mainly resistant tolerant withstand months breed new varieties ensure,"Planting Materials in all zones. It is however known that in the tropical rainforest zone,
Cassava can flower and also produce seeds but the seeds are not cassava can be grown all year round. The determining factor is the
currently being used for planting. It is the stem-called cuttings that are availability of water. Even in the drier savanna, cassava can be grown
planted. The use of cutting is sometimes regarded as vegetative all year round using irrigation. Although cassava is drought
propagation of cassava. The seeds of cassava are mainly being used to resistant/tolerant and can withstand 6 months of drought after
breed new varieties. Ensure that you select the variety suitable to your establishment.
location which also has the desired attributes. The quality and yield of Method of Planting
cassava depends on the quality of the sticks or cuttings and variety Planting of cassava cuttings could be vertical, slanting (at an angle) or
planted, the management practice adopted and the locality where it has horizontal (Fig. 2). Vertically planting of cassava cuttings is not
been planted. It is advised that cuttings should be obtained from recommended as this method encourage drying of cuttings and usually
reliable source. has poor root development and establishment. The best recommended
Cassava stem or cutting quality depends on:- method is slanting or horizontal. By this method 2/3 of cuttings are buried
 Age of stem:- The best cuttings for planting are obtained from and planted at inclined angle of about 450 and ensure that the buds point
 plants 6 – 12 months old. upwards from where the stem sprouts. While in horizontal method all the
 Thickness:- Recommended pith diameter is equal to or less cuttings are buried and covered with soil which always give rise to more
 than 50% of the stem. than two sprouting. Where it becomes necessary to plant later than the
 Health of Stems:- Ensure that stems are healthy and good recommended time and to eliminate dipping stakes in insecticides against
 sprouting and establishment. cassava mealy bug (CMB) and cassava green spider mite (CGM), bury
 Number of Nodes:-Cut stem such that each cutting has about 5 the cuttings completely in the soil (horizontally) at a depth of about 5 cm.
 – 7 nodes. Deep planting makes harvesting difficult and increases production costs.
 In dry sandy soils plant cassava cuttings deep; in moist and heavy soils,
 Stem Portion:- Middle portions establish better than the tips
 plant shallow.
 and basal portions.
 Stem Storage:- Store cassava stems under shade for 4- 10
 days before cutting and planting. This processes makes stem
 sprout faster than if planted immediately when freshly cut from
 the field.","NAERLS Cassava Production, Processing and Utilization in Nigeria",https://naerls.gov.ng/wp-content/uploads/2022/11/CASSAVA-Production-Processing-and-utilization.pdf,7,official_naerls_bulletin
naerls_0007,cassava,official_extension_bulletin,cassava planting date best time plant established various ecological zone set first rains year depends cropping systems however planted march october all agro zones except northern nigeria done may july ensure cuttings well before dry fig methods season these covers period usually described rainy source,"Planting Date
The best time to plant cassava has been established for the various
ecological zone at the on-set of the first rains of the year and it
depends on the cropping systems. However, cassava is planted
between March and October in all the agro-ecological zones. Except
Northern zones of Nigeria, planting is done between May and July to
ensure that cuttings are well established before the on-set of dry Fig. 2. Planting methods
season. These covers the period usually described as the rainy season Source: IITA","NAERLS Cassava Production, Processing and Utilization in Nigeria",https://naerls.gov.ng/wp-content/uploads/2022/11/CASSAVA-Production-Processing-and-utilization.pdf,7,official_naerls_bulletin
naerls_0008,cassava,official_extension_bulletin,cassava spacing integrated method cuttings planted either flats ridges mounds due erect none branching property some variety cultural like tme close apart give involves hoe any local tools well hand pulling higher plant population control weed very effective small farms done weeks planting period canopies,"Spacing  Integrated method
Cassava cuttings are planted at 1m x 1m spacing either on flats, ridges
or mounds. Due to erect (none branching) property of some variety Cultural Method
like. TME 419 spacing can be as close as 100cm x 75cm apart to give This involves using of Hoe or any local tools as well as hand pulling to
a higher plant population/ha. control weed and is very effective in a small farms. It is done at 4, 8
 and 12 weeks after planting. After this period, the canopies of the
Seed Rate and Plant Population cassava have fully developed and covered the ground to smother the
It is recommended to plant cassava stems one meter apart with 50 weeds. Slashing may be done if necessary before harvesting.
stems of 1 m each of 50 bundles of stem cuttings per ha. This gives a
plant population of 10,000 stands per hectare. This spacing is Biological Method
convenient and practicable both for mechanization and inter-cropping. This method makes use of “in situ” live mulch in the form of cover
 crop. By this way, cover crops such as egusi, cowpea, sweet potato,
Cropping Pattern mucuna, groundnut and soybean grown during the season prior to
Cassava can be grown as a sole crop. It can also be grown cassava cultivation help to suppress weeds. Cassava cuttings can be
(intercropped) with principal staples, such as yam, cocoyam, sweet planted directly into the mulch cover with little or no land clearing.
potato, maize, melon, cowpea, soybean and plantain. Cassava can also Appropriate inter crops can significantly reduce weeding frequencies
be grown with permanent crops like oil palm, rubber, cashew and and weed intensity. Intercropping with leguminous species (cowpea,
cocoa within the first few years of the establishment before their groundnut and soybean) has the additional benefits of soil
canopies cover and the permanent crops fully take over. improvement and fixing of nitrogen in the soil.","NAERLS Cassava Production, Processing and Utilization in Nigeria",https://naerls.gov.ng/wp-content/uploads/2022/11/CASSAVA-Production-Processing-and-utilization.pdf,8,official_naerls_bulletin
naerls_0009,cassava,official_extension_bulletin,cassava genetic method weed management early branching varieties yield usually reduced delay control slow initial develop canopies which reduce growth development make very susceptible when interference during first months planting uncontrolled sprouts vigorous reduces loss crops free due short could result monetary weeds must good,"Genetic Method
Weed Management Use of Early-Branching Varieties:-
Cassava yield is usually reduced by delay of weed control. Slow initial Early-branching varieties develop canopies which reduce weed growth
growth and development make the cassava very susceptible to weed when:
interference during the first 3-4 months after planting. Uncontrolled  Sprouts are vigorous,
weed growth in cassava reduces the yield by 80 % /ha loss which  Crops are weed free in the first 3-4 months due to short growth
could result to a monetary loss of up to N30,000.00. Weeds must be with good canopy from the branches
controlled during the first 8 – 12 weeks from planting. This period is  Plant density is higher than 10,000 plants/ha
referred to as “the critical period of weed interference”.  Plants are free from disease and pests due to high genetic make
Any of or combination of the following methods can be used to control up.
weeds in cassava.  Environment and soil fertility are favourable.
 Cultural method Weed competition reduces branches, canopy and root development as
 Biological method well as overall crop yield. Yield reduction varies from 40% in early-
 Genetic method branching cultivars to 70% in late or non-branching cultivars. When
 Chemical method canopies do not provide sufficient cover, weed problems become","NAERLS Cassava Production, Processing and Utilization in Nigeria",https://naerls.gov.ng/wp-content/uploads/2022/11/CASSAVA-Production-Processing-and-utilization.pdf,8,official_naerls_bulletin
naerls_0010,cassava,official_extension_bulletin,cassava severe weeds habour disease organisms pests integrated weed management predispose crop subsequent infections like control long term imperatacylindrica spear grass only compete resources approach combination techniques such pierce roots create entry points rot causing physical chemical biochemical cultural pathogen method reduces chances species early,"severe. Weeds also can habour disease organisms and pests that Integrated Weed Management
predispose the crop to subsequent infections. Weeds like This is the control of weeds through a long-term management
Imperatacylindrica (spear grass) not only compete for resources, but approach, using a combination of weed management techniques such
also pierce cassava roots and create entry points for rot-causing as physical control, chemical control, biochemical control or cultural
pathogen. control. This method reduces the chances of weed species being
The early branching varieties effectively suppress early weed growth adapted to a particular control technique, which is likely to occur if
at the time when the cassava plant is vulnerable to weed competition only one technique is used. For an example, if a herbicide is used over
during the first 3-4 months of crop growth due to good canopy a long period of time, a weed species can build up a resistance to the
produced from the branches. chemical. Examples of integrated weed management include;
  Combining one hand weeding with the use of an improved
Chemical Method variety, planted at optimum density.
Several pre-emergency herbicides have been identified for weed  Combining a pre-emergence herbicide with late weeding.
control in sole cassava farms.
 Fluometuron at 2.0 kg ai/ha Fertilizer and Fertilizer Application
 Diuron at 3.0 kg ai/ha Cassava has an extensive root system and uses plant nutrients which
 Chloramben at 1.5-3kg ai/ha (as the case may be). are not easily accessible to other crops. In traditional farming, farmers
 Formulated mixture of flumeturon + metolachlor (2 + 2 kg/ha) can obtain yields of up to 5.6t/ha without fertilizer on soil that would
 Metobromuron and metolachlor (2 + 2 kg/ha) not support other crops.
 Fluometuron and Pendimethalin ( 2 + 2 kg/ha) Any compound fertilizer – NPK 15:15:15, 20:10:10; 25:10:10,
 Primextra (Pre-mix of Atrazine + Metolachlor (2 – 3 kg/ha) 27:13:13 or any other planting. Applying ring form around the cassava
The following pre-emergence herbicides can equally be used in mixed stands. One match box full of fertilizer is enough for one stand of
cassava plots cassava. One level of standard (normal) peak milk container is enough
 Diorun + Paraquat at 4-5 l/ha for five stands of cassava and these are equivalent to 400kg/ha of NPK
 (15:15:15 or 10:10:20 (8 bags) which is ideal or recommended for a
 Pumetra at 4-5 l/ha
 normal/standard soil. However, for good yield of roots from a fairly
Herbicides are most effective when applied before weed emergence in
 rich soil, Table 1 shows the number of bags/ha of various compound
the field. When planting or weed control is delayed such that weeds
 fertilizers per hectare.
become visible, mix post-mergence herbicide with a systemic
herbicide such as Glyphosate. By this way, the contact herbicide will
take care of the already emerged weeds.
Herbicides are cost effective when available in appropriate quantities,
and when cassava fields are too large to be weeded by hand (manual).","NAERLS Cassava Production, Processing and Utilization in Nigeria",https://naerls.gov.ng/wp-content/uploads/2022/11/CASSAVA-Production-Processing-and-utilization.pdf,9,official_naerls_bulletin
naerls_0011,cassava,official_extension_bulletin,cassava table compound fertilizer bags white ants termites fertilizers npk dip stem cuttings solution chloropyrifos insecticides minutes rate mls ltre water allow dry before planting seed treatment will control mealy bug two three tons per hectare poultry cattle manure green spider mite millipedes applied good,"Table 2. Compound Fertilizer for Cassava (bags/ha)  White Ants and Termites:-
 FERTILIZERS (NPK) Dip cassava stem cuttings in a solution of chloropyrifos insecticides
 15:15:15 20:10:10 25:10:10 27:13:13 for 5 minutes at the rate of 2 mls to 1ltre of water and allow to dry
 Bags/ha 12 9 7 6 ½=6½ before planting.
  This “seed” treatment will also control cassava mealy bug,
Two or three tons per hectare of poultry, cattle manure can also be green spider mite and millipedes.
applied for good yield of cassava roots in the absence or combination Destroy ant hills. Spray the destroyed ant hills with Agrothion
of chemical fertilizer. (Fenitrothion) 20 at the rate of 40 ml/4.5 litres of water and 9 litres/ant
For good growth and yields, cassava requires friable, light textured and hill.
well drained soils containing sufficient moisture and a balanced  Green Spider Mite (GSM)
amount of plant nutrients. However, farmers can produce up to 1.4 – These cause damages to the leaves thereby reducing the photosynthctic
7.4 t/ha across all the agro-ecological zones in Nigeria and research ability of the plant resulting in eventual yield reduction. They (spider
has shown that yields of 40-60 t/ha are possible. mites) can also act as vectors for transferring diseases from on plant to
 another. Isolated cases can be treated by spraying with 0.1% (1 table
Pests and Diseases spoonful/4.5 litres of water) solution of Perfekthion 40 or Rogir 40.
Pest of Cassava:- Cassava is affected by a number of pests. These Where the cassava is young (less than four (4) months old and at the
include:- on set of dry season, treat with foliar spicy of 0.1% (1
 Variegated grasshopper:- tablespoonful/4.5 litre of water) solution of the following chemicals:-
This causes complete defoliation of the cassava plant by eating up the  Supracide for Ultracide; Rogor or Perfekthion (Diamethoate);
leaves and young stems at adult and nymph stages of the insect life. Diazinon or Dasudin; Azodrin or Nuvacron (monocrotophos).
Regular weeding and hand picking are among the control measures. Start spraying as soon as the symptons are noticed. Repeat 4 times at 2
(Plate 1). Spraying the crop and the surrounding bush with 30ml (6 tea weekly intervals.
spoonful) (2 gallons) of water as soon as the first nymphs are observed
towards the end of September provided effective control. For very Diseases
effective and total control, get surrounding farmers to do same. Cassava is known to be attacked by more than 30 diseases, but the
 following are the important cassava diseases in Nigeria:-
 Vertebrate Pests:- a) African Cassava Mosaic Disease (ACMD):-
Rats, grasscutters (can rat) and bush fowls dig up and eat cassava This disease is caused by virus which is transmitted by a piercing and
roots. sucking insect known as white flies.
Control:- Symptoms:- The symptoms include vein cleaning, distortion of the
 Keep the farm and surroundings weed free leaves and stunted growth of the plants.
 Trapping
 Shooting with gun Control:-
 Wire fencing round the farm (where practicable). - Grow resistant varieties
 - Uproot and burn infected plants","NAERLS Cassava Production, Processing and Utilization in Nigeria",https://naerls.gov.ng/wp-content/uploads/2022/11/CASSAVA-Production-Processing-and-utilization.pdf,10,official_naerls_bulletin
naerls_0012,cassava,official_extension_bulletin,cassava diseases free planting materials yam maize okra bacterial blight caused bacteria which transmitted egusi when infected cuttings cowpea symptoms these include angular water soaked area plantain discoloured leaf tissue blighting wilting general reduction intercropping combination systems usually planted yield last crop due longer maturity,"- Use diseases free planting materials - Yam/maize/cassava/okra
b). Bacterial Blight:- It is caused by bacteria which are transmitted - Cassava/maize/egusi
when infected cuttings are used - Maize/cassava/cowpea
Symptoms:- These include; angular and water soaked area of - Yam/maize/cassava/plantain
discoloured leaf tissue, blighting, wilting and general reduction in In these intercropping combination systems, cassava is usually planted
yield. as last crop due to its longer maturity period than other crops.
Control:- Maturity
- Use resistant varieties Cassava is ready for harvest at 9 – 12 months after planting depending
- Use clean and disease from stem cutting. on the variety and location (Fig.3). Harvest when the soil is moist so as
c) Leaf Spot:- It is caused by a fungus to minimize damage to the tubers. Cut the stem 30cm above the soil
Symptoms:- This includes spots which produce pale, brownish colour surface and lift roots by pulling the stump gently. Cassava can be
on affected leaves. harvested both in the raining and dry season, but it is better to harvest
 Control:- when the soil is wet, to avoid damage to the roots, and also to use the
- Spray with fungicide e.g Bordeaux mixture, Benlate (Benomyl), stem cutting for new planting. Cassava harvested soon after the
Dithane m45 and myloxls drought season loses much starch. Best yields under rain fed are
d) Cassava Root Rot Diseases:- These are caused by various kinds obtained from mature crops after 3 months from the end of dry season.
 of fungi living on or in the soil. The fungi occur mainly in
 poorly drained soils.
Symptoms:- The leaves on cassava plants affected by root rot diseases
turn brown, wilt, and the plant appears scotched. The disease kills both
feeder and storage roots of cassava. The affected storage roots have an
unusual and develop colouration mainly common in over mature
cassava field.","NAERLS Cassava Production, Processing and Utilization in Nigeria",https://naerls.gov.ng/wp-content/uploads/2022/11/CASSAVA-Production-Processing-and-utilization.pdf,11,official_naerls_bulletin
naerls_0013,cassava,official_extension_bulletin,cassava controls resistant varieties clean disease free stem cuttings avoid flooded field late harvesting fig matured plant ready harvest cropping system commonly planted sole intercropped many other crops these various combinations cassavas base due when tuberous roots accumulated enterprises sufficient amount starch unduely includes delayed,"Controls:-
- Use resistant varieties
- Use clean and disease free stem cuttings
- Avoid flooded field
- Avoid late harvesting Fig. 3. Matured plant ready for harvest
Cropping System
Cassava is commonly planted sole, but also intercropped with many Harvesting
other crops. These are various combinations of cassavas base Cassava is due for harvesting when tuberous roots have accumulated
enterprises sufficient amount of starch (Fig. 4). When harvesting is unduely
The combinations includes:- delayed the tubers became woody or fibrous. Time of harvesting
- Yam/maize/cassava depends on;","NAERLS Cassava Production, Processing and Utilization in Nigeria",https://naerls.gov.ng/wp-content/uploads/2022/11/CASSAVA-Production-Processing-and-utilization.pdf,11,official_naerls_bulletin
naerls_0014,cassava,official_extension_bulletin,cassava time planting black steaks formed inside roots changes colour variety planted products climatic soil factors marketing demand processing utilization farmers needs very versatile commodity numerous uses generally tubers harvested manually hand pulling processed different food forms digging hoe cutlass spade cutting stems fig human,"- Time of planting are black steaks formed inside the roots. This changes the colour of the
- Variety planted products.
- Climatic and soil factors
- Marketing demand PROCESSING AND UTILIZATION
- Farmers needs Cassava is a very versatile commodity with numerous uses and by
Generally, cassava tubers are harvested manually by hand pulling and products. The roots are generally processed into different food forms
digging using hoe, cutlass or spade after cutting of the stems (Fig. 4). for human consumption and industrial uses as well as livestock feed.
For several reasons, it is difficult to harvest all the cassava in a plot The stem serves as yam staking and source of fire wood. The leaves
because of several factors like spoilage, hence only the quantity are consumed as vegetables in many tropical countries.
required immediately for use should be harvested. Cassava tubers Uses and Utilization
rapidly spoil after harvesting because it does not store well once Uses and utilization of cassava produce are listed as;
uprooted.  Gari
Mechanical harvesters are available to uproot tuberous roots, which  Foofoo
are then picked by hand. Harvesting is easier when the soil is moist  Flour
and if planting on ridges or in roles in a loose or sandy soils, rather  Tapioca
than on flat ground and in clay or heavy soils.  Cassava chips
  Glucose syrup
  Glue
  Ethanol
  Bread
  Livestock feed
  Starch
 Hygiene and Quality Products
 Fresh cassava tuber is a high water (moist), low-acid food that is
 highly susceptible to bacterial and fungal growth. Hygienic practices,
 especially in the early stages of processing, should therefore ensure
 minimal contamination. All waste materials from the process should
 be removed from the site as they are produced to avoid the risk of
Fig. 4. Harvesting of cassava tubers cross-contamination. Washing should be carried out thoroughly to
 avoid contamination of the final product with pect, sand and so on.
Storage of Roots Formulation must be properly controlled, as too short a period will
After harvesting where it cannot be processed immediately cover result in incomplete detoxification and a bland product, while too long
cassava roots with jute bags and sprinkle water on it to keep moist and a period will give the product a strong sour taste. Both ‘over’ – and
store for 2 – 4 days before processing. Cassava roots stored longer ‘under’ – formulation badly affect the texture of the final garri.
than this period does not produced good quality products because there","NAERLS Cassava Production, Processing and Utilization in Nigeria",https://naerls.gov.ng/wp-content/uploads/2022/11/CASSAVA-Production-Processing-and-utilization.pdf,12,official_naerls_bulletin
naerls_0015,cassava,official_extension_bulletin,cassava too much liquid pressed grated grating unit operation size reduction helps gelatinization starch during subsequent toasting affected free moisture break cell walls crops product whiter sufficient removed formation initiates enzymes reactions granules dough likely chipping makes form lumps ideal content manual motorized slicer chipper,"If too much liquid is pressed from the grated cassava, the d. Grating: This unit operation is used for size reduction. It helps
gelatinization of starch during subsequent toasting is affected and the to free the moisture, break the cell walls of the crops and
product is whiter. If sufficient liquid is not removed, the formation of initiates enzymes reactions
granules during toasting is affected and the dough is more likely to e. Chipping: This unit operation is for size reduction. It makes
form into lumps. The ideal moisture content is 47 – 50% and this is use of a manual or motorized slicer or chipper. In manual
assessed visually by experienced garri producers. chipping the roots should be thinly sliced to facilitate the
Sieving is important to obtain a high – quality product, free of fibrous drying process.
contaminants and with similar-sized granules. The granules must be f. Drying: This unit operation is used to reduce the moisture
toasted to about 800C/1750F to achieve partial gelatinization of the content of the processed crop. The operation is done using
starch. If lower temperatures are used, the product simply dries and solar heat or mechanical dryers such as flash dryer or cabinet
produces a dry white powder. Too high temperatures will cause drier (Plate B)
charring of the product and make it stick to the toasting pan. g. Frying: This provide means of frying the filtered product to
Processing Of Cassava gari using oven (Plate C).
Cassava roots contain 70% (or more) water and therefore cannot store h. Packaging: In packaging, adequate packaging material is
for more than 3-4 days after harvesting. Both the roots and leaves necessary to avoid moisture and extraneous materials uptake
contain cyanide (HCN) and are therefore not eaten without processing from the storage environment (Plate D).
except the sweet cassava variety. i. Storage: Storage rooms should be well ventilated, of low
Cassava is a reliable food security crop. It is a crop that is extensively humidity and free from insects and rodents.
used in trade. Cassava processing essentially involves the conversion
of the fresh root into other forms acceptable to consumers. There are Plate A. Cassava grating machine
numerous ways of processing and consuming cassava depending on
locality. The successes achieved by increasing yields in cassava
production requires to be adequately matched with increasing
processing of cassava roots into various food forms since cassava roots
are liable to high deterioration.
Cassava processing is a step by step task employed during the
conversion of cassava roots into various products. They include:
 a. Sorting/selection of raw material: Matured and wholesome
 roots should be selected for processing as this has a direct
 impact on the product yield and quality.
 b. Peeling: This eliminates the peel (the inedible portion) which
 is usually high in fiber and may contain certain anti-nutritional
 factors.
 c. Washing: This is aimed at eliminating dirt and other
 extraneous matter.","NAERLS Cassava Production, Processing and Utilization in Nigeria",https://naerls.gov.ng/wp-content/uploads/2022/11/CASSAVA-Production-Processing-and-utilization.pdf,13,official_naerls_bulletin
naerls_0016,cassava,official_extension_bulletin,cassava constraints traditional non availability ready labour due immigration results processing high costs value chain packaging storage environmental factors product hygroscopic absorbs moisture air during raining season sunshine temperature should packed airtight proof bags especially areas low drying humid humidity prevent spoilage mould growth savannah,"CONSTRAINTS IN (TRADITIONAL) CASSAVA - Non availability of ready labour due to immigration results in
PROCESSING:- high labour costs in the cassava value chain.
 Packaging and Storage
A. Environmental Factors:- The product is hygroscopic (it absorbs moisture from the air) and
 - During the raining season, the sunshine and temperature are should be packed in airtight moisture-proof bags, especially in areas of
 low for processing and drying in the humid areas. high humidity, to prevent spoilage due to mould growth.
 - In the savannah zone, acute shortage of water hinders cassava
 processing which usually requires a lot of water. Channel of Marketing Cassava Produce
 - The dry matter content is usually lower in the early rainy This refers to all the linkages or pathways through which cassava
 season than in the dry season therefore resulting in seasonal produce have to pass through before they get to the final consumers.
 yield differences.
 - During the dry season when the dry matter is highest, the soil is The Cassava Value Chain
 too hard for harvesting resulting in lot of breakages/damages Fig 10: Represents the cassava value chain. This refers to all the
 and high labour cost. linkages or pathways through which cassava produce have to pass
 through before they get to the final consumer
B. Varietal Factors:-
The root shapes and sizes resulting from differences in cassava
varieties result in differences in harvesting and peeling times.
Irregular shapes result in losses during peeling. Small roots consume
more labour during peeling. Differences in dry matter and starch
content resulting from different varieties affect quality of processed
material. Different cassava varieties have different cyanide contents.
Bitter cassava varieties have higher cyanide content than the sweet
varieties.
C. Agronomic Factors:-
 - Time of planting, harvesting and age of cassava at harvesting
 affect the starch, root yield and quality of product.
D. Socio Economic Factors:-
 - Difficulties in harvesting especially during dry season affect
 labour availability and cost.
 - Transportation difficulties due to lack of good roads and none
 availability of vehicles result in high transport costs from the
 farm to the markets or collection centers.
 - Lack of processing machines and none availability of spare
 parts plus high fuel costs affect processing costs.","NAERLS Cassava Production, Processing and Utilization in Nigeria",https://naerls.gov.ng/wp-content/uploads/2022/11/CASSAVA-Production-Processing-and-utilization.pdf,20,official_naerls_bulletin
naerls_0017,cassava,official_extension_bulletin,cassava references akinola iyela ogunbaremu socio economic analysis rural woman involvement agro processing sabon gari kaduna state conf agric society nigeria asn akpabio women agricultural development nwachukwu onyekwusi eds extension sociology snaap press enugu andrews kassam importance multiple cropping increasing world food supplies pages agronomy,"REFERENCES
Akinola, U.B.M. Iyela and B.O. Ogunbaremu (2007). Socio-economic
 analysis of Rural Woman’s Involvement in Agro-Processing
 Sabon-Gari L.G.A. Kaduna State. In: Processing of the 41st
 Conf. of the Agric. Society Nigeria (ASN) 2007. Pp. 616 –
 623.
Akpabio, I.A. (2005). Women and Agricultural Development in:
 Nwachukwu I. and Onyekwusi, G (eds), Agricultural Extension
 and Rural sociology in Nigeria snaap press, Enugu.
Andrews D. J. and Kassam A.H. (1976). The importance of multiple
 cropping in increasing world food supplies. Pages 1-10. In:
 Multiple Cropping. Agronomy Society of America (ASA)
 Special Publication No 27. Madison, Wisconsin, USA.
Felix Nweke and Eric Tollens, (2002). “Contribution of man and
 women to food crop production labour in Africa: Information
 from COSCA”, outlook on Agriculture Vol. 31, No. 4 2002.
 Pp. 259 – 265.
National Agricultural Extension Liaison Services (NAERLS) and
 National Food Reserve Agency (NFRA) (2009). Annual
 Agricultural Performance Survey Report of Nigeria. Pp. 70.
National Root Crops Research Institute (NRCRI) (2000). Annual
 Report.
National Root Crops Research Institute (NRCRI) (2006). Annual
 Report, Umudike, Abia State, Nigeria. 14(11): 36 – 38.
Nwakor, F.N, K.C. and Okoro, B.O. (2007). Adoption of cassava
 value added technologies among women farmers in Ohafia
 Agricultural zone of Abia State Nigeria. Proceeding of the
 Sixteenth Annual Congress of the Nigeira Rural sociological
 Association, held at Bowen University Iwo, Osun State,
 Nigeria – 13th – 17th August, 2007. Pp. 37 - 40","NAERLS Cassava Production, Processing and Utilization in Nigeria",https://naerls.gov.ng/wp-content/uploads/2022/11/CASSAVA-Production-Processing-and-utilization.pdf,22,official_naerls_bulletin
naerls_0018,maize,official_extension_bulletin,maize authors wish express profound gratitude management naerls giving opportunity perform task several individuals who provided different levels assistance helped team achieving particularly grateful two assistant directors organization support cooperation resourceful force members appreciate effort secretarial especially organizing manuscripts our goes scientists whose works formed,"The authors wish to express profound gratitude to the
 management of NAERLS, for giving us the opportunity to
 perform this task and to several individuals who provided
 different levels of assistance that helped that team in achieving the
 task. We are particularly grateful to the two Assistant Directors of
 the organization for their support, the cooperation and resourceful
 support of the Task Force members. We also appreciate the effort
 of secretarial team especially in organizing the manuscripts. Our
 profound gratitude goes to the scientists whose works formed the
 basis of this publication. Production, Marketing, Processing &
Utilization In Nigeria The production of this Maize Bulletin was supported
 by
 West Africa Agricultural Productivity Programme (WAAPP - Nigeria)
Extension Bulletin No. 217
National Agricultural Extension Research Liaison Services","NAERLS Maize Production, Marketing, Processing and Utilization in Nigeria",https://naerls.gov.ng/wp-content/uploads/2022/11/MAIZE-Production-Marketing-Processing-Utilization-In-Nigeria.pdf,1,official_naerls_bulletin
naerls_0019,maize,official_extension_bulletin,maize page one most important staple food crops nigeria among cereals largest area devoted introduction cultivation indeed production country continues expand because technological breakthroughs value chain very crop human beings livestock major cereal input feed industrial dominant grain savannah zones fresh vegetable forest belt farm,"Page Maize is one of the most important staple food crops in Nigeria.
 Among the cereals, it has the largest area devoted to it
Introduction .. .. 3 cultivation. Indeed, its production area in the country continues
 to expand because of technological breakthroughs. Maize is a
Maize value chain .. .. 4 very important food crop for human beings and for livestock.
 Maize is a major cereal and one of the most important food,
Input .. .. 6 feed and industrial crops in Nigeria. It is the most dominant grain
 crop in the savannah zones and fresh vegetable in the forest belt
Farm production .. .. 7
 where it is cultivated twice in a year. It has become an
Cultural practices .. .. 8 important irrigated crop and increasingly being used as a
 coping strategy against the ever worsening climatic anomalies
Processing .. .. 24 throughout the country'. Over fifty million farmers grow
 maize every year while over ninety million people are employed in
Marketing .. .. 32 its processing and usage daily. Maize provides energy, vitamins
 and has some amount of protein. Output of maize continued to
Quality aspects .. .. 32 increase in Nigeria in response to demand. The livestock
 industry consumes more than half of the total maize production
Consumption .. .. 34 annually. During the era of Commodity Boards, the Nigerian
 Grains Board coordinated marketing of maize in Nigeria. With
References .. .. 39 the scrapping of the Commodity Boards, no other institutional
 arrangement has been put in place for maize marketing until
 2003, when the Arable Crops Marketing and Development
 Company (ACMDC) was established (Idachaba, 2004). The
 establishment of Arable Crops Marketing and Development
 Company was an integral part of the food security programme,
 which brought about the re-activation of the strategic grain
 reserve scheme. Under the scheme about thirty-three silo
 complexes were built to support national food security stock.
 Maize constitutes about 70% of annual grains stock in the silos
 and 40% of the grains in food aids. In this bulletin, we provide
 some insights on how maize value chain operates with","NAERLS Maize Production, Marketing, Processing and Utilization in Nigeria",https://naerls.gov.ng/wp-content/uploads/2022/11/MAIZE-Production-Marketing-Processing-Utilization-In-Nigeria.pdf,2,official_naerls_bulletin
naerls_0020,maize,official_extension_bulletin,maize emphasize technical information ensure optimum product service conception different performance chain phases production involving combination physical transformation input various services delivery trend final customers disposal kaplinsky forecasts put nigeria morris million tones expected rise favourable prices entice farmers cultivate who actors,"emphasize on technical information that ensure optimum product or service from conception through the different
performance of the chain. phases of production (involving a combination of physical
 transformation and the input of various services), to delivery to
Production trend final customers, and final disposal after use (Kaplinsky and
Forecasts put the production of maize in Nigeria at about 10 Morris, 2004).
million tones. This is expected to rise as favourable prices entice
more farmers to cultivate maize. Who are the actors?","NAERLS Maize Production, Marketing, Processing and Utilization in Nigeria",https://naerls.gov.ng/wp-content/uploads/2022/11/MAIZE-Production-Marketing-Processing-Utilization-In-Nigeria.pdf,3,official_naerls_bulletin
naerls_0021,maize,official_extension_bulletin,maize production value chain actors individuals institutions year growth rate million conduct transactions particular product moves these may include input suppliers farmers traders processors transporters wholesalers retailers final consumers many cases there than one type actor well multiple channels supply market major functions within most,"Production Value chain actors are those individuals or institutions that
 Year Growth Rate
 (Million MT) conduct transactions in a particular product as it moves
 2008 7.97 22.62 % through the value chain. These may include input suppliers,
 farmers, traders, processors, transporters, wholesalers, retailers,
 2009 8.90 12.30 %
 and final consumers. In many cases, there is more than one
 2010 8.80 -1.68 % type actor, as well as multiple channels that supply more than
 2011 9.25 5.11 % one final market.
 2012 8.71 -1.73 %
 The major functions of actors within the value chain
 2013 10.29 11.3% As with most agricultural value chains, the main functions in
 the maize value chain starts with market demands which
 stimulate the need to produce. This is determined by
 National Demand consumers- household and industrial consumers. If there are no
 National requirement for maize is estimated at about 16 demands the actors component for MVC would remain
 million tons. With production around 10.3 million tons in unprogressive. The activities of MVC include input supply,
 2013, supply deficit is about a shortfall of about 5.7 million moving onto production, harvesting, post- harvest handling
 tons. and storage. Each of these functions is carried out by different
 types of actors, using different types of technologies and
 What is a value chain? interacting with different participants in the value chain.
 The flow of maize from production points through processing
 to the market occurs along a chain. This can be referred to as
 Maize Value Chain (MVC) because as the product moves from
 chain actor to another, such as from producer through
 intermediaries to consumers, value is added. A value chain is
 the full range of activities which are required to bring a","NAERLS Maize Production, Marketing, Processing and Utilization in Nigeria",https://naerls.gov.ng/wp-content/uploads/2022/11/MAIZE-Production-Marketing-Processing-Utilization-In-Nigeria.pdf,3,official_naerls_bulletin
naerls_0022,maize,official_extension_bulletin,maize input supply stage concerned sourcing raw entire process often affects price quality materials required agricultural production processing trade diversity products inputs farm carried out farmers different key efficient good seed sizes farms may range less than one hectare fertilizers crop protection water land soil,"Input supply: This stage is concerned with sourcing of raw the entire process often affects the price and quality or
materials required for agricultural production, processing, and trade. diversity of the products. Production inputs Farm Production: This is carried out by farmers with different
The key inputs for efficient maize production are good seed, farm sizes. Farms may range from less than one hectare to
fertilizers, crop protection products, water and land (soil). thousands of ha) using different types of technology (from hand
 hoe to large tractors), applying different levels of inputs and
Processing inputs with significantly different yield level. This stage is concerned
The key inputs for efficient maize processing include knives with primary agriculture production and ends with the sale of a
(manual peeling) Big bowls (for manual washing) Mechanical raw commodity at the farm gate. These transactions may occur
washing machine, grinding machine De-watering (drying) literally at the farm gate or at some other point where the farmer
device ( machine or traditional), Filter or sieve, Fryer, Packing hands over ownership of the product to the next value chain
Material e.g. bags. participant. For maize, most of the initial processing operations
 such as the shelling or bagging of dry grain may take place at the
Marketing/trade inputs farm level. Maize producers’ has different primary objectives
The key inputs for efficient maize marketing are good seed, either for primary consumption or for commercial sale.
fertilizers, crop protection products and water. Others include:
store/ ware house, Bags, Basins, Wheel barrow, Transport, Climate and soil requirement for maize production
Market (where sellers and buyers meet) and Consumers.
 Maize is grown over a wide range of climatic conditions because of its
 many divergent types. Sellers of all soil fertility improvement and
Inputs may either be procured locally or imported. The final weather apparatus constitute stakeholders related to soils and climate.
value of an input depend on where it was purchased and may
include all manufacturing costs, transportation costs, customs Temperature requirement
duty and tax, and unofficial payments incurred up to that point.
The efficiency of a country’s input supply system therefore has Maize crop requires warm climate throughout the period of its active
a major bearing on the performance of the entire value chain. life. It does not tolerate low temperature below 13oC which may occur
These often come from interconnected market systems (i.e. during the dry harmatan period, in which germination is low. During
separate value chains such as seed supply, fertilizers) with their harmatan periods, fresh maize cobs are in great demand and are often
own segmentation of end users (i.e. small farmers, large scarce because supply is low.
farmers) and their own business models. Input suppliers have
their own distribution channels and strategies via which they
sell their products to the end consumers. The cost of financing","NAERLS Maize Production, Marketing, Processing and Utilization in Nigeria",https://naerls.gov.ng/wp-content/uploads/2022/11/MAIZE-Production-Marketing-Processing-Utilization-In-Nigeria.pdf,4,official_naerls_bulletin
naerls_0023,maize,official_extension_bulletin,maize minimum range well distributed rainfall adequate depending variety planted irrigation thus production domain confined geographical areas rainfalls land preparation southern parts country where vegetation cover fairly dense clearing should carried out ahead rains make fig mechanized animal traction manual ridges soon start although crop,"A minimum range of 480-880mm of well distributed rainfall is adequate
for maize depending on the variety. Maize can be planted under
irrigation. Thus its production domain is not confined to the
geographical areas that have adequate rainfalls. Land preparation (c)
In the southern parts of the country where vegetation cover is fairly
dense, land clearing should be carried out well ahead of the rains. Make Fig. 2: Land preparation for maize: (a) mechanized (b) animal traction and
 (c) manual
ridges as soon as the rains start. Although the crop benefits from the
deep cultivation, maize yields are not reduced when zero tillage is
adopted. For high grain yield, sow maize in well prepared ridges of Planting date
75cm apart. Because the soils in the savannas are loose, animal drawn
implements can be used for preparing ridges or by had hoe and tractor Plant as soon as the rains are established, preferably immediately after a
mounted tillage equipment. good rain. The establishment of the rains varies according to the
 different ecological zones and from one year to another. However,
 optimum planting date in the major ecological zones usually lies within
 the following ranges:","NAERLS Maize Production, Marketing, Processing and Utilization in Nigeria",https://naerls.gov.ng/wp-content/uploads/2022/11/MAIZE-Production-Marketing-Processing-Utilization-In-Nigeria.pdf,5,official_naerls_bulletin
naerls_0024,maize,official_extension_bulletin,maize company agents community based seed production associations request agricultural development project offices near you information sources good quality seeds other inputs table ecology variety characteristics lowland tropics sammaz high yield medium maturity striga tolerance early drought fig planting prone highly tolerant areas resistant streak,"company agents and community based seed production associations.
 Request from the Agricultural Development Project offices near you
 information on sources of good quality seeds and other inputs. Table 1
 ECOLOGY VARIETY CHARACTERISTICS
 Lowland Tropics Sammaz 17 High yield, medium maturity
 and Striga tolerance
 Lowland Tropics Sammaz 18 High yield, early maturity and
 striga tolerance
 Lowland Tropics Sammaz 19 High yield, Drought and Striga
 .
 tolerance
 Fig. 3: Planting maize seeds Drought prone Sammaz 20 Highly tolerant to drought with
 areas and 2nd resistant to streak and tolerant
 season planting in to low soil nitrogen
 Southern Nigeria
 Drought prone Sammaz 21 Highly tolerant to Striga
 areas with striga hermonthica infestation
 hermonthica
 infestation
 Drought prone Sammaz 22 Highly tolerant to drought with
 areas of Northern resistance to streak and
 Guinea Savannah tolerance to low soil nitrogen
 Drought prone Sammaz 23 Highly tolerant to drought with
 areas of Northern resistance to streak and
 Guinea Savannah tolerance to low soil nitrogen
 Drought prone Sammaz 24 Highly tolerant to drought with
 Fig. 4: Well prepared and planted land areas of Northern resistance to streak and
 Guinea Savannah tolerance to low soil nitrogen
 Drought prone Sammaz 25 Highly tolerant to drought with
Recommended maize varieties areas of Northern resistance to streak and
 Guinea Savannah tolerance to low soil nitrogen
Recommended drought tolerant maize varieties are presented on Table Wide adaptation Sammaz 26 Highly tolerant to drought with
1. Purchase certified seeds from reputable sources such as seed resistance to streak and","NAERLS Maize Production, Marketing, Processing and Utilization in Nigeria",https://naerls.gov.ng/wp-content/uploads/2022/11/MAIZE-Production-Marketing-Processing-Utilization-In-Nigeria.pdf,6,official_naerls_bulletin
naerls_0025,maize,official_extension_bulletin,maize tolerance low soil nitrogen nigerian savanna sammaz medium maturity good stay lowland tropics drought tolerant striga green excellent husk cover resistant yellow grain colour quality widely adaptation highly grains resistance streak virus disease hermonthica infestation sudan savannah improvement over transition tzee pop str zones,"tolerance to low soil nitrogen Nigerian Savanna Sammaz 36 Medium maturity, good stay
Lowland Tropics Sammaz 27 Drought tolerant and Striga green, excellent husk cover and
 resistant yellow grain colour
Lowland Tropics Sammaz 28 Drought and Striga tolerant Nigerian Savanna Sammaz 37 Medium maturity, good quality
Widely adaptation Sammaz 29 Highly tolerant to low soil yellow grains, tolerant to maize
 nitrogen with resistance to streak virus disease and Striga
 streak hermonthica infestation
Sudan Savannah Sammaz 32 Improvement over Sammaz 28 Nigerian Savanna Sammaz 39 Medium maturity, good quality
and transition (99TZEE-Y pop STR) yellow grains, tolerant to maize
zones between *Extra early maturity streak virus disease and Striga
Sudan and *Yellow grain colour hermonthica infestation
Northern Guinea
Savannah
Middle-belt Zone Sammaz 30 Highly tolerant to low soil Seed treatment
of Nigeria nitrogen with resistance to
 Treat maize seeds before planting using recommended dressing
 streak
 chemicals in order to protect them against soil borne pests, diseases and
Sudan Savanna Sammaz 31 Early maturity, prolific cob
and Transition bearing, good stay green, good bird attack before and after germination. Recommended chemicals for
zones between quality fodder and white grain treating seeds include Marshal 2% dust, Apron Star 50DS, Allstar,
Sudan and colour. Dress force, Seed plus and others. Use 10g to treat between 2 and 5kg
Northern Guinea of seed depending on the brand of seed dressing chemical available.
Savanna Wash your hands thoroughly, with soap and water after treating the
Sudan Savanna Sammaz 33 Improvement over Sammaz ** seeds and after planting treated seeds. Read the label of all agrochemical
and Transition (2000SYNW STR) products before using the products.
zones between *High yielding Extra early
Sudan and maturity, White QPM Spacing and Planting
Northern Guinea
Savanna Plant at spacing of 75cm x 50cm when two plants per stand or 75 x
Sudan Savanna Sammaz 35 Early maturity, good white 25cm when one plant per stand is adopted.
and Transition grain quality and resistance to
zones between Striga hermonthica
Sudan and
Northern Guinea
Savanna","NAERLS Maize Production, Marketing, Processing and Utilization in Nigeria",https://naerls.gov.ng/wp-content/uploads/2022/11/MAIZE-Production-Marketing-Processing-Utilization-In-Nigeria.pdf,7,official_naerls_bulletin
naerls_0026,maize,official_extension_bulletin,maize inter crop spacing should made wider than sole cropped practice alternating rows other crops recommended will allow adoption packages each fertilizer application nutrients single super phosphate supa per hectare sudan ecology kano katsina bauchi zamfara gombe states northern guinea savanna kaduna niger adamawa rate,"inter-crop, the spacing should be made wider than for sole cropped
 maize. The practice of alternating rows of maize with other crops is
 recommended, as this will allow the adoption of recommended
 packages for each crop. Fertilizer application
 The fertilizer nutrients recommended for maize is 100kg N, 50kg of
 single super phosphate (SUPA) and 50kg K2O per hectare in the Sudan
 ecology (Kano, Katsina, Bauchi, Zamfara, Gombe States) and 120kg N,
 60kg P, and 60kg of k in the Northern Guinea Savanna (Kaduna, Niger,
 Adamawa States). The recommended N-fertilizer rate should be applied
 Fig.5: 1 seed per hole planted maize in two split applications. First dose is applied at planting or within the
 first week of planting (that is 50:50:50) using about 6 bags of NPK 15-
 15-15 while the 2nd dose of 50kg N (about two bags of urea) should be
 applied between 4 and 5 weeks after planting in the Southern and
 Northern Guineas Savannah zones but between 3 and 4 weeks after
 planting in the Sudan to extra early maize varieties. All fertilizers
 should be buried during application. Weed the maize farm again before
 the application of the second fertilizer dose.","NAERLS Maize Production, Marketing, Processing and Utilization in Nigeria",https://naerls.gov.ng/wp-content/uploads/2022/11/MAIZE-Production-Marketing-Processing-Utilization-In-Nigeria.pdf,8,official_naerls_bulletin
naerls_0027,maize,official_extension_bulletin,maize wherever economically feasible herbicides control weeds farm important note effectiveness enhanced very good land preparation herbicide recommendation provided table below both large scale small scaled farmers fig fertilizer application many parts savanna zones striga notorious parasitic weed severe infestation seedlings usually seriously early extra,"Wherever economically feasible to do so, herbicides can be used to control
 weeds on a maize farm. It is important to note that the effectiveness of the
 herbicides is enhanced by very good land preparation. The herbicide
 recommendation provided on Table 2 below is for both large scale and
 small scaled maize farmers. Fig. 6b: Fertilizer application in maize In many parts of savanna zones, Striga is a notorious parasitic weed of
 maize. Under severe infestation, the maize seedlings are usually seriously
For early and extra early varieties, note that delay in the application of attacked even before emergence of the Striga, with the maize seedlings
 looking yellowish, stunted, and wilting. To effectively control Striga
the first dose of fertilizer beyond the first week after planting will
 various methods need to be implemented in an integrated fashion. The
drastically reduce the grain yield. Also the second dose should not be control options that should be integrated include rotation with soybean, use
delayed beyond 4 weeks after planting. Apply the fertilizer in small of tolerant/ resistant varieties, application of the recommended fertilizer
qualities of two coca cola cap fill with NPK poured into a hole made rate and other cultural practices.
with a stick at a distance of about 5 – 8cm away from the maize plant
and below the soil surface at the first application and one coca cola cap
fill with urea during the second application. Do not leave applied
fertilizers exposed on soil surface in order to minimize the loss of
nutrient to the atmosphere. Always cover applied fertilizer with soil.","NAERLS Maize Production, Marketing, Processing and Utilization in Nigeria",https://naerls.gov.ng/wp-content/uploads/2022/11/MAIZE-Production-Marketing-Processing-Utilization-In-Nigeria.pdf,9,official_naerls_bulletin
naerls_0028,maize,official_extension_bulletin,maize product rate quantity condition remarks sprayer lts glyphosate lit mls before land wait days preparation application paraquat apply pre dissolve plus emergence atrazine powder crop clean water germinate spray liquid within three planting thus should dissolved will give note premextra chemical fill gold one,"PRODUCT RATE QUANTITY/ CONDITION OF REMARKS
 SPRAYER USE
 (15Lts)
Glyphosate 4lit. 350mls Before Land Wait for 10 days
 preparation after application
 before land
 preparation
Paraquat 3lit. of 250mls of Apply pre- Dissolve the
plus paraquat paraquat emergence atrazine powder in
atrazine plus 5-6 plus 550- (before the crop clean water before
 lit. of 600 mls of germinate).Spray use, at the rate of
 liquid OR atrazine within three days 1kg in 1lit. of clean
 2.5 3kg of after planting. water. Thus the
 powder three kg should be
 atrazine dissolved in 3 lit. of
 water. This will give
 about 6lit of
 atrazine.
Paraquat 3lit. of 250mls of Apply pre- Note that about
plus paraquat Paraquat emergence 150mls of liquid
Premextra plus 2-3 plus 250- (before the crop chemical will fill
Gold lit. of 300mls of germinate).Spray one container of
 Premextra Premextra within three days liquid peak milk of
 Gold Gold. after planting. standard size.
Paraquat 3Lit. of 300-350mls Note that about
plus Lasso Paraquat of Lasso GD 150mls of liquid
GD plus 3- chemical will fill
 4lit. of one container of
 Lasso GD liquid peak milk of
 standard size.","NAERLS Maize Production, Marketing, Processing and Utilization in Nigeria",https://naerls.gov.ng/wp-content/uploads/2022/11/MAIZE-Production-Marketing-Processing-Utilization-In-Nigeria.pdf,10,official_naerls_bulletin
naerls_0029,maize,official_extension_bulletin,maize pests diseases control stem borers attack especially second season crop southern nigeria significant where downy mildew common yet serious problems except single spray mls cypermethrin striga termites storage lamdacyhalothrin properly timed adequate while adopting seed treatment helps when consumed fresh harvesting should conducted silk,"Pests and Diseases and their Control Stem borers (SB) attack on maize especially on second season crop in
 southern Nigeria is significant where downy mildew is also common. A
Pests and diseases are not yet serious problems in maize except for single spray with 100-120mls of Cypermethrin 10 EC or 80-100 mls of
Striga, stem borers termites and storage pests. lamdacyhalothrin 2.5EC properly timed is adequate to control stem
 borers while adopting seed treatment helps to control downy mildew.
Stem borers When maize is to be consumed fresh, harvesting should be conducted
 when the silk has turned brown (55 – 70 days after planting). But when
 grains are needed, harvest as soon as grains are dry enough (80 – 110
 days after planting depending on the variety). In harvesting, the cobs
 can be broken by hand from the plant or the whole plant can be cut with
 a cutlass. Where the entire plant is harvested, they are often stacked in
 the field to allow the grains to dry further. In the humid zones, the crop
Fig. 8: Stem borer damage can be dried in a traditional ventilated granary or crib.","NAERLS Maize Production, Marketing, Processing and Utilization in Nigeria",https://naerls.gov.ng/wp-content/uploads/2022/11/MAIZE-Production-Marketing-Processing-Utilization-In-Nigeria.pdf,11,official_naerls_bulletin
naerls_0030,maize,official_extension_bulletin,maize iii double intake disc may hand pedal engine operated fig harvested cobs method determine mainly output although multi crop threshers often available hire storage control pests grain cleaning meant future should dried moisture content properly stored done wind winnowing screens proper size major weevils,"iii. Using double intake disc (may be hand/pedal/engine operated)
 Fig. 12: harvested maize cobs
The method to use is determine mainly by output, although engine
operated multi-crop threshers is often available for hire. Storage and control of storage pests
Grain cleaning: Maize meant for future use should be dried to 10 to 12% moisture
 content and properly stored.
This can be done by using the wind for winnowing or use of screens of
proper size. The major storage pests of maize are grain weevils (Sitophilus spp. and
 Tribolium spp.). Infestation may be by insects already present where
Yield
 maize grains had previously been stored or by cross infestation between
The average yield of maize is between 2,500 and 4,500kg/ha of stores or by cross infestation between granaries during storage. Apart
threshed grains depending on the level of inputs used. Adoption of from the hygienic condition of granary, chemical control measures may
recommended fertilizers, varieties, seed-dressing and improved cultural be employed as illustrated below. Maize that will be stored for six
practices ensures high yields. months or more should, in addition to proper cleaning condition in the
 store, be treated with primophos methyl 2% at the rate of 500g per ton.
 It may be noted that this product may be difficult to obtain in many
 markets. Request assistance from the Agricultural Development Project
 near you.","NAERLS Maize Production, Marketing, Processing and Utilization in Nigeria",https://naerls.gov.ng/wp-content/uploads/2022/11/MAIZE-Production-Marketing-Processing-Utilization-In-Nigeria.pdf,12,official_naerls_bulletin
naerls_0031,maize,official_extension_bulletin,maize threshed grains equivalent cobs should storage take place farm privately owned spread store managed warehouses publicly sites often government food reserve parastatal agencies accredited one half large match box full acetilic dust electronic warehouse linked commodity exchange market measured technologies management relations will vary,"b. About 22.73kg of threshed grains equivalent of cobs should be Storage: This can take place on farm, in privately owned and
 spread in the store. managed warehouses, in publicly owned storage sites often managed
 by government (food reserve) or parastatal agencies or accredited
c. One and a half large match-box full of Acetilic dust should be electronic warehouse linked to commodity exchange market. The
 measured. technologies and management relations will vary depending on
 adopted storage system.
d. The dust should be sprinkled evenly over the cobs in store.
 Processing: The processing stage involves the transformation of
e. Another layer of cobs should be added to give 22.73kg of threshed agriculture raw materials into one or more finished internationally
 grains and this should be repeated until all the maize is treated and traded goods. Raw commodities, of course, are also traded and this
 the store is full. stage may not apply to every crop. This is the final step in the value
 chain before marketing. This step also has a broad array of
f. The store for granary should be tightly closed.
 technologies and interrelationships. The processing might target
The use of Phostoxin tables or pellets may, alternatively be employed to direct maize meal consumption (the simplest, but most predominant
store more maize in air-tight container or large storage in sacks. Large use) or animal feeds, where the maize is mixed with other products
scale storage in bags such as pyramids will require complete cover with to produce compound feeds or maize-based prepared products. The
tarpaulin after application with 4- 6 tablets or pellets per tone. The end markets for maize varied – split between direct consumption of
tablets or pellets should be enclosed in perforated envelopes or maize flour or finished manufactured products.
newspaper. Such storage should not be disturbed frequently for greater Processing
effectiveness. i. Cottage processing
 Maize is processed into different products for various uses at the
Notes: Whenever phostoxin tablets are used, ensure the Store or
 traditional or home level. In Nigeria, traditional processing of maize
 container is air-right to avoid the escape of fumes because they
 has been by pestle and mortar, and at times by stone grinding.
 are extremely poisonous to human beings when inhaled. Do not
 However, significant changes occur in the process of maize for major
 keep grains treated with phostoxin in living room.
 end users. The mortar and pestles and stone grinding are being replaced
 Assembly: This stage involves the collection of agricultural produce by motor operated mills located in market places and even in some
 from many farmers and delivery of the raw material to a factory for households (Mitta and Kaml, 1983). Manufacturers are fabricating
 industrial processing or packaging. In the case of livestock plate mills using electric motors or petrol engines for grinding maize.
 operations, assembly is defined in a broader sense to include the Some millers dehull (digestion) the maize, before milling on a premier
 feedlot process for delivery of fattened animals to an abattoir. or hammer will produce flour (Adeyemi, 1993)
 Bagging and simple grading of crops can also occur at this stage
 depending on arrangements made at the first point of sale.","NAERLS Maize Production, Marketing, Processing and Utilization in Nigeria",https://naerls.gov.ng/wp-content/uploads/2022/11/MAIZE-Production-Marketing-Processing-Utilization-In-Nigeria.pdf,13,official_naerls_bulletin
naerls_0032,maize,official_extension_bulletin,maize cottage processing uses following methods convenience foods meet nutritional health requirements put nigerians corn human industrial cleaning first step clean necessary products remove foreign material might contaminate final product debris stones may damage utensils large scale utilization largely determined quality characteristics grains terms winnowing,"Cottage processing of maize uses the following methods: convenience foods that meet nutritional and health requirements has put
 the Nigerians in the use of corn for human foods and industrial
Cleaning: The first step is to clean the maize. This is necessary to products.
remove foreign material that might contaminate the final product and to
remove debris, stones that may damage processing utensils - Large Scale: Industrial utilization of maize is largely
 determined by the quality characteristics of the grains in terms
Winnowing: Winnowing further removes finer particles within the of its physical and chemical attributes of the kernel (Adeyemi,
maize 1993).
Washing: In clean water to remove dust and other particles. i. Feed uses: Animal feed accounts for 70 percent or more of
 total maize utilization. Maize is the feed ingredient of choices
Drying: Sun drying maize before milling this produces uniform and in formula feeds because of its low cost and high degree of
more flour when maize is milled. consistency
Roasting: Refers to dry treatment of process maize, the dry heat ii. Crop residue: utilization (Forge uses): Crop residue are
renders the maize brittle and the said coat subsequently cracks thereby basically high energy concentrates and natural supplements to
making it easy to mill or use. Roasting improves the maize flavor and protein-rich feeds. These residues are used mainly during the
texture. month of November – April. The use of maize in as forage
Soaking: Is the pre-treatment given to maize for easy fermentation and introduces another critical actor- herdsmen/livestock sector into
fast cooking of whole maize. it value chain.","NAERLS Maize Production, Marketing, Processing and Utilization in Nigeria",https://naerls.gov.ng/wp-content/uploads/2022/11/MAIZE-Production-Marketing-Processing-Utilization-In-Nigeria.pdf,14,official_naerls_bulletin
naerls_0033,maize,official_extension_bulletin,maize milling could milled paste when sacked cooked iii alkaline utilization traditional powder depending type food preparation method cereal tortillas flat circular waiser mills grit pate steamed products dough pieces baked griddle while finer one flour treated spices condiments other ingredients produce large variety sieving,"Milling: Maize could be milled into paste when sacked or cooked or iii. Alkaline utilization of maize: Maize has been the traditional
powder depending on the type of food preparation method to be used. cereal for the preparation of tortillas. Tortillas are flat circular
The waiser mills of maize (grit) is used for pate or steamed products, dough pieces that are baked on a griddle. The maize can be
while the finer one is the flour. treated with spices, condiments and other ingredients to produce
 a large variety of products.
Sieving: Finer flour of milled maize sieved to remove unwanted
particles. iv. Maize in the baking, soft drinks and confectionery
 industries: In many African countries, maize is one of the local
Sprouting: Maize is soaked in water for two or more days. Drain off sources of flour for the baking industries. It is used in the
the water and cover with clean wet jute bag for deliberate sprouting of production of composite bread, muffins, fibers, pancakes,
maize. Sprouting maize are used in recipes as desired. biscuits, and doughnut. Maize formulas often include wheat
 flour (composite flour) in production.
Large scale utilization
 v. Pop-corn Production: Popcorn is a popular snack.
Maize is major cereal crop. It is consumed in diversified forms to meet Consumers’ wants popcorn that is tender, good tasting, free
taste, preference and environment. Maize utilization pattern as human from hulls.
food is changing tending more toward the fast foods. The demand for","NAERLS Maize Production, Marketing, Processing and Utilization in Nigeria",https://naerls.gov.ng/wp-content/uploads/2022/11/MAIZE-Production-Marketing-Processing-Utilization-In-Nigeria.pdf,14,official_naerls_bulletin
naerls_0034,maize,official_extension_bulletin,maize fermentation distilling major industrial processing based types kind three methods exist omueti various alcoholic beverages products produced dry milling industries malting converts starch sugar help amylase enzyme found wet embryo ability sweeteners made important feedstock ethanol manufacture grain generally involves physical both complete fuel,"vi. Fermentation and Distilling: Major industrial Processing of maize is based on maize types and kind.
 Three methods of industrial processing exist (Omueti, 1999)
 Various alcoholic beverages and industrial products are
 produced by maize distilling and fermentation - Industrial dry milling
 industries. Malting converts maize starch to sugar with
 the help of amylase enzyme that are found in the - Industrial wet milling
 embryo of maize. The fermentation ability of maize
 starch and sweeteners has also made it an important - Industrial fermentation
 feedstock for ethanol manufacture. Ethanol is being i. Dry milling of maize grain generally involves the physical
 used both as a complete fuel substitute in gasoline separation of the parts of the grain as clearly as possible. (see
 engines and in medicine. figure 13)
vii. Breakfast Cereal: Cornflakes, custard Soy-Vita- Whole maize is roasted, milled and sieved to obtain
 maize flour. 25% of soy flour is mixed with 75% of the maize
 flour to obtain soy vita that is in high demand by many homes,
 schools, hospitals or clinics.","NAERLS Maize Production, Marketing, Processing and Utilization in Nigeria",https://naerls.gov.ng/wp-content/uploads/2022/11/MAIZE-Production-Marketing-Processing-Utilization-In-Nigeria.pdf,15,official_naerls_bulletin
naerls_0035,maize,official_extension_bulletin,maize corn cleaning remove foreign materials clean grains washing fresh water tempering toughens tip cap toughened grain stays bran loosen soften mellow soft endosperm germ hydrates unbroken obtain maximal grit yields minimum flour degerming attrition mill cooling aspirating hulls degermed sifting drying expelling crude oil,"1. Corn Cleaning Remove foreign materials Clean grains
2. Washing (Fresh water) Remove foreign materials Clean grains
3. Tempering (a) Toughens the tip cap Toughened tip cap of grain
 So it stays with the bran
 (b) Loosen, soften, mellow Soft endosperm
 the Germ.
 (c) Hydrates the endosperm Unbroken endosperm
 to obtain maximal grit
 yields and minimum flour.
4. Degerming
 Using l
 Attrition mill
 Cooling/Aspirating Remove hulls degermed grains
 & Sifting
 Drying
5. Aspirating/Expelling Remove crude oil defatted grits
6. Sifting Separation of particles Flaking grits
7. Roller Milling Reduction of particle size Brewers: grit
 Corn meal
 Corn flour
8. Excursion cooking gelatinization of starch Pre-gelled flour","NAERLS Maize Production, Marketing, Processing and Utilization in Nigeria",https://naerls.gov.ng/wp-content/uploads/2022/11/MAIZE-Production-Marketing-Processing-Utilization-In-Nigeria.pdf,16,official_naerls_bulletin
naerls_0036,maize,official_extension_bulletin,maize raw specifications material animal feed cereal food order sell agro processors extremely important grains meet several quality these met may rejected buyer following apply white yellow foreign matter maximum broken small germinated nil hectolitre weight moldy moisture content heat damaged insect weather dis colored,"Raw maize specifications as raw material for animal feed and
cereal food
 In order to sell maize to agro-processors it is extremely
important that the grains meet several quality specifications. If
these specifications are not met, the maize may be rejected by the
buyer. The following specifications apply:
  Maize: white or yellow
  Foreign matter: maximum 0.9%
  Broken small grains: maximum 8.0%
  Germinated grains: nil
  Hectolitre weight 70.0 kg/hl
  Moldy grains: nil
  Moisture content: 12.0%
  Heat damaged grains: maximum 1.0%
  Insect damaged grains: 1.0%
  Weather damaged grains: maximum 2.0%
  Dis-colored grains: maximum 2.0%","NAERLS Maize Production, Marketing, Processing and Utilization in Nigeria",https://naerls.gov.ng/wp-content/uploads/2022/11/MAIZE-Production-Marketing-Processing-Utilization-In-Nigeria.pdf,19,official_naerls_bulletin
naerls_0037,maize,official_extension_bulletin,maize supporting services approach improving protein quality based diets addition direct functions within value chain grow qpm varieties required system function promotion these new superior nutrient qualities efficiently represented low hence potential farmers users yet aware interconnected chains such equipment input supply each them nearly,"Supporting services An approach for improving protein quality in maize-based diets is
In addition to the direct functions within the value chain, to grow and to use quality protein maize (QPM) varieties. The
supporting services are required for the system to function promotion of these new varieties of superior nutrient qualities has
efficiently. These supporting services can be represented by been low hence potential farmers/users of QPM are not yet aware
interconnected chains, such as equipment and input supply (each of them. The QPM varieties have nearly double the percentages
of which has its own value chain), pure services (such of lysine and tryptophan. Yellow maize contains vitamins A,
management services to operate storage silos or extension while white maize does not. While this vitamin can make a
services to provide advice to the farmers) or financial services contribution to human nutrition the amounts of the vitamin
(including investment capital, working capital, or insurance) cuts present is insufficient to meet the needs. The nutritional disease
across each component of the value chain. Many of the pellagra is sometimes associated with maize-based diets; resulting
supporting services may be imbedded in the functions of a from a deficiency of niacin. One approach for improving niacin
supplier of another input - for instance seed or input suppliers intake in maize-based diets includes complementation with foods
have a strong incentive to carry out farmer awareness and rich in niacin such as groundnuts and fish. (Kling 1991)
extension services to increase the sale of their products.
Commodity exchanges, where the product can be transparently Several factors affect the nutritive value of maize dishes:
traded, are an important service within the value chain though  Variety of maize
this currently under developed.  Production environment
  Condition of the grain
  Presence of pathogens
CONSUMPTION
  Portion of the kernel utilized
Consumer education promotion  Method of preparation
Maize is an excellent source of carbohydrate and good quality oil.  Complementation with other foods
The energy value of maize is complete when milled whole.
Although maize contains about 10% protein, about half of the Storage
protein consists of zein, which is especially low in lysine and Maize grain has generally good storage properties. Moisture
tryptophan essential amino acids). Diets that rely heavily on content is the principal influence on storability because the maize
maize as an energy source may be deficient in certain amine acids kernel is fairly hygroscopic. Rats, mice and other rodents are
(components of protein) and vitamins. important source of damage to stored maize grain. They cause
It is therefore essential to consume foods that complement the loses by consuming grain, fouling grain with faeces, urine, hairs
protein and vitamins present in maize (protein foamy legume have and dead bodies, by transmitting disease through body excreta and
higher lysine and tryptophan). Researchers have tried to correct by destroying containers and bags.
this deficiency by developing Quality Protein Maize (QPM)
varieties which are rich in both amino acids.","NAERLS Maize Production, Marketing, Processing and Utilization in Nigeria",https://naerls.gov.ng/wp-content/uploads/2022/11/MAIZE-Production-Marketing-Processing-Utilization-In-Nigeria.pdf,21,official_naerls_bulletin
naerls_0038,maize,official_extension_bulletin,maize beneficial uses commodity superiority others kernel made endosperm total dry market channel basic marketing weight germ pericarp tip cap which will ultimately pass typically involves six steps consists starch granules embedded protein may begin farmer who produces crop matrix floury energy source second person,"Beneficial uses of the commodity/Superiority to others
Maize kernel is made up of endosperm (82.9% of total dry Market Channel: The basic commodity marketing channel for
weight), germ (11.1%), pericarp (5.3% and tip cap, 0.8%). The which Maize will ultimately pass typically involves six steps.
endosperm consists of starch granules embedded in a protein 1. It may begin with the farmer who produces the crop.
matrix, with floury granules. Maize is an energy source; the 2. The second person is the rural buyer that buys from the
cereals compare favorably with the root and tuber crops and are farmer and transports the commodities to the accumulating
similar in energy value to dried legumes. Cereals are important rural assemblers in the nearest market.
contributors of (vitamin, riboflavin, and niacin). Maize is a staple 3. The next step would be the rural wholesale who buys from
food in Nigeria, can be utilized by small-scale processors and at the rural assembler and then sells either to local processors
industrial level to formulate and package various types of food. It or consumers
is now a common snacks in boiled or roasted forms and eaten 4. After the rural wholesaler is the transporter who bulks up
with various other foods. the commodities he needs and transports them to the
 processor or to the larger cities of industrial users.
Marketing Maize 5. Alternatively they will be delivered to the commodity
Nigeria’s maize platform has several new market opportunities for market in the major cities, and distributed to different
farmers through contract farming, promoting soybean production family enterprises that comprise the distributing
and livestock sub-sector. This range from the provision of high wholesalers.
yielding improved varieties, extension services, seed supply 6. The maize is then sold either directly indirectly to
systems by community seed schemes and seed companies, supply consumers or to the retailers. These retailers, many of
of capital items and production/marketing consumables, provision whom are women, may be dealing with other
of credits and risks cover and product development. Every effort commodities.
which support these endeavors also promote maize. The predominant market model in maize value chain includes but
 not limited to the following:
Indeed the challenges to maize value chain are mostly based on Private business model:
factors associated with production, processing and marketing As complex and fragmented as it might appear it was developed
indicators which involve different actors. by the private, profit conscious, traders and may thus have
The basic marketing channel for maize in Nigeria is very similar evolved into the optimal business efficient for the economy in
to that found in most developing countries in Africa. It is a highly which it is operating.
fragmented marketing channel based on individual family
enterprises. One problem with the fragmented marketing channel Cooperative Business Model: Co-operative societies are
is that market volume for each family enterprise is so small that emerging and applying themselves to cooperative marketing and
the mark-ups have to be large enough so that the traders can make in the process becoming increasingly active in shaping the prices
a modest profit. of their commodities. Although the model reduces transaction","NAERLS Maize Production, Marketing, Processing and Utilization in Nigeria",https://naerls.gov.ng/wp-content/uploads/2022/11/MAIZE-Production-Marketing-Processing-Utilization-In-Nigeria.pdf,22,official_naerls_bulletin
naerls_0039,maize,official_extension_bulletin,maize cost often administratively cumbersome which may impact references competitiveness cell phones adeyemi quality considerations industrial utilization facilitate market information services fakorede alofe smoothen distribution margins along mvc order reduce transaction costs critical farmers rural agro improvement production dealers easy access several assemblers who buy,"cost it is often administratively cumbersome which may impact References
on its competitiveness.
Cell Phones Adeyemi, I.A (1993) Quality considerations in the industrial utilization
Cell phones can be used to facilitate market information services of maize p 233 – 238. In M.A.V. Fakorede, C.O Alofe & S.K.
to smoothen distribution of margins along MVC. in order to
reduce transaction costs, it is critical for farmers or rural agro- Adeyemi, I.A (1994) Quality considerations in the industrial utilization
 of maize. In: Maize improvement, production and utilization in
dealers to have easy access to several rural assemblers who buy
 Nigeria (MAAN)
maize through ICT providers.
 Kling G. Jennifer (1991) Quality and Nutrition of maize. IITA Research
Consumer Promotions and natural resource management Guide 33. Kim (eds) Maize improvement, production and
The ongoing promotion of maize by agricultural transformation utilization in Nigeria Maize Associations of Nigeria (MAAN),
agenda as well as the call for use of maize in mixed cropping Ibadan Nigeria
scheme with soybean has potential for increased soil fertility
improvement. Mittal, J. P. and R. N. Kaul (1983) Performance Surveys on Village
 Level Grain Grinding in Selected Villages in Zaria Local
Small and medium scale Local processing Government, Nigeria Food J. I. Agric Science 3: 187 – 195.
Local processing and consumption:
 Olowoniyan. F. O (1991) Preparation of Maize Recipes. Sasakawa
Opportunity for promoting the diversified consumption of Maize
 Global 2000/ NAERLS
through local processing will assist the fortune of the crop.
Although currently local processing into tuwo, masa, and other Omueti, O. (1999) Maize Utilization Prospects For Industrial Uses in
staple food commodity are evident expansion of maize based Nigeria. In proceedings of the 4th National Workshop of the
products will increase demand for maize. Maize Association of Nigeria IAR&T.","NAERLS Maize Production, Marketing, Processing and Utilization in Nigeria",https://naerls.gov.ng/wp-content/uploads/2022/11/MAIZE-Production-Marketing-Processing-Utilization-In-Nigeria.pdf,23,official_naerls_bulletin
naerls_0040,rice,official_extension_bulletin,rice bulletin replaces national agricultural extension research liaison services naerls production practices nigeria revised align value chain approach transformation agenda ata federal ministry agriculture rural development fmard information contained synthesis across various local international scientists organizations these include cereals institute ncri badeggi fertilizer department ffd,"This bulletin replaces the National Agricultural Extension and
 Research Liaison Services (NAERLS) Extension Bulletin on
 Rice production practices in Nigeria. It has been revised to align
 with value chain approach of the Agricultural Transformation
 Agenda (ATA) of the Federal Ministry of Agriculture and Rural
 Development (FMARD). The information contained is a
 synthesis of information from across various local and
 international scientists and organizations. These include
 National Cereals Research Institute (NCRI), Badeggi; Federal
 Fertilizer Department (FFD), Abuja and the Africa Rice Centre. The production of this Rice Bulletin was supported by West
 Africa Agricultural Productivity Programme (WAAPP)","NAERLS Rice Production, Processing, Utilization and Marketing in Nigeria",https://naerls.gov.ng/wp-content/uploads/2022/11/Rice-Production-Processing-Utilization-and-Marketing-in-Nigeria.pdf,1,official_naerls_bulletin
naerls_0041,rice,official_extension_bulletin,rice introduction crop predominantly produced small holders area become food security well cash put cultivation production estimated nigeria employing over million people value chain which increased similarly grain consists starch water only output protein full complement amino acids naerls highly digestible excellent biological rain fed,"1.0 Introduction The crop is predominantly produced by small-holders. The area
Rice has become a food security crop as well a cash crop in put under its cultivation production in 2010 was estimated at
Nigeria, employing over 15 million people in its value chain. 2,012,740 ha which increased to 3,095,900ha in 2014. Similarly,
The rice grain consists of 75-80 % starch, 12 % water and only 7 the estimated output of rice increased from 4,080,940 MT in
% protein with a full complement of amino acids. Its protein is 2010 to 6,734,100 MT in 2014 (NAERLS, 2014).
highly digestible with excellent biological value and protein Rain fed lowland rice is the most predominant rice production
efficiency ratio owing to the presence of higher concentration system, accounting for nearly 50% of the total rice-growing area
(about 4 %) of lysine. Minerals like calcium, magnesium and in Nigeria; while rain fed upland rice, irrigated systems, deep
phosphorus are present along with some traces of iron, copper, water rice and mangrove swamp rice make up the remaining
zinc and manganese. The bran oil is used for cooking, soap 50%. Most farmers still rely on traditional production systems
making, carrier for insecticides and anti-corrosive and rust which are of low productivity.
resistant oils. Rice is also used in the brewing industries. Rice Various research recommendations for improving rice
straw is used as a source of fuel, the manufacture of straw board, production from universities and research institutes especially
for thatching and for making hats and mats. Rice is usually the National Cereal Research Institute (NCRI) and the Africa
cooked by boiling in water or steaming and eaten with soup. It Rice Centre are yet to be communicated to potential users. The
is also frequently made into balls or ‘tuwo’ and consumed with aim of this bulletin is to empower farmers, extension agents and
soup. other actors in the rice value chain with required technical
 knowledge to increase production efficiency and quality
The demand for rice in Nigeria has soared over the years. It is management along the chain.
consumed across all income groups and consumption is reported .
to have increased at 5% per year between 1961 and 2006. 2.0 Choice of land
Production has however not kept pace with consumption. Rice can be grown practically on all types of soil, sandy loams
Nigeria consumes more rice than it produces leading to to heavy clays. However, heavy soils characteristics of river
significant imports over the years. Nigeria’s rice consumption is valleys and basins of fadamas which have higher water holding
expected to jump to 35 million metric tons by 2050. The capacities are better suited to rice growing than lighter soils. A
widening domestic rice deficit is being met by importation. heavy soil, slightly acidic to neutral (PH 5.5 to 7.0) is suitable
Nigeria is both the largest producer and consumer of rice in the for rice growing. High yields are usually associated with soils
West African sub-region. Nigeria is currently one of the world’s that have a high clay content of 40 to 60%. The soil should
top ranking importers of rice. contain a moderate amount of organic matter with high degree of
Rice is cultivated in virtually all Nigeria’s agro-ecological humification and good but not excessive drainage to minimize
zones, from the mangrove and swampy ecologies of Niger delta water loss. Farmers should therefore select sites where rice is
in the coastal areas to the dry zones of the Sahel in the north. grown traditionally with level fields (flat land). Where slope is
 significant, soil and water conservation measures such as","NAERLS Rice Production, Processing, Utilization and Marketing in Nigeria",https://naerls.gov.ng/wp-content/uploads/2022/11/Rice-Production-Processing-Utilization-and-Marketing-in-Nigeria.pdf,2,official_naerls_bulletin
naerls_0042,rice,official_extension_bulletin,rice planting across slope should conducted advice management cover paddy field water prevent extension agents following tips considered loss nitrogen nitrification production mechanization newly cleared areas cut big trees before soils suitable fertile land rains preferably november february remove good drainage retention capacity contains all,"planting across slope should be conducted with the advice of management. Cover the paddy field with water to prevent the
Extension Agents. The following tips should be considered for loss of nitrogen through de-nitrification.
rice production: (i) Mechanization: For newly cleared areas, cut big trees before
- Use soils that are suitable for rice production i.e. fertile land the rains preferably from November to February and remove
 with good drainage and water retention capacity (contains all stumps, roots and trees before ploughing. Plough once
 some clay and/or organic matter i.e. loamy soil) and are and disc harrow twice with the first rains from late February
 slightly acidic to near neutral. Heavy soils are considered to early March to make good tilt if land is flat. Plough twice
 most desirable. and disc harrow once if land is sloppy.
- Where continuous cropping is practiced i.e. planting rice for (ii) Manual Cultivation: Clear bush and pack thrashes between
 more than two years on the same piece of land, soil fertility November and February, and use hoe to remove stumps and
 conservation/improvement measures (such as growing weeds. In the Savannah, land preparation may start in
 legumes after rice, and ploughing rice residues into the soil as February, depending on the onset of the rains.
 organic matter) should be adopted","NAERLS Rice Production, Processing, Utilization and Marketing in Nigeria",https://naerls.gov.ng/wp-content/uploads/2022/11/Rice-Production-Processing-Utilization-and-Marketing-in-Nigeria.pdf,3,official_naerls_bulletin
naerls_0043,rice,official_extension_bulletin,rice land preparation proper necessary production minimize competition weeds enhances adequate mixture stubbles fertilizer well ensures uniform water distribution harrow twice provide sufficient tilth growth ridging unless slope considerable often leads low population yields upland better planted flat paddy fields prepared either dry wetland conditions,"2.1 Land preparation
Proper land preparation is necessary in rice production to
minimize competition with weeds, enhances adequate mixture of
stubbles and fertilizer as well as ensures uniform water
distribution. Harrow the land twice to provide sufficient tilth for
rice growth. Ridging is not necessary (unless the slope of the
land is considerable) and often leads to low population and
yields. Upland rice is better planted on flat land.
Paddy fields can be prepared under either dry or wetland
conditions; the choice depends on time of operation, soil
properties and implements to be used. In either case, the field
should be disc ploughed immediately after harvest to expose the
rhizomes of perennial weeds to scorching action of the sun.
For direct seeded rice, the field should be ploughed and
harrowed just before the first rain. For wet or transplanted rice, Fig. 1: Land prepartion using tractor
the field should be flooded with the first rains and then rotovated using power tillers. Construct bunds depending upon the
slope, to accumulate rain water. Level the land to reduce
erosion. Divide the field into plots of 50-100m2 for better water","NAERLS Rice Production, Processing, Utilization and Marketing in Nigeria",https://naerls.gov.ng/wp-content/uploads/2022/11/Rice-Production-Processing-Utilization-and-Marketing-in-Nigeria.pdf,3,official_naerls_bulletin
naerls_0044,rice,official_extension_bulletin,rice medium maturing iron toxic flood prone areas faro ita suakoko idsaid wab tdx late water logged gall midge affected cisadane upland ecology fig land prepartion drawn variety selection management nerica select matches your production environment ofada market demand doubt please consult nearest agricultural officer,"Medium maturing-Iron Toxic and Flood-Prone Areas
 FARO 15, ITA 247, ITA 249, Suakoko 8, FARO 11(OS 6),
 FARO 43 (ITA 128), FARO 47 (ITA 117), FARO 48 (ITA
 301), FARO 49 (ITA 315), ITA 321, ITA 331, IDSAID,
 WAB 35-2-FX, TDX 1012-12-28
 Late maturing
 FARO 15 (water-logged areas)
 Gall Midge-Affected Areas:
 Cisadane (FARO 51)
 Upland ecology
 Fig. 2: Land prepartion using ox drawn
 FARO 43 (ITA 128); FARO 46 (ITA 150); FARO 48 (ITA
2.2 Variety selection and management 301); FARO 55 (NERICA 1); FARO 56 (NERICA 2); FARO
Select the variety that matches your production environment and
 58 (NERICA 7); FARO 59(NERICA 8); OFADA 1 and
market demand.
If in doubt, please consult the nearest Agricultural Officer or OFADA 2, ITA 368, Tox 400 4-43-1-2-1, WITA 4 (Tox
extension worker or the nearest office of State Agricultural
 3100-44-1-2-3-3)
Development Project/ River Basin Development Authority/
National Agricultural Seed Council/ Seed companies to obtain Irrigated lowland and Iron toxic areas:
information on most suitable variety as well as supply of good
 WITA 1(Tox 3118-6-E2-3)
quality rice seeds.
 Lowland ecology
Recommended varieties
 FARO 44 (SIPI); FARO 51 (Cisadane); FARO 52 (WITA 4);
Early maturing
 FARO 60 (NERICA L19) and FARO 61 (NERICA L34)
FARO 38 (IRAT 133), FARO 39 (IRAT 144), FARO 45 (ITA
 Mangrove ecology/ deep floating environment
257), FARO 44 (Sipi 6920233) FARO 46 (ITA 150)
 ROK 5, IR 54, WAR 77-3-2-2; BKN 6986-17;
Medium maturing- Non-Iron Toxic and Flood-Free Areas
 ITA 222, ITA 306, ITA 212, FARO 29.","NAERLS Rice Production, Processing, Utilization and Marketing in Nigeria",https://naerls.gov.ng/wp-content/uploads/2022/11/Rice-Production-Processing-Utilization-and-Marketing-in-Nigeria.pdf,4,official_naerls_bulletin
naerls_0045,rice,official_extension_bulletin,rice new cultivarecology days plant yield grain amylose reaction year name maturity height range shape content blast tonnes release faro sip shallow long resistant swamp far ita upland medium cisadane nerica,"New CultivarEcology Days to Plant Yield Grain Amylose Reaction Year
name name maturity height range shape content to blast of
 (cm) (tonnes/ha) release
FARO SIP1692033 Shallow 115 95 4.0-6.0 Long 26.0 Resistant 1992
 44 swamp
FAR0 ITA 257 Upland 100 100 2.0-3.0 Medium 17.4 Resistant 1992
 45
FARO ITA 150 Upland 105 110 2.0-3.5 Medium 22. 5 Resistant 1992
 46
FARO ITA 117 Upland 115 105 2.0-4.0 Long 10.5 Resistant 1992
 47
FARO ITA 301 Upland 128 100 2.5-4.0 Medium 16.4 Resistant 1992
 48
FARO ITA 315 Upland 120 100 2.0-4.5 Medium 16.2 Resistant 1992
 49
FARO ITA 230 Shallow 125 100 4.0-6.5 Medium 28.0 Resistant 1992
 50 swamp
FARO Cisadane Shallow 130 100 4.0-6.0 Long - Resistant 1997
 51 swamp
Faro Nerica 2 Upland 120 100 4.0-6.0 Long 16.2 Resistant 2004
 56
Faro Nerica 7 Upland 110 95 4.0-6.0 Long 15.5 Resistant 2006
 58","NAERLS Rice Production, Processing, Utilization and Marketing in Nigeria",https://naerls.gov.ng/wp-content/uploads/2022/11/Rice-Production-Processing-Utilization-and-Marketing-in-Nigeria.pdf,5,official_naerls_bulletin
naerls_0046,rice,official_extension_bulletin,rice seed management priming treatment protects crop borne diseases insects well gives better germination chemical should undertaken mixture insecticide fungicide one sachet apron star dress plus dressforce seeds conducted order hasten emergence achieved soaking cold water hours overnight then drained direct seeding air dried two,"2.3 Seed management and priming
Seed treatment protects the crop from seed borne diseases and
insects as well as gives better germination. Chemical treatment
should be undertaken with a mixture of insecticide and
fungicide. Use one 10g sachet of Apron Star50 DS to dress/4kg
seed or 10g of Seed-plus of Dressforce to dress 2kg of seeds.
Seed priming is conducted in order to hasten germination and
crop emergence. Priming is achieved by soaking the seeds in
cold water for 12 hours or overnight and then drained. For direct
seeding, seeds are air-dried for about two hours and then sown.
Advantages include higher percentage of viable seeds, Fig. 4: seed dressing with chemicals
vigorously established plants that can withstand stress and
higher yields. It also gives higher level of germination, reduces
 2.4 Planting
the need to replant or fill the gaps, and leads to more uniform
 Direct seeding
plant stands. It also leads to high crop vigor at early growth
stages which enables the rice to compete better with weeds, When the seeds are viable (germination rate of more than 80%),
increases resistance to insect pests and diseases and high paddy seeding rate of 50–60 kg/ha is recommended for dibble sowing,
yield. 80 kg/ha for sowing by drilling and 80–100 kg/ha by
 broadcasting. If germination percentage is less than 80%, the
 seed rates should be increased accordingly. Plant the rice seed at
 a depth of 2 to 4cm. Do not plant rice deeper than 5 cm in order
 to avoid delayed seedling emergence. For ease planting, divide
 the field into plots of 50 m2 or 100 m2, and construct small
 bunds. Direct seeding can be done with pre-germinated seeds in
 wet soils. Dibble 5–6 seeds at a spacing of 25 cm between rows
 and 20 cm intra row and later thin to 3 to 4 seedlings per stand at
 2 to 3 weeks after sowing. In drilling method, drill rows should
 be 15–20 cm apart.","NAERLS Rice Production, Processing, Utilization and Marketing in Nigeria",https://naerls.gov.ng/wp-content/uploads/2022/11/Rice-Production-Processing-Utilization-and-Marketing-in-Nigeria.pdf,6,official_naerls_bulletin
naerls_0047,rice,official_extension_bulletin,rice structure construct raised beds wide mixture urea ssp should worked thoroughly soil before sowing seeds drain excess water field week ensure seed high rainfall areas avoid bird damage during germination scaring birds gall midge affected apply furadan carbofuran nursery uprooting bed practices select near,"structure and construct raised beds of about 1.2m wide. A
 mixture of 60g Urea and 42.6g SSP/m2 should be worked
 thoroughly into the soil before sowing seeds. Drain excess water
 from the field for a week. Ensure that seed beds are raised in
 high rainfall areas. Avoid bird damage during germination by
 scaring birds. In gall midge affected areas, apply Furadan TM
 (Carbofuran) at 1 kg/ha in nursery beds a week before uprooting. Nursery bed practices
Select nursery beds near cultivation areas to ease management.
Soak the seeds in water for 24 hours. Spread them on the floor
and incubate them by covering them with polyethylene bags for Fig. 8: Rice in container nursery
48 hours for the seeds to sprout. To provide seedlings for 1 ha of
land, raise the nursery in 500m2. Plough the land to a very fine","NAERLS Rice Production, Processing, Utilization and Marketing in Nigeria",https://naerls.gov.ng/wp-content/uploads/2022/11/Rice-Production-Processing-Utilization-and-Marketing-in-Nigeria.pdf,7,official_naerls_bulletin
naerls_0048,rice,official_extension_bulletin,rice sowing date organic manures crop residues green actual timing should guided time bio fertilizers soil amendments establishment rains rows makes manual proper method nutrient application weeding easier management water forest area plant mid march april good amount fertilizer apply depends quantities savannah may june,"Sowing date - Use of organic manures, crop residues, green manures,
The actual timing of sowing should be guided by the time of bio-fertilizers and soil amendments.
establishment of the rains, sowing rice in rows makes manual - Proper time and method of nutrient application.
weeding easier. - Proper management of water
(i) In the forest area, plant in mid-March to mid-April, after
 2 to 3 good rains. The amount of fertilizer to apply depends on the quantities and
(ii) In the savannah, plant rice in mid-May to Mid-June, level of residual nutrients in the soil and the type of fertilizer
 depending on the rain establishment. materials available. It is advisable to apply fertilizer based on
 soil test results and expected yield. Rice responds well to
Transplanting nitrogen fertilization. The recommended doses of major plant
Transplant seedlings from nursery after 21 days or at 2–6 leaf nutrients to rice are 70-50-40, 60–30–30 and 80-30-30 N, P and
stage. This is done by carefully uprooting the seedlings. K/ha respectively under upland (Sahel and Northern Guinea
Transplant 2–3 seedlings per hill. Spacing should be 20 cm Savanna upland), (Southern Guinea Savanna) and Forest and
between rows and 15–20cm between plants. shallow swamp rice ecosystems. For efficient management of
Transplant early maturing varieties 15 cm apart and transplant chemical fertilizers the following are to be taken into
medium and late maturing varieties 20 cm apart. At 7-10 weeks consideration.
after sowing, use remaining seedlings to fill gaps where seeds - Nitrogenous fertilizers are to be applied in more number
have not germinated 7–10 days after transplanting. of splits. The lighter the soil, the more will be the
 number of splits. It is usually applied in three splits –
Plant population 40% N at the time of planting, top dressed with 30% N at
In dibbling or direct seeding, sow seeds 25 x 25 cm to give 4 weeks after planting or at the time of tillering and the
160,000 stands/ha. Use a “pinch” or 4 to 5 seeds paddy per hole. other 30% N at 7 weeks after the planting or when the
Plant about 3-5cm deep, cover lightly and press. In drilling crop start to flower (panicle initiation stage).
method, drill in rows 15–20 cm apart - Full amount of phosphate and potassium fertilizers are to
 be applied during land preparation.
2.5 Nutrient management and fertilizer application - In virgin soils and land that has been under 1 to 2 years
Integrated nutrient management is the management of both fallow cropped with rice, apply a moderate rate of N (60
organic and inorganic plant nutrients for optimal rice production kg/ha) and on that has been more frequently used, apply
while conserving the natural resource base essential for long- 80 kg/ha. When Top dressing with N fertilizer, applied
term sustainability. It consists of: between the rows and buried. When P and K are applied
 - Application of plant nutrient on the basis of soil test separately, it is proper to broadcast them before sowing.
 recommendation. However application times may vary due to weather
 constraints and individual farmers.","NAERLS Rice Production, Processing, Utilization and Marketing in Nigeria",https://naerls.gov.ng/wp-content/uploads/2022/11/Rice-Production-Processing-Utilization-and-Marketing-in-Nigeria.pdf,8,official_naerls_bulletin
naerls_0049,rice,official_extension_bulletin,rice directed maximizing efficiency fertilizers upland apply all weeks planting herbicides completely drained fields when during first weeding could spilt applied sowing reduce water levels field one week germination incorporate bury fertilizer days before application crop most soil properly avoid losses second dose nitrogen sensitive,"directed at maximizing the efficiency of fertilizers and
For upland rice, apply all N, P and K at 2-3 weeks after planting herbicides. Apply herbicides in completely drained fields. When
during first weeding. This could also be spilt applied at sowing fertilizers are to be applied, reduce water levels in the field to 3
or one week after germination. Incorporate (bury) the fertilizer cm for about 4-5 days before application. The crop is most
in the soil properly to avoid losses. The second dose of nitrogen sensitive to water stress during the reproductive stage. Wherever
may be given in the form of urea fertilizer applied at 6-7 weeks water is available, irrigate the crop at tillering, panicle initiation
after sowing. (PI), flowering, milking and dough stage. Collect maximum rain
For upland rice Southern Guinea and Forest zones, apply all N, water by strengthening field bunds. Maintain saturation to 3 cm
P and K 2-3 weeks after planting and first weeding. This could standing water till 25-30 days after transplanting and low depth
also be spilt applied at sowing or one week after germination. of 3-5 cm of water till 15 days after flowering. The rice field is
Incorporate (bury) the fertilizer in the soil properly to avoid completely drained 10-15 days before harvesting to promote
losses. The second dose of urea fertilizer should be applied at 6- uniform ripening of the grains, but primarily to allow for a
7 weeks after sowing. timely harvest. Dikes should be built across flood plains to
For upland rice in Sahel, Sudan and Northern Guinea, apply half control seasonal flooding during the months of July and August.
N and all P and K in furrows between rows at 2- 3 weeks after Bunds should also be constructed around fields to conserve
planting. Broadcast the remaining N at 6 weeks after planting. water and check erosion
For lowland rice (shallow swamp, irrigated, hydromophic and
inland valley swamp) apply half the N and all P and K at 2.7 Weed control
planting and the remainder broadcast at 6 - 10 weeks after
 Hand weeding
planting or at panicle initiation stage.
 Rice fields should be weeded regularly, especially during the
 early stages of growth. First weeding should be thorough and
Method of fertilizer application
 should be done within 2 to 3 weeks after emergence, using hoes.
By drilling or broadcasting, ensure incorporation into the soil.
 (The earlier the first weeding is done the better).
Apply fertilizer after a sufficient rain at 10cm from base of plant
 Second weeding should be done 5 to 6 weeks after emergence.
(hill application).
 Weed a third time, if necessary.
2.6 Water management
 Use of herbicides
Water is the most limiting factor in rice production. With
 (i) Pre-emergence
adequate water supply, rice can be grown in most parts of the
 - Oxidiazon at 3.0kg a.i. ha-1 (4-5 liters Ronstar 25
country. Water has a dual function of meeting physiological
 EC/ha)
demands of the rice crop as well as controlling weeds. Rice
 (ii) Roundup (3 litres ha) applied pre- land preparation, Or
requires an annual rainfall of 1200-1600mm that is evenly
 spray 3litres of Gramoxone applied pre-emergence (1-3
distributed during the growing season. Water management is","NAERLS Rice Production, Processing, Utilization and Marketing in Nigeria",https://naerls.gov.ng/wp-content/uploads/2022/11/Rice-Production-Processing-Utilization-and-Marketing-in-Nigeria.pdf,9,official_naerls_bulletin
naerls_0050,rice,official_extension_bulletin,rice days planting along litres oxidiaxone feed straw may attach feet animals pass butachlor tank mixture striga infested areas machine tools during land preparation seeds easily dispersed wind iii post emergence water propanil bentazon basagram plha control fluorodifen risane some measures recommended echa include free,"days after planting) along with 4-5 litres of Oxidiaxone feed on the straw or may attach to their feet as the animals pass
 or 5-6 litres Butachlor 50 or 60EC as tank mixture. by Striga-infested areas or by machine tools during land
 preparation. Striga seeds are also easily dispersed by wind and
(iii) Post-emergence water.
 - Propanil + bentazon at 3.0kg a.i. ha-1 ( 5 litres Basagram
 500PLha-1) Control:
 - Propanil + Fluorodifen at 3.0kg a.i. ha-1 (5 litres Risane Some of the measures recommended for the control of Striga in
 3000ECha-1) rice include the use of Striga-free seeds, proper cleaning of farm
 - Propanil + thiobencarb at 3.0kg a.i. ha-1 ( 5 litres tools especially after working on infested fields, proper
 Tamarice 336ECha-1) 2 - 3 weeks after planting fertilization (use of organic manure and inorganic fertilizer),
 - Propanil + 2.4D Amine at 3.0kg ai ha-1 crop rotation especially with soybean and groundnut, and
 intercropping as well as timely weeding. Rice farms should be
Any resistant weed species or newly germinating weeds like weeded before Striga produces seeds to reduce the Striga seeds
corn grass should be removed and destroyed. A weed-free seed- in the soil. A combination of the control measures often referred
bed at planting also contributes to the effectiveness of the to as the integrated Striga control approach is recommended and
herbicides. Caution must always be exercised in selecting and is more effective than the individual control measures.
handling all herbicides. Consult the extension agent nearest to
you for guidance. 2.8 Pests and diseases control
 Pest management
Striga attack on rice Integrated Pest Management (IPM) is the integration of available
Striga is increasingly becoming a serious problem in rice pest control tactics to keep pests below economic threshold
production. This weed is a parasite which germinates only when levels with an aim of least or no hazards to the environment. It
the rice plants (hosts) which it attacks are present. Striga is includes options aimed at eliminating pests by use of chemical
common in soils that have been used continuously and are poor (synthetic) pesticides along with biological and cultural options.
in nutrients. The symptoms of Striga damage on the host crop
can be seen before the parasite emerges from the soil. Usually, Cultural and mechanical methods
the symptoms are similar to those on drought affected crops Crop residue management; Use of healthy seeds; Use of
which include stunted growth, wilting, yellowing and scorching resistant/tolerant varieties; Adjustment of sowing date; Crop
of leaves, lower yield and plant death in severe attacks. Striga rotation; Intercropping, trap cropping; border cropping; Crop
produces numerous tiny seeds which make it easy for the sanitation; Efficient fertilizer management; Efficient water
parasite to spread from place to place. The seeds can management; Removal of affected plant parts; Use of
contaminate the crop during harvest, (paddy/straw) which may traps/poison bait.
be carried from one farm to another or by animals when they","NAERLS Rice Production, Processing, Utilization and Marketing in Nigeria",https://naerls.gov.ng/wp-content/uploads/2022/11/Rice-Production-Processing-Utilization-and-Marketing-in-Nigeria.pdf,10,official_naerls_bulletin
naerls_0051,rice,official_extension_bulletin,rice termites preventive destroy all dead woods plant residues burning locate termite mounds surrounding bush apply chloropyriphos litres carbofuran treatment control army worm stem borer watch crop closely hearts during early vegetative growth lter per hectare cypermethrin fig bugs lamdacyhalothrin worms deltamethrin litre water which,"Termites
Preventive: Destroy all dead woods and plant residues by
burning. Locate termite mounds in surrounding bush and
destroy. Apply chloropyriphos (2litres ha-1) or Carbofuran 3G
(10-15kg ha-1) treatment to control termite. Army worm and stem borer
Watch the rice crop closely for dead hearts during early
vegetative growth. Apply 1lter per hectare or cypermethrin 10 Fig. 11: Rice bugs
EC or Lamdacyhalothrin 2.5E for control of stem borer and
army worms.
Apply Deltamethrin EC at 1 litre a.i/ha in 500 litres of water to
control rice bugs which suck the sap after flowering.
Apply FuradanTM (Carbofuran) at 1 kg/ha to control African
rice gall midge 20–30 days after transplanting as symptoms are
seen on the field.
Some common pests of rice (pictures)","NAERLS Rice Production, Processing, Utilization and Marketing in Nigeria",https://naerls.gov.ng/wp-content/uploads/2022/11/Rice-Production-Processing-Utilization-and-Marketing-in-Nigeria.pdf,11,official_naerls_bulletin
naerls_0052,rice,official_extension_bulletin,rice birds control bacterial leaf blight scaring devices employ people drive measures away farms first growing resistant varieties two weeks planting heading harvesting split application nitrogen fertilizer streak disease management causal organism xanthomonas oryzae oryzicola integrated idm may defined managing plant severity below economic threshold,"Birds: Control of Bacterial Leaf Blight:
Use scaring devices to control birds. Employ people to drive The control measures for bacterial leaf blight are:
birds away from farms between 6.00am to 7.00pm for the first 1. Growing resistant varieties
two weeks after planting and from heading to harvesting. 2. Split application of nitrogen fertilizer
 Bacterial leaf streak
Disease management Causal organism: Xanthomonas oryzae pv. oryzicola
Integrated Disease Management (IDM) may be defined as
managing plant disease severity below the economic threshold Symptoms of bacterial leaf streak
level following cost-effective, viable and easy operational This is a bacterial foliar disease caused by Xanthomonas
procedures. The various methods used for IDM in rice include; campestris pv. Oryzicola, the disease first starts on the leaves as
Use of resistant/tolerant varieties; Use clean and healthy seeds; small water-soaked to translucent interveinal streaks of 1-10 cm
Destruction of alternative host plants; Selection of suitable land; long. They elongate parallel to the veins and turn yellowish
Seed/seedling treatment; Proper land preparation; timely brown, which often coalesce to form large blotchy lesions
planting; Appropriate plant population; Crop rotation with non covering the entire leaf Surface. Minute, yellowish orange beads
host crops; Burning of stubbles; Judicious fertilizer application. of bacterial exudates appearing all along the lesions is a
Proper weeding, regular inspection of the crop for disease characteristic feature of this disease.
incidence and removing and destruction of diseased plants
 Control of bacterial leaf streak: To eradicate the disease,
 Bacterial leaf blight following steps should be taken:
 Causal organism: Xanthomonas campestris pv. oryzae, 1. Procure seeds from authentic source to minimize the seed
 Symptoms of bacterial leaf blight borne inoculums.
 i. Bacterial leaf blight is a typical vascular disease and has 2. Soaking of the seeds in 0.025% Streptomycine and hot water
 three distinct phases of symptoms. viz., leaf blight phase, treatment at 52°c for 30 minutes.
 kresek phase and pale yellow leaf phase. 3. Use of resistant varieties.
 ii. Symptoms of the disease appear from the tip or edges of
 leaves as yellow, water soaked, undulate lesions, parallel Rice blast
 to' the veins, later turning to straw yellow. Causal organism: Pyricularia grisea, Magnaporthe grisea
iii. Often amber coloured bead-like bacterial exudates are (Fungus)
 present on lesions. In systemic infection, the seedlings wilt
 and die. Symptoms of rice blast
iv. Grains get partially filled or become chaffy. Rain splashes Rice blast affects all above ground parts of rice plant at all
 and wind aid in dissemination of the bacterium. Field to growth stages but the severe damage occurs during the seedling
 field irrigation also aids in the spread of the pathogen. stage. An infected leaf has diamond-shaped or elliptical or","NAERLS Rice Production, Processing, Utilization and Marketing in Nigeria",https://naerls.gov.ng/wp-content/uploads/2022/11/Rice-Production-Processing-Utilization-and-Marketing-in-Nigeria.pdf,12,official_naerls_bulletin
naerls_0053,rice,official_extension_bulletin,rice spindle shaped spots gray white centers brown easily transmitted wind inoculum sources disease margins may merge leading complete drying include seed collateral hosts straw stubble infected leaf panicle turns causing blast dies before filled grain favorable conditions pathogen node rots all above parts die,"spindle-shaped spots with gray or white centers and brown easily transmitted by wind. Inoculum sources of the disease
margins. The spots may merge leading to a complete drying of include; seed, collateral hosts, rice straw or stubble.
the infected leaf. The infected panicle turns white, causing
panicle blast, and dies before being filled with grain. The Favorable conditions for the pathogen
infected node rots causing all above parts to die.  Temperature of 25-30°C
  Relative humidity (>90%)
Conditions that favor development  Cloudy days
1. Infested or diseased seeds  High doses of Nitrogen fertilizer
2. Excessive use of nitrogen
3. Poor air flow and poor sunlight penetration Damage symptoms
4. Rainy days with high humidity  The symptoms of the disease appear on the coleoptile, the
Prevention and control leaves, leaf sheath and also the glumes.
1. Use diseased-free seeds  On the leaves the spots vary in size (1cm) and shape from
2. Use resistant cultivars minute dots to circular, eye shaped or oval spots is seen in
3. Proper plant spacing, transplanting is advisable rather the central portion.
 than broadcasting  The seeds are sometimes shriveled and discolored.
4. Split applications of nitrogenous fertilizer
5. Apply compost Management of brown leaf spot
6. Avoid farm activities when plants are wet
7. Burn diseased-straw and stubble Preventive measures:
8. Spraying the nursery with 5gm of Mancozeb 80% wet  Use of resistant varieties
 table powder  Proper crop nutrition
9. Benlate (Benomy 50%) mixed in 3.8 litres of water plus  Avoid water stress
 5ml of Tenac as sticker where available sprayed at 10  Clean cultivation
 days interval after seeding
10. Diethane at the rate of 1.5 – 2kg per hectare Cultural practices:
  Use disease free seeds for sowing
Brown leaf spot: Helminthosporium oryzae  Do not use high nitrogenous fertilizer
Brown leaf spot is a fungal disease that can infect both seedlings  Burn all crop residues and alternative hosts
and mature plants. This disease is more severe in areas of poor
management. It is the major cause of 'Bengal Famine' in 1942, Chemical control:
due to yield loss of 50-90%, resulting in death of about 2 million If the disease is observed in the field then spray 1g or 2g
people. Occurs mostly in deficient & poor soils, the disease is mancozeb or 2.25g Zineb in 1liter of water.","NAERLS Rice Production, Processing, Utilization and Marketing in Nigeria",https://naerls.gov.ng/wp-content/uploads/2022/11/Rice-Production-Processing-Utilization-and-Marketing-in-Nigeria.pdf,13,official_naerls_bulletin
naerls_0054,rice,official_extension_bulletin,rice harvesting yield ready when grains hard farmers yields range turning yellow brown days flowering bags swamp harvest turned straw colour upland improved practices avoid shattering usually weeks least cut stems sickle paddy possible lowland above ground permit hand threshing tie respectively panicles bundles then,"Harvesting Yield
Rice is ready for harvesting when the grains are hard and are Farmers' yields range between 1,200 and 3,000kg ha-1 (16-40
turning yellow/brown (about 30–45 days after flowering). bags) for swamp rice and 1,000 - 1,500kg ha-1 (13-20 bags) for
Harvest when 80–85% of the grains have turned straw colour to upland rice. With improved practices yields of up to 5,000 -
avoid shattering, this is usually about 4-5 weeks after at least 6,000 (about 73 bags) and 2,500- 3,000kg ha-1 (about 37 bags) of
50% flowering. Cut the rice stems with a sickle at about 15- paddy are possible for swamp/lowland and upland rice,
20cm above the ground to permit hand threshing. Tie the respectively.
panicles in bundles. Then place the tied-up bundles of harvested
rice crop in heaps for drying before threshing 80 percent of the Rice processing
paddy. Rice processing is the combination of several operations to
 convert paddy rice into well milled silky-white rice, which has
 superior cooking quality attributes. The majority of household
 prefer well milled rice (WMR) with little or no bran remaining
 on the endosperm.
 Objectives of rice processing are as follows:
  To produce a maximum number of unbroken grains that
 have had their bran layers uniformly removed, resulting
 in an appearance that is of a desired color and luster.
  Maximize practical through put capacity.
  Minimize consumption of power.
  Minimize consumption of consumable parts.
  Maximize productivity of human resource.
 Fig. 13: Matured rice field ready for harvest Most of Nigerian rice is produced by small-scale cottage
 processing industries and is consumed locally.
Storage
Rice paddy intended for storage should be properly dried. Rice Steps in cottage processing:
paddy should be stored in a cool, dry and rodent proof condition.
Clean the store (rumbu) before putting in your paddy. To protect Threshing:
the paddy against insect pests, use 1½ match boxes full of Threshing separates the paddy from the straw. Thresh
Actellic 2.5 dust to about 25 kg of paddy. Infested paddy should immediately after harvest to avoid losses. Use whacking frames
be fumigated with phostoxin in air-tight containers at the rate of or mechanical devices, but avoid threshing on bare ground.
one tablet per jute bag (100 kg paddy) or 10-15 tablets per ton of Traditionally threshing can be done by trampling with feet or
paddy. using a work bulls to trample on the rice. The second one is by","NAERLS Rice Production, Processing, Utilization and Marketing in Nigeria",https://naerls.gov.ng/wp-content/uploads/2022/11/Rice-Production-Processing-Utilization-and-Marketing-in-Nigeria.pdf,14,official_naerls_bulletin
naerls_0055,rice,official_extension_bulletin,rice pounding gently ears pin mortar pestle removed picked hands another method involves threshing done spreading tarpaulin mat either basket calabashes head pan paddy ground bundle threshed frame while chaff put one container carried air collects thresh carefully avoid second placed fall husking damaged become,"pounding gently on the rice ears pin in the mortar with pestle. are removed or picked with hands. Another method involves
Threshing can also be done by spreading tarpaulin or mat on the using either basket, calabashes or head pan, the paddy and the
ground and the bundle of rice ears threshed on the frame while chaff are put in one container and carried up in the air while the
the mat or tarpaulin collects the paddy. Thresh carefully to avoid second one is placed on the ground and the paddy fall from the
de-husking the paddy. Damaged paddy become stained and first container to the one placed on the ground while the wind
coloured after parboiling and milling. Threshing disadvantages blows the chaff away. The winnowing disadvantage includes;
include;  Ineffective separation when there is no wind.
  Grain breakage.  Paddy loss or waste if the wind is too strong.
  Rice paddy mixed with sand and stones.
  The process is energy draining because it is labour
 intensive.
  Low capacity of threshing.","NAERLS Rice Production, Processing, Utilization and Marketing in Nigeria",https://naerls.gov.ng/wp-content/uploads/2022/11/Rice-Production-Processing-Utilization-and-Marketing-in-Nigeria.pdf,15,official_naerls_bulletin
naerls_0056,rice,official_extension_bulletin,rice drying dry paddy safe moisture level fig traditional threashing field metal drum before storing freshly harvested does store well high temperatures remove foreign matter avoid localized heating spots sun slowly days winnowing mats spread concrete floors should done comes threshing separate first few reduce,"Drying
 Dry the paddy to a safe moisture level of between 12 and 14 %
 Fig. 14: Traditional rice threashing on the field using metal drum before storing. Freshly harvested paddy does not store well
 under high temperatures. Remove foreign matter in the paddy to
 avoid localized heating spots, sun-dry slowly for 2–3 days on
Winnowing: mats spread on concrete floors and should be done slowly for the
Winnowing comes after threshing; it is done to separate the first few days so as to reduce breakage during milling. Avoid
chaff and other contaminants from the rice paddy. It is done drying on bare floors to reduce contamination with sand, pebbles
traditionally by putting the paddy and the chaff in a flat tray and and other foreign matter as they reduce the quality of the rice.
shaken seriously in a circular motion and the contents tossed up
in the air, the air blows the chaff away and materials like stones","NAERLS Rice Production, Processing, Utilization and Marketing in Nigeria",https://naerls.gov.ng/wp-content/uploads/2022/11/Rice-Production-Processing-Utilization-and-Marketing-in-Nigeria.pdf,15,official_naerls_bulletin
naerls_0057,rice,official_extension_bulletin,rice parboiling ancient method processing widely developing countries like nigeria some exporting parboiled pbr produced both traditional modern methods treatment gelatinizes starch improves hardness upon drying minimizes breakage losses thus increases milling yield induces various physicochemical changes paddy which play important role subsequent storage cooking,"Parboiling:
Parboiling is an ancient method of rice processing, widely used
in the developing countries like Nigeria, and in some rice
exporting countries. Parboiled rice (PBR) is produced by both
traditional and modern methods. The parboiling treatment
gelatinizes the rice starch, improves the hardness of the rice
upon drying, minimizes the breakage losses and thus increases
the milling yield. Parboiling treatment also induces various
physicochemical changes in paddy rice which play an important
role in the subsequent storage, milling, cooking and eating
qualities. The local parboiling devices range from pottery to
boiler, use direct or indirect heating and single or double
steaming, which consume all different amounts of energy.
Agricultural residues are the main sources of energy for local
parboiling, especially the residues of rice processing industries. Fig. 17: rice after parboiled
However, sun drying is a common practice in local parboiling
processes. A nearby pond, river, lake or tube-well is the source
 Benefits of parboiled rice
of the water for parboiling. In Nigeria, over 90% of rice produce
 Eating parboiled rice is healthy and nutritionally beneficial. It is
are parboiled.
 easily digestible compared to the brown rice. Parboiled rice is
 not very different from brown rice, when it comes to nutritional
 content, it tastes far better and takes less time to cook. This alone
 should be reason enough to use parboiled rice compared to other
 rice varieties.","NAERLS Rice Production, Processing, Utilization and Marketing in Nigeria",https://naerls.gov.ng/wp-content/uploads/2022/11/Rice-Production-Processing-Utilization-and-Marketing-in-Nigeria.pdf,16,official_naerls_bulletin
naerls_0058,rice,official_extension_bulletin,rice advantages parboiled include low glycemic index scale which measures how quickly body turns food sugar high means gets converted very thus lead spike your levels hence unhealthy people problems diabetes found fig parboiling metal drums much lower compared untreated white great option diabetic,"Advantages of parboiled rice include;
  Parboiled rice has Low Glycemic Index: GI index is the
 scale which measures how quickly the body turns a food
 into sugar. A high GI index means that the food gets
 converted to sugar very quickly, and thus can lead to a
 spike in your sugar levels (and hence unhealthy for people
 with sugar problems or diabetes). It’s found that parboiled
 Fig. 16: Rice parboiling using metal drums rice has a much lower GI index compared to untreated
 white rice, and hence it’s a great option for diabetic people.","NAERLS Rice Production, Processing, Utilization and Marketing in Nigeria",https://naerls.gov.ng/wp-content/uploads/2022/11/Rice-Production-Processing-Utilization-and-Marketing-in-Nigeria.pdf,16,official_naerls_bulletin
naerls_0059,rice,official_extension_bulletin,rice rich source vitamins compared untreated heat continuously until husks crack which parboiled contains high percentage will put off removed water thiamine niacin help digest sugars converts carbohydrate energy vitamin disadvantages include content similar present brown prone injuries burn due unloading grain hot incorrect timing," Rich source of B vitamins: Compared to the untreated rice, heat continuously until the husks crack. After which the
 the parboiled rice contains a high percentage of B heat will be put off and the rice removed from the water.
 vitamins, thiamine and niacin, which help digest the sugars
 and converts carbohydrate into energy. The vitamin Disadvantages include:
 content in parboiled rice is similar to that present in brown  Prone to injuries or burn due to unloading of rice grain
 rice. from the hot water.
  Incorrect timing and uncontrolled temperature.
Disadvantages include;
 It requires more energy, water and time for processing and Some rice parboiling hardware’s are;
 cooking than untreated rice. (a) Improved Traditional Firewood Rice Parboiled: This is
 Over-parboiling results in over-opening of the husk made up of a hydro gravimetric tank filled with 12%
 components followed by bulging out of the endosperm brine solution to facilitate the removal of sand pebbles,
 which initiates surface scouring during milling and the straw defective and empty grains or any foreign material
 resultant ground particles being lost into the husk and bran. in the grain.
 Incomplete or non-uniform parboiling produces white- (b) Improved Steam firewood Rice parboiled: This system
 bellied rice, which breaks easily during milling, and has double tanks. One as a boiler and the second as a
 reduces the head rice yield. soaking and steamer tank. The boiler is placed on a
 furnace fired by wood and with pipe networks and
Local parboiling processes include: control valves for control of hot water and steam into the
 Soaking: it involves soaking of rice paddy in water for steamer. Hot water is allowed to flow into the steamer
 some time in order for the rice grain to attain high and for soaking. It is drained after soaking and steam is then
 uniform moisture content. Locally soaking is done by allowed to flow in for the steaming operation.
 submerging the rice grain in cool water for three to four
 days by the time in which fermentation must have taken Drying after parboiling:
 place thereby giving the rice grain an odour. This is done to bring the parboiled rice to low moisture content
 Steaming: this process involves heat – treating the rice (13 – 14% w.b). This moisture is quite safe for milling and
 grains. While heating the rice, the macro nutrients in the storage if the usage is not immediately. The rice paddy is spread
 aleurone layer of the grain are transferred into the on the concrete, tarpaulin or mats and not to be exposed directly
 endosperm and all enzymes and microbial activies are to the sun. Parboiled rice should be dried as much as possible
 destroyed thereby increasing storability and the nutritional under a shade. Drying should be done properly to avoid the
 content of the grain. Locally, the rice is soaked after the growth of mould on the paddy.
 water have reach boiling point, it is left in the water with","NAERLS Rice Production, Processing, Utilization and Marketing in Nigeria",https://naerls.gov.ng/wp-content/uploads/2022/11/Rice-Production-Processing-Utilization-and-Marketing-in-Nigeria.pdf,17,official_naerls_bulletin
naerls_0060,rice,official_extension_bulletin,rice disadvantages traditional local dry include contaminations sand stones removal bran polishing pest rodents birds lizards attack methods includes pestle pound space requirement time control mixture grains straws dewatered sugar cane guinea corn husks placed mortar chaff milling functions abrasive during pounding processing refers combined,"Disadvantages of traditional or local dry include:
 a. Contaminations by sand and stones. Removal of bran and polishing:
 b. Pest, rodents, birds and lizards attack. The traditional methods includes use of a pestle to pound a
 c. Space requirement and time control. mixture of rice grains and straws of dewatered sugar cane or
 guinea corn husks placed in a mortar. The sugar cane chaff and
Milling: guinea corn husks functions as abrasive during the pounding and
Milling in rice processing refers to the combined process of help in the polishing of the rice grains.
cleaning, husking, polishing and grading of rice grains or grain
size reduction process, for example to flours. Large scale processing:
 Most large scale processing involves the use of modern
Cleaning: technology equipment. Modern methods are energy and capital
Dried parboiled rice coming to the mill is first cleaned before the intensive, and are not suitable for small-scale operation at the
entire milling process. Contaminants or foreign particles are village level. Large scale processing consists of the following
separated from the grain by winnowing. In a large scale rice processing operations:
processing, heavier ones are separated by a machine called destoner. Traditionally, stones, sands and other foreign particles Electric rice parboiler
are removed by hand picking. This system is made up of two metal boxes, one placed within
 the other and the environment well insulated for heat
Disadvantage Includes: conservation. It comes with a heat bottom where bags of rice
  Time consuming grain are placed and other electrical heating elements which
  Ineffective in picking the stones and other materials. supply the heat.","NAERLS Rice Production, Processing, Utilization and Marketing in Nigeria",https://naerls.gov.ng/wp-content/uploads/2022/11/Rice-Production-Processing-Utilization-and-Marketing-in-Nigeria.pdf,18,official_naerls_bulletin
naerls_0061,rice,official_extension_bulletin,rice husking analyzer process removing husk paddy identify good immature dead damaged cracked locally done pestle pound discolored grains however automatic easy system gently mortar pounding grain winnowed developed inspect sample brown poured another continued till milled high accuracy repeatability fine product achieved broken disadvantages,"De-husking: Rice analyzer
This is the process of removing the husk from the paddy. Identify good, immature, dead, damaged, cracked, and
Locally, de-husking is done by using a pestle to pound the paddy discolored grains. However, an automatic, easy-to-use system
gently in the mortar. After pounding, the grain is winnowed and has been developed to inspect a 1000-grain sample of brown or
poured in the mortar for another pounding, this continued till a milled rice with high accuracy and repeatability.
fine product is achieved.
 Broken rice analyzer
Disadvantages include: The broken rice analyzer examines a 25- to 50-g sample of
 (a) Excessive grain breakage milled rice and determines its broken percentages based on
 (b) Energy tasking weight. Principle of broken rice analyzer: rice is transferred to
 (c) Time consuming an analysis tray for scanning; a broken rice analyzer is equipped","NAERLS Rice Production, Processing, Utilization and Marketing in Nigeria",https://naerls.gov.ng/wp-content/uploads/2022/11/Rice-Production-Processing-Utilization-and-Marketing-in-Nigeria.pdf,18,official_naerls_bulletin
naerls_0062,rice,official_extension_bulletin,rice artificial intelligence advanced image processing aspiration section separates light materials paddy capabilities allowing cleaned drop bottom outlet removes objects significantly separation broken grains whole lighter than dust husks such keys removed process performance cleaners uniformity feed called length grading actions later these perforation size,"with artificial intelligence and advanced image-processing The aspiration section separates light materials from the paddy,
capabilities. allowing the cleaned paddy to drop through to a bottom outlet.
 The aspiration section removes objects that are significantly
Separation of broken grains from whole grains: lighter than rice (i.e., dust, husks, and such). Keys to the
Broken grains are removed from whole grains through a process performance of paddy cleaners are (a) uniformity of feed, (b)
called length-grading actions. Later these broken grains can perforation size and shape, and (c) air velocity. These determine
either be marketed separately or blended with whole grains to the effectiveness of screening and aspiration and affect through
produce specific products. out capacity of the machine.","NAERLS Rice Production, Processing, Utilization and Marketing in Nigeria",https://naerls.gov.ng/wp-content/uploads/2022/11/Rice-Production-Processing-Utilization-and-Marketing-in-Nigeria.pdf,19,official_naerls_bulletin
naerls_0063,rice,official_extension_bulletin,rice sifters stoner involves separation milled whole depending variety harvesting techniques broken grains done typically high capacity foreign objects may present paddy simple gravity moderately efficient length grader separator called fluidizes bed then conveys heavier stones side sloping screen color sorting lighter contact conveying surface,"Sifters De-stoner
This involves the separation of milled rice into whole and Depending on the rice’s variety and harvesting techniques,
broken grains. It is done typically with a high- capacity, foreign objects may be present in paddy. A simple gravity
moderately efficient length grader. separator, called a de-stoner, fluidizes a bed of paddy and then
 conveys the heavier stones to the high side of a sloping screen.
Color sorting The lighter paddy is not in contact with the conveying surface
The objectives of the color sorting are to improve the quality of and thus moves downward under the force of gravity. In this
rice and the yield. The advantage of color sorting includes the way stones are removed from the paddy stream. After paddy
following: cleaners remove foreign materials and seeds that are (a) wider
  Removal of unwanted paddy and other foreign materials than rice, (b) shorter than rice, and (c) less dense than rice, a
  Removal of inorganic materials including clear and white process is required to remove objects, such as stones, mud, and
 impurities such as glass fragments, plastics, and stones even dense glass, which are denser than rice.
  Removal of stained rice
  Removal of ‘‘peck’’ (dark spot) damage De-husking
 This process removes the outer part of paddy rice (husk and
Paddy cleaner: bran) to make it edible. There are three main types of husking
The paddy cleaner consists of screening and aspiration sections. machine, including stone de-hullers, rubber rolls and impeller
An oscillating movement applied to the sloping screen by type huskers. Stone de-hullers are still common in tropical Asia,
vibratory motors causes paddy to move downward across the where BR is immediately milled with either an abrasive or a
screen surface. Paddy cleaners provide screening and aspiration friction mill. It has been reported that different types of liner
operations in perforated screen (upper screen) removes objects significantly affect the husking performance. It has also been
that are appreciably wider than rice (i.e., seed in pods, corn, reported that the Engelberg-type or steel hullers are no longer
beans, or other), whereas a round perforated screen (lower acceptable in the commercial rice milling sector, as they lead to
screen) removes objects that are significantly shorter than rice. low milling recovery and high grain breakage. Abrasive or","NAERLS Rice Production, Processing, Utilization and Marketing in Nigeria",https://naerls.gov.ng/wp-content/uploads/2022/11/Rice-Production-Processing-Utilization-and-Marketing-in-Nigeria.pdf,19,official_naerls_bulletin
naerls_0064,rice,official_extension_bulletin,rice friction type milling machines remove bran provides basic product information including common reported abrasive mill over readily name list ingredients net quantity durable life date engelberg huller husking grade quality country origin address performed one step greater grain breakage manufacturer dealer importer husker before,"friction type milling machines are used to remove the bran. It  It provides basic product information (including common
has been reported that the abrasive mill can over-mill readily. In name, list of ingredients, net quantity, durable life date,
the Engelberg or huller type mill, de-husking and milling are grade/quality, country of origin and name and address of
performed in one step with greater grain breakage. Using a de- manufacturer, dealer or importer);
husker before milling improves both the milling and head rice  It provides health, safety, and nutrition information. This
yields. During parboiling treatment the husk splits and loosen, includes instructions for safe storage and handling,
which makes de-husking easier. nutrition information such as the quantity of fats, proteins,
 carbohydrates, vitamins and minerals present per serving
Water mist polishing of stated size of the food (in the Nutrition Facts table), and
One of the goals in rice processing is enhancing the quality of specific information on products for special dietary use;
the finished rice. The ‘‘water mist’’ polishing machine was  It acts as a vehicle for food marketing, promotion and
developed as a processing step to improve the finish or advertising (via label vignettes, promotional information
appearance of milled rice. As the name suggests, this machine and label claims such as low fat, cholesterol-free, high
uses a fine mist or spray of water to remove traces of dust, bran, source of fibre, product of Nigeria, natural, organic, no
and rice polish from the surfaces of milled rice grains. preservatives added, and so on).
Moreover, bran and polish hidden deep inside the grooves of All statements designed to promote the consumption or sale of
rice grains can be stripped away. The water mist and the rice are considered to be advertising and therefore are subject to
subsequent rubbing action of the machine impart a high polish or a variety of legislation from the Standards Organization of
luster to the milled rice, which substantially elevates its Nigeria (SON) and National Agency for Food and Drug
appearance. From a dull appearance, the rice grains are Administration and Control (NAFDAC).
transformed into shiny, almost translucent kernels, which have
good visual appeal and shiny appearance.","NAERLS Rice Production, Processing, Utilization and Marketing in Nigeria",https://naerls.gov.ng/wp-content/uploads/2022/11/Rice-Production-Processing-Utilization-and-Marketing-in-Nigeria.pdf,20,official_naerls_bulletin
naerls_0065,rice,official_extension_bulletin,rice beneficial products over other crops brown regular parboile precoo table contains following nutrients based white ked every variety cup each enriched nutrient uncoo coo dry rea serv ash gms calcium mgs water iron food energy phosphor kcal ous protein sodium fat potassiu carbohy drate,"Beneficial use of rice and rice products / over other crops BROWN REGULAR PARBOILE PRECOO
Table 2: Rice contains the following Nutrients based on 100g of WHITE D WHITE KED
 every variety and using ½ cup each (enriched) (enriched) WHITE
 (enriched)
 BROWN REGULAR PARBOILE PRECOO
 Nutrient Uncoo Coo Uncoo Coo Uncoo Coo Dry Rea
 WHITE D WHITE KED
 s of Rice ked ked ked ked ked ked For dy to
 (enriched) (enriched) WHITE
 100g 1/2 100g 1/2 100g 1/2 m Serv
 (enriched)
 cup cup cup 100 e
Nutrient Uncoo Coo Uncoo Coo Uncoo Coo Dry Rea = = = g 1/2
s of Rice ked ked ked ked ked ked For dy to 98g 79g 79g cup
 100g 1/2 100g 1/2 100g 1/2 m Serv =
 cup cup cup 100 e 83g
 = = = g 1/2
 Ash 1.5 0.5 0.6 0.3 0.7 0.2 0.5 0.2
 98g 79g 79g cup
 (gms)
 =
 83g Calcium 23 10 28 8 55 15 22 7
 (mgs)
Water 10.4 71.3 11.6 54.1 9.7 55.6 8.4 59.4
(%) ** ** ** ** ** **
 Iron 1.5 0.4 4.3 1.0 5.3 1.4 6. 1.5
 (mgs) 3
Food 370 108 365 103 374 97 380 97
Energy Phosphor 333 81 115 34 156 43.5 118 31
(Kcal) ous
 (mgs)
Protein 7.9 2.5 7.1 2.1 8.1 2.3 7.8 1.8
(gms) Sodium 7 *** 5 *** 3 *** 10 ***
 (mgs)
Fat (gms) 2.9 0.9 0.7 0.2 1.04 0.3 0.9 0.4
 Potassiu 223 42 115 28 187 44 27 7.5
Carbohy 77.2 22.4 80 22.3 80.4 20.6 82.3 20.7
 m (mgs)
drate:
Total ** ** ** ** ** **
 Thiamin 0.4 0.09 0.58 0.1 0.7 0.1 0. 0.0
(gms) (mgs) 3 7 93 6
Dietary 3.5 1.8 1.3 0.3 2.2 0.7 1.9 0.5 Riboflavi 0.09 0.02 0.05 0.01 0.05 0.02 0.03 0.01
Fiber n (mgs)
(gms) ** ** ** ** ** **
 Niacin 5.1 1.5 4.2 1.1 5.1 1.8 7 1.4","NAERLS Rice Production, Processing, Utilization and Marketing in Nigeria",https://naerls.gov.ng/wp-content/uploads/2022/11/Rice-Production-Processing-Utilization-and-Marketing-in-Nigeria.pdf,21,official_naerls_bulletin
naerls_0066,rice,official_extension_bulletin,rice brown regular parboile precoo low fat salt cholesterol white ked suitable include diet enriched watching weight free therefore excellent food lowering contains small amount bran oil nutrient uncoo coo dry rea serv gluten cup some people unable tolerate proteins found wheat barley rye oats,"BROWN REGULAR PARBOILE PRECOO Rice is low in fat, salt and has no cholesterol:
 WHITE D WHITE KED Being low in fat, rice is suitable to include in a diet for those
 (enriched) (enriched) WHITE watching their weight. Rice is also cholesterol free, therefore
 (enriched) being an excellent food to include in a cholesterol lowering diet.
 Brown rice contains a small amount of rice bran oil.
Nutrient Uncoo Coo Uncoo Coo Uncoo Coo Dry Rea
s of Rice ked ked ked ked ked ked For dy to
 100g 1/2 100g 1/2 100g 1/2 m Serv Rice is gluten free:
 cup cup cup 100 e Some people are unable to tolerate the proteins found in wheat,
 = = = g 1/2 barley, rye, and oats. These people choose foods that are gluten
 98g 79g 79g cup free. All rice is gluten free, making rice the essential choice for
 = people with gluten free dietary requirements.
 83g
(mgs) 7 Rice contains no additives or preservatives:
 Rice contains no additives or preservatives, making it an
 ** *** ** ** ** **
Folate 20 4 231 46 257 64 27 58 excellent inclusion in a healthy and balanced diet. Rice also
(mgs) 5 contains resistant starch, which is the starch that reaches the
Vitamin 1.2 0.03 0.11 0.03 0.03 0.01 0.0 0.01 bowel undigested. This encourages the growth of beneficial
E (mgs) 4 bacteria, keeping the bowel healthy.
Source: USDA National Nutrient Database
 Rice marketing
 Rice production and consumption in Nigeria presently is beyond
Benefit of rice/ superiority to others: the traditional levels as a result of introduction of several
Rice is an excellent food to help keep the body healthy. Rice has improved cultivars, improved production practices as well as
the following nutritional benefits: improved processing, marketing and utilization techniques and
 equipment. The price of rice as any other crop is cheapest at the
 Excellent source of carbohydrates time of harvest and increases during the periods of scarcity.
 Good energy source Farmers are advised not to sell their harvest immediately after
 Low fat harvest, but to provide good storage to derive more profits by
 Low salt selling when demand is highest. There are many sources through
 No cholesterol which farmer can sale his paddy/grain and should take the
 Low sugar advantage of the opportunity to sell to the highest bidder this is
 No gluten usually between March to July every year.
 No additives
 No additives","NAERLS Rice Production, Processing, Utilization and Marketing in Nigeria",https://naerls.gov.ng/wp-content/uploads/2022/11/Rice-Production-Processing-Utilization-and-Marketing-in-Nigeria.pdf,22,official_naerls_bulletin
naerls_0067,rice,official_extension_bulletin,rice survey naerls show price bag milled table estimated gross net income swamp north steadily increased upland production first quarter report indicated item lowland steady increase southern part country grain yield bags although there record paddy prices nigeria however farmer total cost recommended practices per,"Survey by NAERLS show that the price of a bag of milled rice Table 4: Estimated gross and net income for swamp and
in the north steadily increased from N11, 000.00 in 2009 to N14, upland rice production
000:00 in the first quarter of 2013. The report also indicated a s/no Item Swamp/lowland upland
steady increase in the price of milled rice in the southern part of
the country from N10, 700:00 in 2009 to N14, 100:00 in the first 1 Grain yield (bags) 73 37
quarter of 2013. Although, there is no record of paddy prices in
the southern part of Nigeria, however, the price of paddy rice 2 Gross income in 346, 020:00 175, 380:00
has also increased in the north from N4, 420:00 in 2009 to N5, (N/ha)
060:00 in the first quarter of 2013.
Survey of farmer’s production record indicated that total 3 Production cost 81, 600 81, 600:00
production cost of rice under recommended practices is N81, (N/ha)
600:00 per hectare see table 3.
 4 Net income (N/ha) 264, 420:00 93, 780:00
 Table 3: Average production cost of cultivating 1 ha of rice
 5 profitability *3.24 *1.15
 s/no Activity/item Cost(N)
 1 Land preparation 7, 000:00
 2 Planting 3, 000:00 Rice marketing channel
 3 Seed 16, 000:00 The rice marketing channel is simply the path through which
 4 Fertilizer 34, 400:00 rice moves from the producer to the final consumers. Rice
 5 Weeding 8, 000:00 marketing channels indicate how the various market participants
 6 Harvesting 13, 200:00 are organized to accomplish the movement of a rice product
 Total 81, 600:00 from the producer to the final consumer.
 The market for rice in Nigeria is not specialized and the rice
Considering the yield of rice of up to 5,000 - 6,000kg ha-1 (about value chain is under-developed. Almost all of the paddy rice
73 bags) for swamp and 2,500- 3,000kg ha-1 (about 37 bags) for produced is marketed and utilized for local consumption. Paddy
upland rice depicts that the profitability of swamp/lowland rice rice, local parboiled rice or imported rice is usually sold in the
production is higher than that of upland rice production see table local markets. The following major marketing routes can be
4. The analysis shows that for each naira spent on lowland rice a identified for rice marketing in Nigeria.
profit of three naira twenty four kobo is gained, while on upland
production on each naira spent a profit of one naira fifteen kobo
is gained.","NAERLS Rice Production, Processing, Utilization and Marketing in Nigeria",https://naerls.gov.ng/wp-content/uploads/2022/11/Rice-Production-Processing-Utilization-and-Marketing-in-Nigeria.pdf,23,official_naerls_bulletin
naerls_0068,rice,official_extension_bulletin,rice source adapted modification olukosi isifor ode market nigeria lot potentials expansion value addition modern processing equipments stoning machine example one way developing viable local will benefit small medium scale entrepreneurs done following marketing agencies functions routes exploited intermediaries carry out offer services order understand,"Source: Adapted with modification from Olukosi, Isifor and
 Ode (2005)
Rice market in Nigeria has a lot of potentials for expansion Source: Adapted with modification from Olukosi, Isifor and
through the value addition. Modern processing equipments and Ode (2005)
de-stoning machine for example, is one way of developing a
viable market for local rice as it will benefit small to medium
scale entrepreneurs. If this is done, the following marketing Marketing agencies and their functions in rice marketing
routes can be exploited for rice marketing in Nigeria. Marketing agencies or intermediaries carry out marketing
 functions or offer marketing services. In order to understand the
 part they play in rice marketing, it is important to distinguish
 each by the functions and services they undertake rather than by
 the ownership of the produce they handle:
 (a) Rural buyers; this group of middlemen undertakes the
 initial task of assembling rice from farms or local rural
 markets. They may be farmers who collect the produce
 of other cultivators. The rural buyer may either act on
 commission or purchase on his own account.","NAERLS Rice Production, Processing, Utilization and Marketing in Nigeria",https://naerls.gov.ng/wp-content/uploads/2022/11/Rice-Production-Processing-Utilization-and-Marketing-in-Nigeria.pdf,24,official_naerls_bulletin
naerls_0069,rice,official_extension_bulletin,rice wholesalers wholesaler central role play head household size educational status marketing system takes product farms heads poor quality local rural buyers sells retailers other major problem consumption households consumers domestic market processors nigeria appear display distinct preference imported main function over which led price,"(b) Wholesalers; the wholesaler has a central role to play in the head of household, household size and the educational status
 rice marketing system. He takes the product from farms of the heads of household. The poor quality of the local rice is a
 or rural buyers and sells to retailers, to other wholesalers major problem to its consumption by households. Consumers in
 in the domestic market and to processors. Nigeria appear to display a distinct preference for imported rice
 (c) Retailers; the main function of the retailers in rice over domestic rice, which has led to a market price premium for
 marketing is to obtain supplies and display them for sale imported rice. Rice demand in Nigeria is affected by the total
 in forms and at times and places convenient for the expenditure of household and quality. Quality is important in the
 consumers. Usually the retailer buys from one or more demand for rice, even in the rural areas. Rural households also
 wholesalers, sometimes on credit and serves consumers value quality and respond more than urban households for every
 who buy smaller quantities on daily basis. 1% increase in their income.
 (d) Commission agent; These specialized in buying and Habit persistence and perceived quality differences both play an
 selling rice on behalf of producers and wholesalers who important role in explaining consumer preference for imported
 cannot conveniently attend the markets in person. They rice in Nigeria. Research on imported rice consumer’s
 run no risk, but must do at least as well for their client as preferences suggest that imported rice cleanliness is the main
 the clients could do themselves, if they are to attract feature explaining the expansion of imported rice consumption
 business. in Nigeria at the cost of local rice market development. Next to
 (e) Brokers; this group of middlemen specialize in bringing cleanliness are swelling capacity (mostly preferred by
 buyers and sellers together. Brokers do not take title to or restaurants and fast food joints), taste, availability and grain
 physically handle goods, but specialized in providing an shape.
 intimate knowledge of supplies, requirements and prices The second explanation is that the long history of consuming
 in various markets. imported rice in Nigeria has led to habit persistence, which
 (f) Speculative middlemen; this group of middlemen buy makes it more difficult for locally produced rice to compete with
 rice with the aim of selling them at a time when prices the imported rice. It has also been shown that, as the income and
 rise. They often attempt to earn their profit from short- the educational status of the household appreciates; households
 run fluctuations in prices. tend to prefer the imported rice to the local rice.
 An important implication is that policies designed to encourage
Rice consumption: preferences and consumer awareness production of relatively high quality local rice, thereby replacing
issues imported rice in consumption baskets, will face considerable
Rice is utilized mostly at the household level, where it is inertia due to the persistence of consumer habits and mindset
consumed as boiled or fried with stew in Nigeria. The major regarding purchase and consumption of imported rice, even if
factors that significantly influence household preferences for the locally produced rice is of comparable quality. Companion
either a combination of local and imported rice or the imported policies designed to shift consumer-buying habits and alter
rice only to the local rice have been reported to be the income of already established cultural mindset via extension (as well as","NAERLS Rice Production, Processing, Utilization and Marketing in Nigeria",https://naerls.gov.ng/wp-content/uploads/2022/11/Rice-Production-Processing-Utilization-and-Marketing-in-Nigeria.pdf,25,official_naerls_bulletin
naerls_0070,rice,official_extension_bulletin,rice advertising promotion programs will required grain reported consist starch overcome consumption inertia water only protein full complement amino public private sector need strengthened towards acids highly digestible excellent biological utilization modern equipment local industry value efficiency ratio owing presence such efforts expected improve nigerian,"advertising) and promotion programs will be required to The rice grain is reported to consist of 75-80 % starch, 12 %
overcome this consumption inertia. water and only 7 % protein with a full complement of amino
The public and private sector need to be strengthened towards acids. Its protein is highly digestible with excellent biological
the utilization of modern equipment for the local rice industry. value and protein efficiency ratio owing to the presence of
Such efforts are expected to improve the Nigerian local rice higher concentration (about 4 %) of lysine. Minerals like
grade, thereby enhancing its competitiveness amongst the rice calcium, magnesium and phosphorus are present along with
varieties consumed by Nigerian households. Extension activities some traces of iron, copper, zinc and manganese.
will be undertaken to raise the awareness of the middle class and The different layers of rice seed (outer hull, caryopsis, aleurone,
the general populace on the adverse consequences of importing subaleurone and endosperm) and the embryo contain differing
large tonnages of rice into Nigeria, at the expense of the nation’s amounts of nutrients. Dietary fibre, minerals and B vitamins are
domestic rice market. Government and extension agents can highest in the bran and lowest in the aleurone layers; the rice
play pivotal roles in such campaigns. endosperm is rich in carbohydrate and contains a fair amount of
 digestible protein, with an amino acid profile which compares
Rice nutrition and benefits favourably to other grains. Rice is a good source of B vitamins,
Rice is a predominant staple food in Nigeria, providing thiamine, riboflavin and niacin, but contains little to no vitamin
significant proportions of dietary energy supply, dietary protein C, D or beta carotene, the precursor of vitamin A. The amino
and dietary fat. Rice can contribute nutritionally significant acid profile of rice is high in glutamic and aspartic acids, but low
amounts of thiamine, riboflavin, niacin and zinc to the diet, but in lysine. The main anti-nutritional factors, most of which are
smaller amounts of other micronutrients. Rice has a healthful concentrated in the bran, are phytate, trypsin inhibitor,
image and research has demonstrated that particular components oryzacystatin and haemagglutinin-lectin.
of rice can help reduce risk factors associated with heart disease Based on an average consumption of 300g of rice for an adult
and colon cancer. Even though rice is an industrialized seed- male and 250g of rice for an adult female in Asian countries, a
based food, the difference between its glycemic load and those male aged between 19 and 50 years, consuming the cooked
of most industrialized carbohydrate-rich foods is large. The equivalent of 300g of raw rice per day, white rice supplies: 2-5%
amount of carbohydrate per gram in white rice is about half that of the Recommended Nutrient Intake (RNI) of calcium, folate
of white bread. One of the reasons is that the water content in and iron; 9-17% of the RNI of riboflavin, thiamine and niacin;
rice, as usually consumed, is comparable to that in fruits. Rice’s and 21% of the RNI of zinc. Rice provides no vitamin C or A.
glycemic load is 15 (medium), which is half the glycemic load With brown rice the RNI is increased for all nutrients except
of 30 (high) of white bread. White rice combines this utilitarian riboflavin: the RNI of iron, thiamine and niacin is increased by
purpose with a very low anti-nutrient content. It is often said that more than 10 percent. Due to the greater quantity of phytate in
white rice’s nutrient content is very low, but this problem can be brown rice, the bio-availability of many nutrients decreases,
easily overcome particularly iron, zinc and calcium (to which it chemically
 bonds). Further analysis is required in order to gain a full","NAERLS Rice Production, Processing, Utilization and Marketing in Nigeria",https://naerls.gov.ng/wp-content/uploads/2022/11/Rice-Production-Processing-Utilization-and-Marketing-in-Nigeria.pdf,26,official_naerls_bulletin
naerls_0071,rice,official_extension_bulletin,rice understanding difference brown white further reading terms bio availability nutrients supplies smaller proportion rni all women due adeosun oniybe production nigeria portion consumed greater requirements extension bulletin agricultural research liaison certain particularly iron services ahmadu bello university zaria cholesterol lowering properties bran produced mixed,"understanding of the difference between brown and white rice in Further Reading
terms of the bio-availability of nutrients. Rice supplies a smaller
proportion of the RNI of all nutrients for women, due to the Adeosun, J. O. and Oniybe, J. E.. 2005. Rice Production In Nigeria.
smaller portion consumed and the greater requirements for Extension Bulletin No. 8. Agricultural Extension & Research Liaison
certain nutrients, particularly iron. Services Ahmadu Bello University, Zaria
Research on the cholesterol-lowering properties of rice bran has
produced mixed results. Some studies indicate that rice bran Chude, V. O., Olayiwola, S. O., Osho A. O. and C. K. Daudu
and/or rice bran oil reduce plasma cholesterol in test animals (Editors). 2011. Fertilizer Use And Management Practices For
while others have shown no effect. Studies also indicates that Crops In Nigeria, 4th Edit ion. Federal Fertilizer Department,
under the proper conditions, the oryzanol found in rice may be Federal Ministry Of Agriculture And Rural Development,
as good or better than other, similar plant compounds currently Abuja.
used in margarines to reduce cholesterol
 Lawal, A.O., Chikwendu D.O., M.A., Gwarzo and Kaura, M.B
 (2005).Technologies and Economics of Rice processing.
 Extension Bulleting. No 106","NAERLS Rice Production, Processing, Utilization and Marketing in Nigeria",https://naerls.gov.ng/wp-content/uploads/2022/11/Rice-Production-Processing-Utilization-and-Marketing-in-Nigeria.pdf,27,official_naerls_bulletin
naerls_0072,rice,official_extension_bulletin,rice lyon effects degree milling drying condition moisture content sensory texture cooked cereal chemistry juliano bechtel grain gross composition technology american association chemists eagan usa olukosi isifor moses agricultural marketing prices principles applications edition living books series publications abuja fct isbn,"Lyon, B.G.. (1990).Effects of degree of milling, drying
 condition and moisture content on sensory texture of cooked
 rice. Cereal Chemistry, 76, 56-62. Juliano, B.O. & Bechtel, D.B.(1985). The Rice Grain and Its
 Gross Composition. In Rice Chemistry and Technology, 2nd
 ed.; Juliano, B.O., Ed.; American Association of Cereal
 Chemists: Eagan, MN, USA, pp. 17-57. Olukosi, J. O., Isifor, S. U. and Moses, O. O., Agricultural
 Marketing and Prices: Principles and Applications 3rd Edition,
 Living Books Series, GU Publications, Abuja, FCT (2007),
 ISBN 978-2022-23-3","NAERLS Rice Production, Processing, Utilization and Marketing in Nigeria",https://naerls.gov.ng/wp-content/uploads/2022/11/Rice-Production-Processing-Utilization-and-Marketing-in-Nigeria.pdf,27,official_naerls_bulletin
naerls_0073,tomato,official_extension_bulletin,tomato naerls wishes acknowledge financial support katsina heat tolerance defined ability certain state government fao production bulletin varieties set fruits high temperatures lower updated current information than some plants continue produce even during tolerant irrigation periods extreme humidity drought heatand value addition these perishable crops,"NAERLS wishes to acknowledge the financial support of Katsina Heat tolerance in tomato is defined as the ability of certain
State Government and FAO for the production of this bulletin. varieties of tomato to set fruits under high temperatures not lower
The bulletin has been updated with current information on the than 210C. Some tomato plants continue to produce even during
Production of Heat-Tolerant Tomato under Irrigation. Production periods of extreme heat and humidity or heat and drought. Heatand value addition of these perishable crops are of great tolerance is a phrase to look for when selecting the best varieties to
importance to the well-being of our farmers. grow during hot dry seasons. This is because most tomato varieties
 do not tolerate hot and humid weathers especially during fruit
Authors: production and maturity. This is because such weather conditions
M. M. Jaliya, B. M. Sani, A.A. Yakubu and Adamu I. Arab cause fruit abortion, poor quality fruits and may also harbor pests
 and diseases due to high humidity with is accompanied by warm,
 humid nights that can lead to fungal diseases. Tomato
Revised January, 2016 (Lycopersicon esculentum Mill) is an important vegetable crop in
 many parts of the world including Nigeria. Tomato fruit is an
 essential component of the diet of man and also an important
 industrial commodity. Large scale tomato is grown in the
 Northern Guinea and Sudan savannah of Nigeria, where relatively
 high yield could be realized by planting between June and
 December. Planting between March and May results in low yields
 that cannot sustain demand. This low yield is due to the
 prevalence of temperatures considered too high (above 320C,
 day/night) for fruit set. The better night temperature for tomato
 production is between 15.60C and 21.10C. Only few tomato types
 have tolerance to high temperature fruit set, a character in great
 demand by growers. Efforts are still in progress to come out with
 varieties that would tolerate high temperature i.e heat tolerant
 varieties.",NAERLS Heat-Tolerant Tomato Production Under Irrigation,https://naerls.gov.ng/wp-content/uploads/2022/11/Heat-Tolerant-Tomato-Production-Under-Irrigation.pdf,2,official_naerls_bulletin
naerls_0074,tomato,official_extension_bulletin,tomato implying major part observable variation long stretches warm nighttime temperatures however plants environmental nature will stop setting causing subsequent gap production heat tolerant varieties recent years flood new bred greater these continue produce fruit when tolerance known set tomatoes hot high some commonly grown,"19%, implying that the major part of the observable variation is long stretches of warm nighttime temperatures, however, the plants
environmental in nature. will stop setting, causing a subsequent gap in tomato production. 3.0 Heat-Tolerant Tomato Varieties In recent years, a flood of new varieties has been bred for greater
These are tomato varieties that will continue to produce fruit when heat tolerance. Known as “heat-set” tomatoes, or “hot-set”
temperatures are high. tomatoes, some commonly grown hybrids are ‘BHN 216,’
 ‘Florasette,’ ‘Florida 91,’ ‘Heatwave II,’ ‘Solar Fire,’ ‘Summer
 Set,’ ‘Sunchaser,’ ‘Sun Leaper,’ ‘Sunmaster,’ ‘Sun Pride’ and
 ‘Talladega.’ According to the specialist in Extension System, many
 heat-set varieties also perform well in cool, rainy weather.",NAERLS Heat-Tolerant Tomato Production Under Irrigation,https://naerls.gov.ng/wp-content/uploads/2022/11/Heat-Tolerant-Tomato-Production-Under-Irrigation.pdf,3,official_naerls_bulletin
naerls_0075,tomato,official_extension_bulletin,tomato faced long bouts daytime temperatures higher than florida heatwave solar fire degrees fahrenheit nights above tomatoes may fail set fruit plants look dark green vigorous some heirloom varieties heat tolerant well these evidence all other growing conditions favorable include arkansas traveler eva purple ball,"Faced with long bouts of daytime temperatures higher than 85
 Florida 91 Heatwave II Solar Fire
degrees Fahrenheit and nights above 72 degrees, tomatoes may fail
to set fruit. The plants may look dark green and vigorous —
 Some heirloom tomato varieties are heat-tolerant as well, and these
evidence that all other growing conditions are favorable — but
 include ‘Arkansas Traveler,’ ‘Eva Purple Ball,’ ‘Hazelfield Farm,’
have blossoms that dry up and fall off.If the heat spell lasts no
 ‘Homestead 24,’ ‘Illinois Beauty,’ ‘Neptune,’ ‘Ozark Pink’ and
more than a week, the tomato plants will quickly recover. During
 5 6",NAERLS Heat-Tolerant Tomato Production Under Irrigation,https://naerls.gov.ng/wp-content/uploads/2022/11/Heat-Tolerant-Tomato-Production-Under-Irrigation.pdf,3,official_naerls_bulletin
naerls_0076,tomato,official_extension_bulletin,tomato tropic additionally some cold set varieties such soil type stupice all weather standouts because they able grown wide range types sandy function hot too handful cherry loams clay soils high organic matter however lollipop yellow pear well prolonged drained fertile medium texture good depth,"‘Tropic.’ Additionally, some “cold-set” varieties, such as 4.2 SOIL TYPE
‘Stupice,’ are all-weather standouts because they’re able to Tomato can be grown in a wide range of soil types from sandy
function in hot weather, too. A handful of cherry tomato varieties, loams to clay loams and in soils high in organic matter. However, a
such as ‘Lollipop’ and ‘Yellow Pear,’ also do well in prolonged well-drained fertile soil of medium texture and good depth is most
stints of heat. Other varieties are T1 205 heat tolerant, T1 539 heat suitable. It warms up quickly, possessed high available moisture
tolerant T1, 206 heat tolerant, and T1 204 heat tolerant holding capacity and provide an adequate rooting medium to carry
 the crop through the dry season.
Tomato growers often choose heat-tolerant tomato varieties for
summer and fall production — a strategy growers farther north 5.0 SITE SELECTION
may want to emulate now that climate change is causing hotter The site selected for the crop should be protected from wind blow
summers in most regions. When growing tomatoes in hot especially north and east winds in the northern part of Nigeria.
temperatures, you can boost your success rate by planting deeper Temporary wind breaks should be established where natural shelter
(where the soil temperatures are lower), providing afternoon shade, is absent. Shelter is needed most by the plants during the first
watering in the morning and using thick organic mulch to keep soil month in the open field, It may be a disadvantage later in the
cool. season when freely circulating air is required to help check the
 spread of blight disease, Sometimes existing wall and buildings
4.0 ENVIRONMENTAL CONDITION may be used for shelter, The site should be accessible to market,
 Tomato has a vigorous root system, and can be grown successfully
4.1 TEMPERATURE. in either sandy or clay soils. However to obtain good fruits, it is
The optimum growing temperature for tomato is between 22 to best to select a field with deep fertile topsoil which has good
260C in the day time and 14 to 160C at night. It is difficult to drainage and water holding capacity. A fertile well drained (loamy)
locate production site with this temperature range in the low land soil devoid to insects particularly nematode should be selected.
tropics, which have a shorter cool season than subtropical areas. In
addition the higher temperatures of the tropics cause more pests 6.0 LAND PREPARATION
and disease problems and have often produced lesser quality fruits. Once a perfect site for planting tomato is selected, a time is then
Fall and a writer season areas are generally cool and dry, allocated and spend on land preparation. Land clearing is the first
climatically, this is an ideal tomato producing area. Tomato grown thing to be done in land preparation; shrubs, grasses and other
under optimum temperatures are best for both flowering and fruit debris should be cut, gathered in heaps and burnt. Soil testing is
setting, Growth is not inhibited even if the night temperature drop next after land clearing. It is done to know the soil PH, its nutrients
to 130C. However the day temperature is should be above 150C for and chemical contents. Knowing the nutrients and chemical
good pollination. Too high temperature causes the flowers to drop composition of the soil will provide a guide in selecting fertilizers
and there is poor fruit setting. Heat tolerant tomato varieties have to be used. Soil sample should be taken from selected points across
the advantage of resisting the problem of too high temperature. the planting area for testing. Tomato grow best in slightly acidic
 soil with PH level between 6.0 and 7.0 – optimum level is between
 6.5 and 7.0. If the soil’s PH isn’t within that range, some
 adjustments need to be made. To lower the soil’s PH, put Sulfur
 7 8",NAERLS Heat-Tolerant Tomato Production Under Irrigation,https://naerls.gov.ng/wp-content/uploads/2022/11/Heat-Tolerant-Tomato-Production-Under-Irrigation.pdf,4,official_naerls_bulletin
naerls_0077,tomato,official_extension_bulletin,tomato soil mix thoroughly raise put lime seeds germinate allow sturdy growth seedlings seed rate recommended anon better land preparation should pre irrigated then ploughed harrowed obtain fine tilth farm spacing transplanting yard manure incorporated during considered ready when they well pulverized breaking all clods,"into the soil and mix thoroughly. To raise the soil’s PH, put lime seeds germinate to allow sturdy growth of the seedlings. The seed
into the soil and mix thoroughly. rate of 0.25-0.5kg/ha is recommended (Anon., 1987).
For better land preparation, the land should be pre-irrigated, then
ploughed and harrowed thoroughly to obtain a fine tilth. Farm 8.0 SPACING AND TRANSPLANTING
yard manure can be incorporated during land preparation. The Seedlings are considered to be ready for transplanting when they
land should be well pulverized by breaking up all clods manually are about 10 to 13 cm high, or when 4-5 leaves emerged. While
or using any equipment for pulverization. Stones and weed should uprooting the seedlings, care should be taken that roots are not
also be removed to give an area of fine tilth. broken. For this reason it is advisable that seedbed be thoroughly
To prevent nematode infection, chemical called Nemagon-20 can watered or irrigated before uprooting. The seedlings could then be
be mixed with the soil during land preparation at the rate of uprooted separately either by hand or with a garden fork.
70kg/ha. The land can be made into ridges or basins as required. Transplanting is better done in the late afternoon or early morning
 or on cloudily day and immediately after uprooting the seedlings.
 Spacing of 45cm is appropriate between plants on ridges of 75cm
 apart. In case of sunken beds or when a flat border is used, the
 spacing is 45 x 45 cm. A uniform stand and spacing is necessary
 for achieving uniform maturity and maximum yield of marketable
 fruits.",NAERLS Heat-Tolerant Tomato Production Under Irrigation,https://naerls.gov.ng/wp-content/uploads/2022/11/Heat-Tolerant-Tomato-Production-Under-Irrigation.pdf,5,official_naerls_bulletin
naerls_0078,tomato,official_extension_bulletin,tomato nursery procedure preparing well pulverized seed bed very shallow grooves deep apart could drown out seeds then thinly sown hand spread covered tightly soil which carefully watered shaded spreading dry grasses top irrigation should days interval depending type prevailing weather condition shade removed soon,"7.0 NURSERY PROCEDURE
After preparing a well pulverized seed bed (Nursery bed) a very
shallow grooves of about 1-2cm deep and 7-10cm apart could be
drown out. The seeds are then thinly sown by hand to spread the
seeds into the grooves and then covered tightly with soil, after
which it is carefully watered and shaded by spreading dry grasses
on top of the nursery bed. Irrigation of the nursery bed should be
at 3 – 4 days interval depending on the soil type and the prevailing
weather condition. The shade should be removed as soon as the 9.0 IRRIGATION
 Due to its succulent nature, tomato has high water requirements
 and yields better when grown under irrigation. Optimum
 production is favoured by high level of moisture throughout the
 vegetative and early flowering period followed by reduction during
 fruits development and lower level during ripening.
 Tomato needs to be irrigated 15-20 times during the growing
 period at the frequency of five to seven (5 –to 7) days depending
 on the soil type and prevailing weather condition. The amount of
 9 10",NAERLS Heat-Tolerant Tomato Production Under Irrigation,https://naerls.gov.ng/wp-content/uploads/2022/11/Heat-Tolerant-Tomato-Production-Under-Irrigation.pdf,5,official_naerls_bulletin
naerls_0079,tomato,official_extension_bulletin,tomato water required optimum growth ranges fertilizer recommendation critical stages sensitive stress application method flowering fruit formation vegetative period particularly maintain fertility any soil cultivation during prior start therefore framers should guaranteed continuous high productivity organic endeavor supply adequate irrigation these periods manure applied one,"water required for optimum growth ranges from 400-600mm. 10.0 FERTILIZER RECOMMENDATION AND
Critical stages of growth of tomato that are sensitive to water stress APPLICATION METHOD.
are: flowering fruit formation and vegetative period particularly To maintain the fertility of any soil under cultivation for
during or prior to start of flowering. Therefore framers should guaranteed continuous high productivity, fertilizer and organic
endeavor to supply adequate irrigation water during these periods. manure should be applied. One of the various recommendations
Irrigation methods suitable for tomato production are: furrow and and application methods is to apply compost, lime and NPK
basin irrigation methods. Furrows are small channels which carry fertilizer at the rate of 125:50:50kg NPK/ha. All compost, lime
water down the land slope between crop rows, while basins are flat and P2 O5 and one –third of the N and K2O should be applied as a
areas of land surrounded by low bunds which prevents water from basal application. The remaining two –thirds of the N and K2 O
flowing to the adjacent fields. The basin sizes could be either 2 should be splited into two equal parts, the first to be applied as a
x2m, or 3x3m depending on the slope of the land. Whatever top dressing 25 –30days after transplanting, and the second part to
irrigation method used, it should not encourage water logging. be applied 10 –15 days later (Anon., 1989).",NAERLS Heat-Tolerant Tomato Production Under Irrigation,https://naerls.gov.ng/wp-content/uploads/2022/11/Heat-Tolerant-Tomato-Production-Under-Irrigation.pdf,6,official_naerls_bulletin
naerls_0080,tomato,official_extension_bulletin,tomato chemical weed control herbicide mostly preferred metribuzin apply sencor rate time transplanting anon cultural controlled nigeria hand weeding hoe which always tedious large scale farms should carefully done avoid damage crop promptly weeks wat pests diseases prevent competition crops weeds nutrients brief descriptions chief,"11.2 CHEMICAL WEED CONTROL
 For chemical weed control, the herbicide mostly preferred
 is metribuzin. Apply metribuzin (sencor) at the rate 15-20kg
 a.i./ha at the time of transplanting (Anon., 1997) 11.0 WEED CONTROL
11.1 CULTURAL WEED CONTROL
 Weed is controlled in Nigeria by hand weeding using hoe,
which is always tedious on large-scale farms. It should be
carefully done to avoid damage to the crop. Weeding should be
promptly done at 2, 4 and 6 Weeks after transplanting (WAT) to 12.0 PESTS AND DISEASES CONTROL
prevent competition between the crops and weeds for nutrients, Brief descriptions of the chief symptoms and routine
light and space. method of control for the commoner diseases and pest of tomatoes
 are given in the following paragraph. It is essential that the field
Any cultural practice that increases the density and vigor of problem should be correctly diagnosed and when in doubt growers
desirable turfgrasses will discourage competition from weeds. are advised to consult the nearest horticultural advisory officers in
Weeds can only exist if there is space for them. Thus, cultural the ADP offices located in their area.
practices for weed control in turf are aimed at shading and
crowding the young weed seedlings by producing a dense sod. 12.1 PEST OF TOMATO
Effective cultural control measures include the proper selection The tomato plant is subject to attack by a number of pests,
and establishment of turfgrasses, adequate liming and fertilization, and although some are of minor importance, few can cause very
proper mowing practices, judicious watering, and insect and serious losses unless care is taken to control/them. Because
disease control. tomatoes are an intensively grown crop, pests can multiply very
 rapidly, control measures should therefore, be adopted
 immediately symptoms of attack are observed.
 13 14",NAERLS Heat-Tolerant Tomato Production Under Irrigation,https://naerls.gov.ng/wp-content/uploads/2022/11/Heat-Tolerant-Tomato-Production-Under-Irrigation.pdf,7,official_naerls_bulletin
naerls_0081,tomato,official_extension_bulletin,tomato root attacking pests day appear night attach seedlings termite may eat seeds soil resulting poor near ground level biting holes stems cutting them germination young roots off completely these results premature wilting lodging stands termites tunnel conducting tissues crop thereby water nutrient supply white,"A ROOT ATTACKING PESTS by day and appear at night to attach the seedlings to
 i. Termite –may eat up seeds in the soil resulting in poor near ground level, biting holes in stems or cutting them
 germination or eat up the young roots of the tomato. off completely.
 These results in premature wilting and lodging of
 stands. Termites can also tunnel into the conducting
 tissues of the crop thereby cutting off water and nutrient
 supply. ii White grubs. These are the family of the
 Melolonthidae. These larvae feed underground on
 roots and other underground parts of the plant.
 Feeding may result in the death of the plant or the plant
 may wither or come stunted. iii Cutworms: They are caterpillars of several species of
 noctuid Moth. They inhibit the soil surface and are
 veracious eaters. Early in their life, they feed on the
 leaves, later they migrate to the ground where they hide
 15 16",NAERLS Heat-Tolerant Tomato Production Under Irrigation,https://naerls.gov.ng/wp-content/uploads/2022/11/Heat-Tolerant-Tomato-Production-Under-Irrigation.pdf,8,official_naerls_bulletin
naerls_0082,tomato,official_extension_bulletin,tomato adults young ones found clustered leaf surfaces stems they suck plant nutrients resulting malnutrition leaves stunted growth there sugary sticky excrements called honey due accumulate softy mould fungus develop them thereby reducing market value crop foliage stem pests aphides several species aphids infest plants,"Adults and young ones found clustered on leaf surfaces
 and stems. They Suck plant nutrients resulting in
 Malnutrition of the leaves and stunted growth. There
 sugary, sticky excrements called honey due, accumulate
 on stems and leaf surfaces and softy mould fungus
 develop on them thereby reducing the market value of
 tomato crop. B FOLIAGE AND STEM PESTS.
 i. Aphides: Several species of aphids infest tomato plants.
 Aphids and their
 Nymphs cause damage to plants by sucking the plant
 sap and by transmitting the virus diseases e.g. tomato
 mosaic disease i. Thrips: These are small slender insects with piecing –
 sucking mouth parts.
 A characteristic symptom of attack is the appearance of
 white blotches on infested tissue. Tips of the leaves
 wither and turn brown. Their attack can also cause
 distortion and malformation of plants.",NAERLS Heat-Tolerant Tomato Production Under Irrigation,https://naerls.gov.ng/wp-content/uploads/2022/11/Heat-Tolerant-Tomato-Production-Under-Irrigation.pdf,9,official_naerls_bulletin
naerls_0083,tomato,official_extension_bulletin,tomato white flies nymphs adults feed undersurface leaves sucking plant juice indirectly transmitting viruses stink bugs green stunk most leaf curl virus disease transmitted common bug sucks sap young these growing points buds fruit may result malformation fruits feeding point serve entry organisms rot away,"ii. White flies: Nymphs and adults feed on the
 undersurface of leaves
 sucking plant juice and indirectly transmitting viruses.
 ii Stink bugs: The green stunk bugs are the most Leaf curl virus disease of tomato are transmitted by
 common stunk bug that sucks sap from the young these flies.
 growing points leaves, buds and fruit. The sucking may
 result in malformation of fruits or leaves. Their feeding
 point also serve as entry point to disease organisms.
 Tomato may rot away when attacked.",NAERLS Heat-Tolerant Tomato Production Under Irrigation,https://naerls.gov.ng/wp-content/uploads/2022/11/Heat-Tolerant-Tomato-Production-Under-Irrigation.pdf,9,official_naerls_bulletin
naerls_0084,tomato,official_extension_bulletin,tomato fruit attacking pests heliothis armigera american bollworm caterpillars cause heavy damage flowers fruits they bore one caterpillar many possible pest management cultiural method crop rotation non susceptible crops solaanacea resistant varieties dress your seeds before planting iii grass hoppers five species important termite soil,"C. FRUIT ATTACKING PESTS.
 i. Heliothis armigera: American bollworm caterpillars
 cause heavy damage to flowers and fruits of tomato.
 They bore into the fruits and one caterpillar can bore
 into as many fruits as possible. 12.2 TOMATO PEST MANAGEMENT
 A. CULTIURAL METHOD
 1. Crop rotation with non-susceptible crops
 that are not solaanacea
 2. Use of resistant varieties
 3. Dress your seeds before planting
iii. Grass hoppers: About five species are important pests 4. For termite on soil surface or in to soil,
 in Nigeria Zonocerus variegates is very common on apply water by watering can.
 tomato and could be destructive if they occur in large
 number. B. CHEMICAL METHOD
 In controlling insect pest of tomato, care must be taken to
iv Other important pests of tomato includes: Cotton leaf select an effective but relatively non persistent insecticide
 worm (Spodoptera litorallis), Blister beetles (mylabris because of the problem of residue since tomato matures
 spp), They cause damage by devouring the flowers and within a short period.
 fruits of tomato.
 The following insecticides have been suggested for the
 control of leaf, stem and fruit feeding insect pests of
 tomato.
 19 20",NAERLS Heat-Tolerant Tomato Production Under Irrigation,https://naerls.gov.ng/wp-content/uploads/2022/11/Heat-Tolerant-Tomato-Production-Under-Irrigation.pdf,10,official_naerls_bulletin
naerls_0085,tomato,official_extension_bulletin,tomato damping off caused several fungi like phytophthora spp they cause rotting germinating seeds before reaching soil surface seedlings killed attack roots basal parts some cases affected plants die becomes girdled base remained unthrifty decamethrin decis fast knockdown litres control insecticide fruit water seed dressing,"i) Damping off
 Caused by several fungi like phytophthora spp. They cause
 rotting of germinating seeds before reaching the soil
 surface. Seedlings are killed by an attack on the roots and
 basal parts. In some cases affected plants do not die but
 becomes girdled at the base and remained unthrifty. 2. Decamethrin (Decis) Fast knockdown 50ml in 10 litres of Control
 insecticide on fruit water i) Seed dressing with protective fungicides e.g. Apron
 crops
 star, at the rate of 10gms/2.5kg of tomato seed.
3. Dichlorvous (Nogos) Low residual insecticide 1.5-3 litres per hectare on vegetables ii) Since the disease is favoured by excessive wet soil, care
 in 180 –400 litres of water. 1-1.5 lires per
 should be taken in choosing site for seed bed and the
4. Nuvacron hectare in 150 –200 frequency of watering the bed.
 lires of water.
 iii) Provide better drainage by improving the soil texture.
5. Carebary (85 wp) Effective on grasshoopers 5 gms in 4.5 lires of iv) Avoid thick planting and longer shading periods.
 (vetox 85,sevin 85) armyworms and other insects. Water
 Some crops may be sensitive
 To it. Leaf Spots and Blight
6. Femitrothion A broad spectrurr insecticide 10-15 mls in 4-5 Some species of fungi, namely, Alternaria solani, A.
 litres water brassicae, A. brassicicola A. raphoani and some species of
7. Furadan 3G Useful on soil pests in nurseries 30-40kg/ha
 of field. Can also control of granules. cercospora and colletotrichum, cause important leaf blight/leaf spot
 nematodes. diseases of tomato and other vegetables. These pathogens are
 widespread throughout the country and attack leaf, pot, and stem of
 the crops. These diseases become severe with abundant",NAERLS Heat-Tolerant Tomato Production Under Irrigation,https://naerls.gov.ng/wp-content/uploads/2022/11/Heat-Tolerant-Tomato-Production-Under-Irrigation.pdf,11,official_naerls_bulletin
naerls_0086,tomato,official_extension_bulletin,tomato atmospheric humidity frequent rains followed warm weather ishaque talaledar talukadar ashrafuzzaman pathogens survive seed infected plants years soil act primary source infection secondary spread disease occurs conidia disseminated air wind water insects perennial weed solanum nigrum serves perpetual alternaria spp control practice crop rotation,"atmospheric humidity or frequent rains, followed by warm weather
(Ishaque and Talaledar 1967); Talukadar 1974; and
Ashrafuzzaman 1977. The pathogens can survive in seed or
infected plants for years in soil and act as a primary source of
infection. Secondary spread of the disease occurs through conidia
disseminated by air, wind, water and insects. A perennial weed
(Solanum nigrum) also serves as a perpetual source of Alternaria
spp. Control
1. practice crop rotation and field sanitation
2. adopt good agronomical practice for better plant growth
3. treat seed with vitavax-200 before sowing
4. spray with 0.2% Rovral 50WP against Alternaria spp. And
 0.2% Bavishtin 50 WP against cercospora spp. At 12-day Control
 interval. 1. Collect healthy planting materials from disease free areas.
 2. Destroy weeds and crop residue.
5. Spray with Bavistin 50WP (0.1%) or Tilt 250EC (0.05%) at
 12-day intervals. 3. Strictly follow crop rotation.
 4. Use resistant varieties/cultivars
 5. Provide drainage facilities.
Wilt and Foot Rot Disease
 Fursarium wilt (fusarium oxysporum) and root rot
(sclerotium rolfsii and Rhuzoctonia solani) are two devastating Leaf Mould
 Caused by fungus called cladosporium fulvus. Leaves of
diseases of tomato and other vegetables causing 90% or more
damage. These fungi are strictly siil borne and attack various affected plants show duster of grayish-green fungal growth on the
 lower surface, while the upper surface appear yellowish. Large
vegetable crops such as tomato, potato, brinjal, cabbage,
caulifloever etc. number of spoils are produced from those fungal growth on the
 leaves and are spread by air currents and rain or irrigation water
 Clearing of veinlets and drop of petioles leading to wilt of
the entire plant are the characteristic symptoms of Fusarium wilt. splash.
Browining of the vascular system can also be seen in a crosssection of the lower stem. In root rot disease, the lower portion of Control
 1. Crop rotation
the stem near the base is attacked, resulting in rotting of stem base
or root system. 2. Field sanitation
 3. Burn plant residue
 4. Application of fungicides.",NAERLS Heat-Tolerant Tomato Production Under Irrigation,https://naerls.gov.ng/wp-content/uploads/2022/11/Heat-Tolerant-Tomato-Production-Under-Irrigation.pdf,12,official_naerls_bulletin
naerls_0087,tomato,official_extension_bulletin,tomato table suggested fungicides rates crop rotation non host crops like cereals chemical rate least five years benlate fungicide gms litres apply adequate nitrogen manure effective water minimum irrigation particularly avoiding flood most fungal remove diseased plant dithane attack gns soft rot caused erwinia caratovera,"Table 2: Suggested Fungicides and their rates. 3. Use crop rotation with non-host crops like cereals for at
 Chemical Use Rate least five years.
 1. Benlate Fungicide 15gms in 10 litres of 4. Apply adequate nitrogen and manure
 (50% effective water. 5. Use minimum irrigation, particularly avoiding flood
 WP) for most 62.5gms in 10 litres of irrigation
 fungal water. 6. Remove diseased plant.
 2. Dithane attack on
 M45 tomato. 15gns in 10 litres of Soft Rot
 “ water i.e. 45gms/ha.
 “ Soft rot caused by Erwinia caratovera appears sporadically
 3. Baylaton “ in the field at any stage of plant growth. Affected tissues show a
 50% WP) soft, slimy bad smelling rot, which, under favourable conditions,
 rapidly spreads throughout the entire plant.",NAERLS Heat-Tolerant Tomato Production Under Irrigation,https://naerls.gov.ng/wp-content/uploads/2022/11/Heat-Tolerant-Tomato-Production-Under-Irrigation.pdf,13,official_naerls_bulletin
naerls_0088,tomato,official_extension_bulletin,tomato bacterial wilt disease free planting materials incited pseudomonas solanacearum provide drainage avoid damage during cultivation most destructive potato brinijal sudden wash harvested bleaching powder solution welting entire plant parts leading death characteristic symptoms ambient temperature ranging nematode diseases high humidity soil moisture favourable conditions,"i) Bacterial Wilt of Tomato 1. Use disease free planting materials
 Bacterial wilt incited by Pseudomonas solanacearum is the 2. Provide drainage and avoid damage during cultivation
 most destructive disease of tomato, potato and Brinijal. Sudden 3. Wash harvested materials in 1% bleaching powder solution
 welting of the entire plant or parts of the plant leading to death
 are characteristic symptoms. Ambient temperature ranging C) Nematode Diseases
 from 25 to 35oC, high humidity and soil moisture are the most
 favourable conditions for disease development. Root-Knot",NAERLS Heat-Tolerant Tomato Production Under Irrigation,https://naerls.gov.ng/wp-content/uploads/2022/11/Heat-Tolerant-Tomato-Production-Under-Irrigation.pdf,13,official_naerls_bulletin
naerls_0089,tomato,official_extension_bulletin,tomato crops vulnerable both seedling maturity most important nematode moloidogyne spp causing stages pathogen spread water planting root knot disease crop loss due nematodes materials tillage equipment man animals other avenues estimated vary resulting substantial yield infection always occurs wounds made during reduction ahmed zahid,"The crops are vulnerable at both seedling and maturity The most important nematode is Moloidogyne spp. Causing
 stages. The pathogen can spread through water, planting root-knot disease. Crop loss due to root knot nematodes has been
 materials, tillage equipment, man, animals and other avenues. estimated to vary from 10 to 40%, resulting in substantial yield
 Infection always occurs through wounds made during crop reduction (Ahmed 1985; Zahid et al 1986; and Mian and Ali 1986).
 cultivation. A large number of crops are susceptible to root-knot
 nematodes, but vegetables are the most vulnerable. Most of the
 Control popular winter vegetables like tomato, lettuce, chili etc are
 susceptible to the disease. Stunted growth, wilting at day time and
 1. Use resistant varieties formation of knots or galls on the root system are the characteristic
 2. Raise seedlings in disease free seedbed symptoms of root-knot nematode disease. The pathogen may
 infect plants at any stage of growth. Early infection causes severe
 yield reduction.
 25 26",NAERLS Heat-Tolerant Tomato Production Under Irrigation,https://naerls.gov.ng/wp-content/uploads/2022/11/Heat-Tolerant-Tomato-Production-Under-Irrigation.pdf,13,official_naerls_bulletin
naerls_0090,tomato,official_extension_bulletin,tomato infected agricultural equipment planting materials disseminate disease since organisms survive wide temperature range over wintering summering very easy control nematode free collect destroy crop residues practice rotation wheat maize mustard least three years apply furadan carbofuran curator sunfuran oil cake plant must decomposed minimum,"Infected agricultural equipment and planting materials can
disseminate the disease, since the organisms can survive in a wide
temperature range, over wintering or over summering is very easy. Control
1. Use nematode-free planting materials
2. Collect and destroy crop residues
3. Practice crop rotation with wheat, maize and mustard for at
 least three years
4. Apply Furadan (Carbofuran) 3G or Curator (Carbofuran) 3G
 or Sunfuran 3G, 40kg/ha or mustard oil cake 75g/plant (must
 be decomposed for a minimum of 20 days before
 seedling/planting) to the soil.
 Control
 Virus Diseases 1. Control is the only remedy. Smokers should wash their
 i) Leaf Curl Virus Disease hands with soap and water before handling tomato
 It is the most serious virus disease in the dry season seedlings. Remove infected plants and burn.
 production of tomato. The leaves become coarse, curled and
 twisted, the veins and the mid-rib also become thickened. The iii) Other Virus Diseases
 plants are severely stunted. The virus is known as tobacco leaf Plant viruses are one of the major problems in vegetable
 curl virus, transmitted in the field by the vector Bemisia tabaci production in Nigeria. The majority of the vegetables grown in
 (white fly). the country are affected by virus diseases that cause drastic
 yield reduction. Generally, viruses are transmitted through
 Control agricultural implements, planting materials, by insects, fungi,
 1. Control of the white fly vector by the use of insecticides nematodes and other animals. The most common and
 would control the spread of the disease. economically important virus and mycoplasma diseases in
 Nigeria, along with their symptoms and mode of transmission
ii) Tomato Mosaic Virus are listed in table 3.
 It is caused by tobacco mosaic virus, which is often present
 in manufactured tobacco. Smokers may carry it on their hands Control
 and transmit it to tomato and curled foliage. If attack is early 1. Grow available resistant varieties
 in the season, plants become stunted and yield reduced. The 2. Use disease-free seeds
 disease is spread by person who handle the plants or by insect 3. Rogue and destroy diseased plants and weeds that can
 with chewing mouth-parts. habour viruses
 4. Monitor vectors and their control
 27 28",NAERLS Heat-Tolerant Tomato Production Under Irrigation,https://naerls.gov.ng/wp-content/uploads/2022/11/Heat-Tolerant-Tomato-Production-Under-Irrigation.pdf,14,official_naerls_bulletin
naerls_0091,tomato,official_extension_bulletin,tomato follow appropriate crop rotation techniques manipulate growing period avoid initial time infection get plant resistant stage maintain isolation distance disinfect all field equipments disease mode transmission leaf roll vector aphids curl white fly mosaic aphid bushy stunt seed bunchy top mechanical curly leafhopper spotted,"5. Follow appropriate crop rotation techniques
6. Manipulate crop growing period to avoid initial time of
 infection and to get the plant resistant stage
7. Maintain isolation distance
8. Disinfect all field equipments. Disease Mode of Transmission
 1. Leaf roll Vector (Aphids)
 2. Leaf curl Vector (White fly)
 3. Mosaic Vector (Aphid)
 4. Bushy stunt Seed
 5. Bunchy top Mechanical
 6. Curly top Vector (leafhopper)
 7. Spotted wilt Vector (Thips)
 8. Yellow roll Vector (Aphids)
 The most important processing methods are: canning and
14.0 HARVESTING AND PROCESSING drying. Canning is the most important method of processing
 tomato. It involves sterilizing or destroying all harmful living
 Tomato harvest is done by hand; the fruits should be organisms in the tomato and keeping them sealed in cans,
harvested as soon as they ripe. Delay harvesting encourages usually tin or glass, to prevent re-infection.
rotening of fruits and hence affects the overall yield.",NAERLS Heat-Tolerant Tomato Production Under Irrigation,https://naerls.gov.ng/wp-content/uploads/2022/11/Heat-Tolerant-Tomato-Production-Under-Irrigation.pdf,15,official_naerls_bulletin
naerls_0092,tomato,official_extension_bulletin,tomato heat tolerant varieties yield better than sensitive during dry season production period due resistance hot environments allow higher fruit set compared trial conducted institute agricultural research iar danbatta out preservation drying involves removing water yielded fresh crop protect spoilage ancient method moreover some advantages,"Heat tolerant tomato varieties yield better than the heat
 sensitive varieties, during dry season production period. This
 is due to their resistance to hot environments that allow higher
 fruit set compared to the heat sensitive varieties. In a trial
 conducted by institute for agricultural research (IAR) at
 Danbatta during 1989 hot season, heat tolerant varieties out
 Preservation by drying involves removing water from the yielded the heat sensitive varieties.
fresh crop to protect it from spoilage. Drying is an ancient
method of preservation. Moreover, it has some advantages Table 4: Marketable yield (t/ha) in the 1989 hot season
over other methods as follows: Variety Yield (t/ha)
 T1 205 heat tolerant 16.4
  It requires less space for storage. Ten carloads of fresh T1 539 heat tolerant 11.2
 food can be accommodated in one car when dry. T1 206 heat tolerant 10.2
  It requires low-cost packaging material like propylene T1 204 heat tolerant 10.8
 and polyethylene. SAMTOM-7 Heat 7.4
  It can be used in multipurpose food preparation. For Sensitive 7.6
 example, soups, meals, chips and puffs can be made T1 468 Heat Sensitive 5.9
 from dry food. T1 244 Heat Sensitive 2.3
 T1 521 Heat Sensitive
 Due to low cost of preservation and their high nutritional
quality, dried tomato products have become popular in",NAERLS Heat-Tolerant Tomato Production Under Irrigation,https://naerls.gov.ng/wp-content/uploads/2022/11/Heat-Tolerant-Tomato-Production-Under-Irrigation.pdf,16,official_naerls_bulletin
naerls_0093,tomato,official_extension_bulletin,tomato references shahjahan production vegetables homestead training manual bengali farm anonymous improved vegetable asia research dwision bangladesh agricultural fftc book series taiwan republic china institute joydepur gazipur fertilizer management practices quinn environment establishment crops nigeria edts enwerozi industrial crop northern paper presented udo usoro ayotade,"References Shahjahan, M. (ed). Production of vegetables in the
 homestead. A training manual (in Bengali). On farm
Anonymous (1987). Improved vegetable production in Asia. research DWISION- Bangladesh Agricultural Research
 FFTC Book series No 36. Taiwan Republic of China Institute, Joydepur, Gazipur, Bangladesh P. 127-140 Anonymous (1989). Fertilizer use and management practices for Quinn, J.G. (1974). Environment and establishment of an
 crops in Nigeria (series No. 2, (edts) W.O. Enwerozi, E.J. industrial tomato crop in northern Nigeria. Paper presented
 Udo, N.J Usoro, K.A. Ayotade, J.A. Adepeju; V.O. Chude, at a meeting of the tomato-working group of EUCARPIA.
 C.I. Udegbe. International center for Advanced Mediterranean Agronomic
 studies, Bari, 8
Anonymous (1997). Crop and Irrigation water management. A
 paper presented at CIRAD/NAERLS/HJRBDA Specialized Talukdar, M.J. (1974): Plant diseases in Bangladesh. Bangladesh
 training workshop on 13th –15th Jan. 1997. Journal of Agricultural Research 1 (1): 61-86: In vegetable
 production and marketing, proceedings of a national review
Ashrafuzzaman, H. (1977). A survey of diseases of winter crops in and planning workshop 26 –29 January 1992, BARI
 and around the Bangladesh Agricultural University. Joydepur, Gazipur, Bangladesh.
 Bangladesh Journal of Agricultural Research 2(2) 28-33. In
 Vegetable production and Marketing, Proceedings of a
 national review and planning workshop 26 –29 January 1992
 BARI, Joydepur, Gazipur, Bangladesh.",NAERLS Heat-Tolerant Tomato Production Under Irrigation,https://naerls.gov.ng/wp-content/uploads/2022/11/Heat-Tolerant-Tomato-Production-Under-Irrigation.pdf,17,official_naerls_bulletin
naerls_0094,tomato,official_extension_bulletin,tomato bodunde erinle ewator amans four heat tolerant varieties approved recommendation samaru zaria diseases northern states nigeria extension bulletin naerls abu ishaque talukdar survey fungal hora east pakistan agri vegetable production marketing proceedings national review planning workshop january bari joydepur gazipur bangladesh karim insect mite,"Bodunde, J.G; Erinle, I.D, Ewator, P.G and Amans, E.B. (1993).
 Four heat tolerant varieties, approved recommendation I.A.R.
 Samaru – Zaria. Erinle, I.D. (1979). Tomato diseases in the northern states of
 Nigeria, Extension Bulletin No. 31, NAERLS/ABU Zaria. Ishaque, M. and Talukdar, M.J. (1967). Survey of Fungal Hora of
 East Pakistan. Agri. Pakistan 18(1): 17-26. In vegetable
 production and Marketing proceedings of national review and
 planning workshop, 26-29 January 1992 BARI,Joydepur,
 Gazipur, Bangladesh. Karim,M.A (1991): Insect and Mite pests of vegetable crops and
 their management (in Bangladesh). In Ahmed, K.U. and
 33 34",NAERLS Heat-Tolerant Tomato Production Under Irrigation,https://naerls.gov.ng/wp-content/uploads/2022/11/Heat-Tolerant-Tomato-Production-Under-Irrigation.pdf,17,official_naerls_bulletin
naerls_0095,pepper,official_extension_bulletin,pepper aknowledgement introduction peppers vegetable crops belonging family solanaceae naerls wishes acknowledge financial support katsina genus capsicum which native tropical america state government fao production bulletin africa nigeria mainly grown around savanna updated current information ecological zones crop mixture mono both during irrigation value addition,"AKNOWLEDGEMENT 1.0 INTRODUCTION
 Peppers are Vegetable crops belonging to the family of Solanaceae
NAERLS wishes to acknowledge the financial support of Katsina and genus Capsicum, which are native to tropical America and
State Government and FAO for the production of this bulletin. Africa. In Nigeria, pepper is mainly grown around the Savanna
The bulletin has been updated with current information on the ecological zones as a crop mixture or mono crop both during the
Pepper production under irrigation. Production and value addition rainy season and dry season under irrigation. Pepper is an
of these perishable crops are of great importance to the well-being important vegetable consumed by human beings in Nigeria and is
of our farmers. used in fresh form or as paste, pure and juice or ground with other
 vegetables in the preparation of stew and soup.
 Although the crop is widely cultivated in Nigeria, the
AUTHORS: estimated yields of 9t/ha obtained on farmers’ fields are often very
 low, compared with the estimated yields of 15t/ha obtained in
M. M. Jaliya, B. M. Sani, Adamu I. Arab and Adamu Yakubu Western Europe. The low yields obtained in Nigeria have been
 attributed to a number of production constraints that include
 problems of diseases, pests and poor weed management. Capsicum
 annum is popular and widely distributed in different ecological
Revised January, 2016 zones. It has two fruit types that are prevalent in the country and
 known by various local names. These are: Attarugu (Hausa) -
 Round shaped fruit and hot and Tattase (Hausa) - Bell shape
 fruit, mildly hot.",NAERLS Irrigated Pepper Production,https://naerls.gov.ng/wp-content/uploads/2022/11/Irrigated-Pepper-Production.pdf,2,official_naerls_bulletin
naerls_0096,pepper,official_extension_bulletin,pepper description crop capsicumannum flowers borne singly leaf axils when ripe fruits red yellow brown immature large mild kinds often picked while still green salads these species generally fruited contrast capsicum fruitescens cluster two general much smaller than annum bright colour wide range shapes sizes,"2.0 DESCRIPTION OF PEPPER CROP
 Pepper (Capsicumannum) has its flowers borne singly in
 the leaf axils. When ripe, the fruits are red, yellow or brown, but
 immature fruits of the large mild kinds are often picked while still
 green for use in salads. These species are generally large - fruited.
 In contrast the flowers of capsicum fruitescens are borne in cluster
 of two or more in the leaf axils. The fruits are, in general, much
 smaller than those of Capsicum annum, bright red in colour and
 with a wide range of shapes and sizes. Pungency is again variable,
 but in general it is greater than in capsicum annum. The crop can
 be raised entirely under irrigation. Both the moisture content in the
 soil and the prevailing temperatures affect the growth and yield of
 pepper. The bulletin is aimed at providing practices and
 requirements for pepper production under irrigation.",NAERLS Irrigated Pepper Production,https://naerls.gov.ng/wp-content/uploads/2022/11/Irrigated-Pepper-Production.pdf,2,official_naerls_bulletin
naerls_0097,pepper,official_extension_bulletin,pepper varieties california wonder matures days fruit market long diameter mostly lobed little most popular mild fleshed taper very smooth attractive slightly smaller earlier fresh vegetable maximum strains type available name diameters nearly great length they typically three early four tapered only toward blossom end,"3.0 VARIETIES 3.1.2 California Wonder – Matures in about 75 days. Fruit
3.1 Varieties for Market about 11.4cm long 9.5cm in diameter, mostly 4 –lobed, little or no
 The most popular mild-fleshed pepper varieties for use as a taper, very smooth and attractive. Slightly smaller and earlier (65
fresh vegetable are 10.2 to 12.7cm long and have maximum to 70 days) strains of this type are also available under the name of
diameters nearly as great as their length. They are typically three early California Wonder.
or four – lobed and tapered only slightly toward the blossom end 3.1.3 Chinese Giant – Matures in about 82 days. Fruits about
(fig. 1). Some of the longer more tapering varieties are satisfactory 11.4cm long, diameter nearly as great, 3 – or 4 – lobed, little taper,
for use in salads, but are losing in popularity because they are not blossom ends tend to be crumpled and rough.
so well suited for use in stuffed pepper dishes. Summary of 3.1.4 Florida Giant- Matures in about 75 days. Fruits similar to
the varieties is shown in table 1. California Wonder but slightly larger and block shaped with little
 taper and smooth.
 3.1.5 Keystone Resistant Giant – Matures in about 74 days.
 Resistant to tobacco mosaic virus. Fruits about 11.4cm long, 7.6 to
 8.9cm in diameter, block shaped, somewhat tapered, ridged.
 Similar to Florida Giant.
 3.1.6 Neapolitan – Matures in about 60 days. Fruits about 10cm
 long, 5cm in diameter, 3-lobed, tapered, yellowish green to
 greenish yellow when immature, bright red when mature.
 3.1.7 Ruby king- Matures in about 68 days. Fruits up to 12.7cm
 long, 6.4 to 7.6cm in diameter, typically 3 – lobed, distinctly
 tapered, often irregular
 Figure 1. Florida Giant. 3.1.8 Windsor – A – Matures in about 58 days. Fruits about
 11.4cm long, 5.7cm in diameter, 3 – lobed, tapered only slightly
 All the varieties except Neapolitan included in this group except near blossom end, tend to be slightly crumpled or irregular.
are dark green when immature and turn brilliant scarlet at maturity. 3.1.9 World-beater – Matures in about 70 days. Fruits up to
They are generally used green (the Neapolitan, yellow), but 12.7cm long, 9.5cm in diameter, distinctly 4- lobed, little taper, but
sometimes they are used in the full-ripe stage because of the not crumpled or irregular.
attractive red colour. Brief description of some of the more 3.1.10 Yolo Wander – Matures in about 74 days. Resistant to
important varieties is presented. (The number of days given is the tobacco mosaic virus. Fruits about 10cm long 7.6 to 8.9cm in
approximate time from transplanting to first harvest at the green – diameter, block shaped, smooth. A strain of California wonder.
mature stage).
3.1.1 Burlington – Matures in about 75 days. Resistant to
tobacco mosaic virus. Fruits
Similar to World Beater, medium large, oblong. A strain of World
Beater developed for the use where tobacco mosaic virus is
prevalent.",NAERLS Irrigated Pepper Production,https://naerls.gov.ng/wp-content/uploads/2022/11/Irrigated-Pepper-Production.pdf,3,official_naerls_bulletin
naerls_0098,pepper,official_extension_bulletin,pepper mild varieties processing susceptible disease field these two disadvantages far main canning limited acceptability spanish growers most fig localities figure perfection paprika matures days red ripe fruits long diameter smooth table symmetrical top shaped short conical sometimes described variety maturity size shape heart well,"3.2 Mild Varieties for Processing susceptible to disease in the field. These two disadvantages have
 These varieties are by far the main canning varieties of limited the acceptability of the Spanish to growers in most
 pepper (fig. 2). localities. Figure 2. Perfection.
 Figure 3. Spanish paprika.
3.2.1 Perfection. Matures in about 80 days to red ripe. Fruits
about 8.9cm long, 7.6 to 9.5cm in diameter, smooth and Table 1
symmetrical, top shaped or short conical sometimes described as S.N. Variety Maturity Size Shape
heart shaped, well-unused thick and firm, suiting the variety for Period
canning. Length
3.3 Paprika Varieties. Practically all of the types of paprika 1 Burlington About 75 Diameter Medium large &
peppers grown have been introduced from Southern Europe. days 12.7cm oblong
Selections have been made for Colour, shape and thickness of 2 California 9.5cm 4 – lobed, little or
pods, and flavour of the ground product. wonder About 75 no taper
3.3.1 Hungarian paprika- 5 to 12.7cm long, depending upon days 11.4cm
the strain, shapes vary from conical pointed to oblong tapering 3 9.5cm 3 or 4 – lobed, little
with a thin wall. When first introduced, some strains were slightly Chinese taper, blossom end
pungent, but non-pungent strains with improved flavor have been Giant About 82 tend to be crumpled
selected. days 11.4cm and rough
3.3.2 Spanish paprika - Fruit 12.7 to 22.9cm long, walls thin. 4 9.5cm
Ground powder is bright red and has a very desirable flavour. The Block shaped with
Spanish type is easily distinguished from the smaller Hungarian Florida About 75 11.4cm little taper and
type (fig. 3). The large, thicker fleshed pods of the Spanish are the 5 Giant days 9.5cm smooth
more difficult to dry successfully. The Spanish is also more
 7 8",NAERLS Irrigated Pepper Production,https://naerls.gov.ng/wp-content/uploads/2022/11/Irrigated-Pepper-Production.pdf,4,official_naerls_bulletin
naerls_0099,pepper,official_extension_bulletin,pepper block shaped small long diameter very keystone somewhat tapered fruited varieties resistant days ridged tolerant hot weather than large all giant tend drop many flowers form shape vary several fruits started develop plant some conical pointed perhaps most these early harvested fruit hungarian oblong,"Block shaped The small (10.0cm long x 7.6cm in diameter) to very small-
 Keystone About 74 7.6cm somewhat tapered fruited (10.0cm long x 5.0cm in diameter) varieties are more
 Resistant days 8.9cm and ridged tolerant to hot weather than are the large fruited varieties. All
6 Giant large fruited varieties tend to drop many of the flowers that form
 Shape vary from after several fruits have started to develop on a plant. After some
 5.1cm conical pointed to or perhaps most of these early fruits have been harvested, fruit
7 Hungarian - 12.7cm oblong tapering setting will be resumed if weather and soil conditions are
 Paprika Similar but larger favourable.
 than Hungarian In general maximum growth occurs in the temperature
 - 12.7- type range of 21 – 27o c. Early blossoming and maturing of fruits are
 Spanish 22.9cm favoured by high temperatures, which also tend to reduce the
 paprika long setting of fruit. At later stages of blossoming, a lowering of
 temperature therefore result in enhanced fruit setting. Peppers
4.0 CLIMATIC REQUIREMENTS. require warm weather, but suitable varieties are available for all
 Peppers require more heat and are more sensitive to cold except the coolest parts of the country. They can be grown in any
than most common garden crops grown in this country. Pepper soil that is suitable for other vegetable crops, which is a wellwill fail to thrive during cool periods when temperatures are drained, fertile soil of heavy loam type. Poorly drained soils can
between 4.4o to 15.6oC. Most varieties require a little more cause the plant to shed their leaves and to be susceptible to
warmth than tomatoes – a daily average temperature of about diseases, resulting in poor yields. Cultural requirements and
23.9oC. The larger, longer growing varieties, such as perfection, practices are similar to those for tomatoes. The pepper plant,
pimiento and Tobasco, require considerably more warmth. A few however, requires somewhat more careful handling and a little
early varieties, such as early Giant and Windsor – A, can be grown warmer weather (21 – 27oc) than does the tomato and it does not
successfully in many parts of the country especially in the recover so well after unfavorable moisture, temperature or other
Northern states. None are well adapted to the cool mountainous or conditions that retard growth.
high northern plains. At least 3 months of warm weather for plants
in the field or garden are required for good yields of the earlier 5.0 SOILS AND FERTILIZERS
varieties adapted to the more northerly parts of the country, and 4 Good crop of peppers can be grown on any good soil. They
to 5 months for most other varieties. are grown successfully on many kinds of soils, ranging from fine
 Despite the pepper’s need for plenty of warm weather, the sands through many loams, clay loams, and silt loams, but sandy
extreme heat experienced in many parts of the country is too much loams and loams are preferred. The soil must be well drained.
for fruit setting in most varieties. Above 32.2oC blossom dropping The pepper plant is not especially sensitive to soil acidity.
becomes excessive, and many fruits that set at mean temperatures Strongly acid soils, however, should be limed to a moderately or
above 26.7oC are likely to be small or poorly shaped because of slightly acid condition (pH 5 – 6). If the soil is not naturally
heat injury to the blossoms. Above 35oC few, if any, fruits will fertile, manures or green manures and inorganic fertilizers such as
set, especially if the air is very dry or if there are dry winds. Fruit single super phosphate (SSP) and NPK compound fertilizer will
setting will begin again with the return of milder weather. need to be applied because a rich soil is necessary for producing
 high yield and good quality peppers. To maintain the soil organic
 9 10",NAERLS Irrigated Pepper Production,https://naerls.gov.ng/wp-content/uploads/2022/11/Irrigated-Pepper-Production.pdf,5,official_naerls_bulletin
naerls_0100,pepper,official_extension_bulletin,pepper matter tons stable manure compost green propagation per hectare should turned annually planting place peppers fertilized approximately same way although much greater part total hectarege all tomatoes little nitrogen potash perhaps kinds grown transplants seed sown directly even important than ensure there open field,"matter, 25 to 37.5 tons of stable manure compost, or green manure 5.2 PROPAGATION
per hectare should be turned under annually. 5.2.1 Planting in Place
 Peppers should be fertilized in approximately the same way as Although much of greater part of the total hectarege of all
tomatoes, but with a little more nitrogen and potash. It is perhaps kinds of peppers is grown from transplants, seed is sown directly in
even more important than with tomatoes to ensure that there is place in the open field, principally in some of the warmest parts of
ample fertility to make th e plants start off and grow rapidly after the country. 10 to 12 seeds can be planted 45cm apart on rows
transplanting lest they start blooming and set fruit while they are 75cm apart and later thinned when 8 to 10cm tall to 2 plants per
too small. Fruit setting on small plants definitely stunts their stand. The costs of production by sowing in place are nearly the
growth so that they fail to develop the plant size necessary to same as by transplanting, because of the costs for much more seed,
produce a good crop of fruit. Pepper plant generally makes rather thinning, and additional cultivation to control weeds. Sowing in
poor recovery from any serious stunting place is not generally recommended, even in places where the
 On loam and heavier soils of fair to good fertility, 250 to 500 season is long enough to permit its use.
kg/ha (5 to 10 bags) of compound fertilizer 15:15:15 should be
thoroughly mixed with the soil along the rows, about a week 5.3 Growing Plants for Transplanting
before transplanting the plant. When the plants have set several 5.3.1 Large Scale Nursery Beds.
fruits, additional nitrogen is needed to prevent the plant from Many hectares of plant beds in the open field are used to
slowing down in vegetative growth. At this time about 65kgN/ha grow pepper plants for sell to farmers. However, pepper plants are
should be applied as a top dressing near the rows and cultivated somewhat more difficult to grow, transport to long distance and
into the soil. On lighter sandy soils, 750 to 1000 kg/ha (15 to 20 deliver to the field in good condition for transplanting. Pepper
bags) NPK 15:15:15 or 25-10-10 fertilizer should be worked into plants are harmed more than tomato plants by unfavorable
the soil before transplanting time, and a top dressing of about conditions in the plant bed, at transit, or upon delivery. Tansported
65kgN/ha fertilizer should be applied at fruit –setting time. On plants therefore, are used for a smaller percentage of the total
these lighter sandier soils, 22.7kg of murate of potash should be pepper hectarage than for the tomato hectarage.
added to the nitrogen during top dressing.
 5.3.2 Nursery Bed Management and Transplanting
5.1 PEPPERS IN THE CROPPING SYSTEM The seedbed for raising seedlings is made 120-150cm wide
 As peppers are grown in different parts of this country and as long as necessary. The soil is pulverized by forking and
along with a large variety of other vegetable and field crops on breaking up the clods and removing stones and straw. After the soil
individual farms, it is not practicable here to recommend specific has been loosened, add well-rotted manure or compost at the rate
crop rotation that includes peppers. More important than fallowing of three buckets per 6.0m2 bed (fig.4) or compound fertilizer NPK
in particular rotation over many years is the precaution to avoid 15:15:15 is applied at the rate of 22g/m2.
growing peppers on the same soil more often than once in 3 or 4
years. As tomatoes and peppers are subject to some of the same
diseases, neither should follow the other in successive seasons in
the same soil. Soil used for plant beds should have had no peppers
grown in it for 4 or 5 years, preferably never before.",NAERLS Irrigated Pepper Production,https://naerls.gov.ng/wp-content/uploads/2022/11/Irrigated-Pepper-Production.pdf,6,official_naerls_bulletin
naerls_0101,pepper,official_extension_bulletin,pepper transplanting one per day will harden seedlings they better overcome shock moving when emerge mulch removed gently fig seeds then sown thinly fingertips rows drills figure remove grass soon apart special seed treatment required other than should extracted mature fruits well clean properly kept,"transplanting to one can per day. This will harden the seedlings so
 that they can better overcome the shock of moving. When the
 seedlings emerge, the mulch is removed gently (fig.8). Seeds are then sown thinly with fingertips into the rows or drills Figure 8.Remove the grass mulch gently as soon as seedlings
about 10 to 12cm apart (fig. 5). No special seed treatment is emerge.
required other than that seeds should be extracted from a mature
fruits, and should be well clean and properly kept before sowing. In the rainy season, the beds should be raised about 15cm above
 the surrounding ground to enhance drainage and lowered during
 the dry season for water retention. For peppers grown during dry
 season, the nursery must be near a good source of water for
 irrigation, although peppers are able to withstand longer period of
 drought than tomatoes and eggs plants. Pepper can be planted
 towards the end of the rains, in September in northern Nigeria to
 make use of the residual moisture in the soil at that time, which can
 be supplemented with irrigation water during the flowering periods
 or when the rains ceases.
 Ridge width for growing pepper may be 75cm –90cm, with
Figure 6. Use grass to mulch the nursery bed. Figure 7. Water the nursery an interplant spacing of 45 to 60cm. When planted on the flat, a
bed with a watering-can. closer spacing of 60 x 60cm may be adopted for sweet pepper
 (Capsicum annum). Seedlings should be uprooted with ball of
After sowing, the bed is mulched by spreading dry grass evenly earth using hand trowel. Transplanting on ridges of 75cm size
over the bed so that no light reaches the soil (fig. 6). Mulching is should be spaced 45cm between plants (one plant per stand) to
done to avoid rapid drying of the topsoil. The bed is then heavily give plant population of 29,630 plants per hectare. For
but carefully watered so as not to wash out the seeds (fig. 7). transplanting on flat, plots, of 6m x 4m is recommended, with plant
Watering of nursery seedbed should always be done with a spacing of 45cm apart in 60cm spaced rows. Transplanting should
watering-can or a perforated tin. Put two watering-cans of water be done early in the morning or late evening to minimize
per 6.0m2 bed, once a day. Reduce the amount three days before transplanting shock. Six weeks old uniformly sized pepper
 13 14",NAERLS Irrigated Pepper Production,https://naerls.gov.ng/wp-content/uploads/2022/11/Irrigated-Pepper-Production.pdf,7,official_naerls_bulletin
naerls_0102,pepper,official_extension_bulletin,pepper seedlings should transplanted gap filling done replace plant nursery beds production field goosegrass missing stands week later lovegrass banyard grass pig weed examples herbicides chemical control presented below irrigation peppers like many other vegetable crops require reasonably uniform soil moisture supply during growing thick,"seedlings should be transplanted, and gap filling be done to replace pepper plant nursery beds and production field are goosegrass,
missing stands about a week later. lovegrass, banyard grass, and pig weed. Examples of herbicides
 used for chemical weed control is presented below.
6.0 IRRIGATION
 Peppers, like many other vegetable crops, require a 7.2.1 Chemical Weed Control in Plant Beds
reasonably uniform soil – moisture supply during the growing The thick stand of peppers in seedbeds has made it difficult
season for best production. Long dry period may cause shedding to effectively remove broad-leaved weeds and weed grasses.
of flowers and young fruits, and the plants are likely to make a Large amounts of hand labour have been required, but now most of
rather slow recovery after drought injury. The most popularly used these weeds can be controlled with herbicides applied as soil
systems are basin and furrow irrigation system. Peppers are fumigants before planting of peppers. An example of the
estimated to require between 600 – 800mm of water per season. chemicals used to control weeds in plant beds is methyl bromide.
An average of 15 to 20 irrigations are required to produce a crop of Methyl bromide as a soil fumigant that controls weeds,
peppers depending on when irrigation season starts. fungi, bacteria and nematodes in the soil, is effective for the
Furrow irrigation system is commonly used for applying water. In control of many weeds in plant beds. Prepare the soil as for
this method the pepper transplants are set at the side of the furrow seeding, omitting the final smoothing or compaction operation.
at transplanting time. Cover the area to be treated with an airtight plastic film. Burry the
 edges and support the center a few centimeters above the soil
7.0 WEED CONTROL surface. Release the volatile liquid (Methyl bromide) at the rate of
7.1 Manual Weed Control 276.8g per 10 square metres to be treated. The cover may be
 No special methods are required in cultivating peppers. removed after 24 hours.
Shallow hand weeding, not more than 2.5 to 5.0cm deep is often The chemical does not persist in the soil; hence sowing
enough to control weeds effectively. A total of three hand weeding may be done safely 72 hours after removing the plastic cover. Soil
at three weeks intervals commencing from three weeks after moisture should be optimum for the rapid germination of weed –
transplanting is enough to produce a good pepper. Care should be seed at the time of treatment and soil temperature should be 10oC
taken to avoid cultivation or other work on the soil when it is too or above at a depth of 15cm.
wet. Repeated transplanting during successive harvests tends to
pack the soil to an undesirable degree if it contains much clay or Caution: Methyl bromide is a highly toxic gas. Follow carefully
silt, especially when it is walked upon while the surface is wet. the precautions and directions on the container labels. Other soil
Pepper plant stems and branches are brittle and are more easily fumigants available for pre-planting use are Furadan – 3G and
broken by wind or by farm implements than the stems and Basamid. The soil is prepared for treatment as described above for
branches of most crops. Care should be taken to avoid striking or Methyl bromide, and the chemicals are applied in water solution
roughly pushing the plants about while working among them. with a sprinkler, which can be followed by a light overhead
 irrigation to seal the soil surface. For most effective weed control,
7.2 Chemical Weed Control the weed seed germination soil temperatures should be 14oC or
 A number of herbicides have been found to consistently above at the depth of 5cm.
combine effective weed control with high yields, comparable with
those achieved with hoe weeding. The most common weeds in
 15 16",NAERLS Irrigated Pepper Production,https://naerls.gov.ng/wp-content/uploads/2022/11/Irrigated-Pepper-Production.pdf,8,official_naerls_bulletin
naerls_0103,pepper,official_extension_bulletin,pepper chemical weed control production fields nigeria example mixtures alachlor linuron plus chlobromuron respectively pendimethalin metobromuron effective controlling weeds supplintary hoe weeding glyphosate rate should sprayed two weeks before land preparation stoloniferous rhizomatous noxious,"7.2.2 Chemical Weed Control in Production Fields
 In Nigeria for example, mixtures of alachlor (linuron plus
chlobromuron) at 1.0 + 0.5 kg a.i./ha and 1.0 + 1.0kg a.i./ha
respectively, and (pendimethalin plus metobromuron) at 2.0+1.0kg
a.i./ha are effective in controlling weeds with a supplintary hoe
weeding. Glyphosate at the rate of 4.0L/ha should be sprayed two
weeks before land preparation to control stoloniferous and
rhizomatous noxious weeds.",NAERLS Irrigated Pepper Production,https://naerls.gov.ng/wp-content/uploads/2022/11/Irrigated-Pepper-Production.pdf,9,official_naerls_bulletin
naerls_0104,pepper,official_extension_bulletin,pepper insect pests control figure aphids peppers attacked many kinds insects most important which cutworms flea beetles hornworms weevil maggot leaf miners some these attacking plants principally feltiasubtenanea widely distributed others serious limited fabricus pendromasaucia hubner stout soft bodied areas only descriptions few examples follows,"8.0 INSECT PESTS AND THEIR CONTROL Figure 9. Aphids.
Peppers are attacked by many kinds of insects, the most important
of which are aphids, cutworms, flea beetles, hornworms, the 8.2 Cutworms
pepper weevil, pepper maggot, and leaf miners. Some of these Cutworms attacking pepper plants, principally Feltiasubtenanea
insects are widely distributed; others are serious pests in limited (Fabricus) and Pendromasaucia (Hubner), are stout, soft bodied
areas only. Descriptions of few pests as examples are as follows. smooth larvae, colored dark gray, brown or black sometimes
 spotted or striped (fig.10). Up to 3.8cm long, they curl up when
8.1 Aphids disturbed. They cut off the young plants near the soil surface.
 Aphids (or plant lice), notably the potato aphids, Some cutworms climb plants and cut off the leaves and buds.
Macrosiphumeuphobiae (Thomas), and the green peach aphids, They are found wherever peppers are grown.
Myzuspersicae (Sulzer) are small soft-bodied insects found mostly Cutworms can be controlled by applying toxaphene as a
on the underside of pepper plant leaves or on the stems and dust or spray to the plants and to the soil around their bases at the
terminal clusters (fig.9). They are the most common and widely rate of 2.268kg per hectare. A bait containing 3 percent of
distributed of the insect pests of peppers. It is important to dust or toxaphene in bran is effective when moistened with enough water
spray the plants as soon as the first infestation is evident and as to make a crumbly mash. Apply the bait to the soil around the
often as necessary thereafter. Controlling a light infestation is young plants preferably in the evening, at the rate of 45.35kg/ha.
usually not difficult, but if control measure is neglected until the
peppers are heavily infested, the damage may be serious and the
success of the application doubtful. Aphids on peppers can be
controlled with dusts or sprays containing endosulfan or with
demton sprays. 0.5 to 1.0kg/ha of 25 percent endosulfan WP or 0.5
to 1.0litre/ha of 25 percent endosulfan EC, or 0.5litre square/ha of
25 percent demeton EC.",NAERLS Irrigated Pepper Production,https://naerls.gov.ng/wp-content/uploads/2022/11/Irrigated-Pepper-Production.pdf,9,official_naerls_bulletin
naerls_0105,pepper,official_extension_bulletin,pepper european corn borer pyraustanubilalis hubner become serious pest peppers grown small pale pink brown caterpillar dark head fig full larvae long feeds within stalks pods control spray each week cymbush rate hornworms tomato protoparcequinguemaculate hawarth tobacco hornworm sexta johanson large green worms diagonal lines,"8.3 European Corn Borer
 The European corn borer, Pyraustanubilalis (Hubner), has
become a serious pest of peppers grown. It is a small pale pink or
brown caterpillar with a dark brown head (fig.11). The full-grown
larvae are about 2.5cm long. It feeds within the stalks and pods.
For control, spray each week with Cymbush E.C. or E.D. at the
rate of 2L/ha. 8.5 Hornworms
 The tomato hornworms Protoparcequinguemaculate
 (Hawarth), and the tobacco hornworm, P.sexta (Johanson), are
 large green worms with diagonal lines along the sides and a
 prominent horn on the rear end (fig. 13). They devour the leaves of
 pepper plants and when numerous may entirely strip them.
 Ordinarily in small fields they can be controlled by handpicking.
 For large fields, hornworms can be controlled by dusting or
 Figure 11. Corn borer adult and larva. spraying with insecticides such as Cypermethrin and Dimethoate
 (Perfecthion) at the rate of 500mls/ha.
8.4 Flea Beetles.
Flea beetles, Exitrixspp, are small, black, brown, or striped
Jumping beetles (fig.12). They damage peppers wherever this
plant is grown. They feed extensively on the small plants and at
the same times numerous enough to cause serious damage to large
plants. Flea beetles can be controlled by applying a dust or
sprayed at the rate of 1.2L/ha.",NAERLS Irrigated Pepper Production,https://naerls.gov.ng/wp-content/uploads/2022/11/Irrigated-Pepper-Production.pdf,10,official_naerls_bulletin
naerls_0106,pepper,official_extension_bulletin,pepper pest control important factors production profitable crops dust sprays disease most commonly cause losses peppers damping insects infesting controlled best off blue mold bacterial spot frog eye leaf southern blight insecticide dusts these applied effectively phytophthora fusarium wilt anthracnose mosaic during calm periods day,"8.6 PEST CONTROL important factors in the production of profitable pepper crops. The
6.6.1 Using Dust and Sprays disease that most commonly cause losses of peppers are damping
Insects infesting pepper can be controlled best by the use of off, blue mold, bacterial spot, frog eye leaf spot, southern blight,
insecticide dusts or sprays. These can be applied most effectively phytophthora blight, fusarium wilt, anthracnose, mosaic disease,
during calm periods of the day, usually early in the morning or late blossom-end rot, and sunscald.
in the afternoon. Care should be taken to have the duster or the
sprayer in good working order. See that none of the nozzles are
clogged, and that they are properly adjusted at the right heights and
angles so that all parts of the plants will be thoroughly covered
with the insecticide (fig.14 & 15).",NAERLS Irrigated Pepper Production,https://naerls.gov.ng/wp-content/uploads/2022/11/Irrigated-Pepper-Production.pdf,11,official_naerls_bulletin
naerls_0107,pepper,official_extension_bulletin,pepper rate application will vary equipment size diseases classed parasitic non plants type strength material general where most common caused made traction power organisms chiefly fungi other dust litres spray per hectare needed attacking peppers few bacteria represented when hand small enough above list bacterial,"The rate of application will vary with the equipment, the size of the Diseases are classed as parasitic or non-parasitic.
plants, and the type and strength of the material. In general, where Most of the common diseases of pepper plants are caused
the application is made with traction or power equipment, 28.35kg by parasitic organisms, chiefly fungi. Other parasitic
of dust or 567.5 to 1420 litres of spray per hectare is needed. organisms attacking peppers are a few bacteria (represented
When hand equipment is used and plants are small enough to be in the above list by bacterial spot only and eelworms
treated individually, 17 to 22.68 kg of dust or 567.5 to 681.9 litres (notably the root knot nematode). Parasitic diseases must
of spray per hectare is sufficient. If emulsifiable concentrates are be controlled by the application of specific chemicals such
used, as little as 113.6litres of spray per hectare may be sufficient. as Ridomil and Dithane M45 (2-3kg/ha), Bavistin (1L/ha)
Wettable powders require good mechanical agitation to prevent as dust or sprays that will destroy the parasites or prevent
clogging of the spray nozzles. their spread.
 Virus diseases, although considered by some not to
9.0 DISEASES AND THEIR CONTROL be caused by organisms, are usually thought of as
Peppers are subject to a number of diseases that reduce both field parasitically induced. After fungi, viruses cause most of
and market value of the fruit. Disease control is one of the most the diseases in peppers. Virus disease requires a clean
 21 22",NAERLS Irrigated Pepper Production,https://naerls.gov.ng/wp-content/uploads/2022/11/Irrigated-Pepper-Production.pdf,11,official_naerls_bulletin
naerls_0108,pepper,official_extension_bulletin,pepper method handling plants cultivating them damping off paying attention insect carriers description called non parasitic diseases caused seedlings certain fungi unfavourable soil climatic conditions poor rhizoctoniasolani pythiumspp often present environment above list blossom end rot these may seed kill before they sunscald exemplify emerge,"method of handling the plants and cultivating them, and 9.1 Damping –off
paying attention to insect carriers. 9.1.1 Description
 So-called non-parasitic diseases are caused by Damping off of pepper seedlings is caused by certain fungi
unfavourable soil and climatic conditions (Poor Rhizoctoniasolani and Pythiumspp.; those often are present in the
environment). In the above list, blossom end rot and soil. These fungi may rot seed or kill the seedlings before they
sunscald exemplify diseases caused by poor environment. emerge from the soil. They also may attack the soft stems of the
The measures for control of non-parasitic disease are young seedlings after they emerge and cause water soaking and
largely good cultural methods and the use of fertile, well- shriveling of the stem at the ground level. Plants attacked in this
drained soils. Losses from many pepper disease can be way soon fall over and die. Damping off is usually most damaging
avoided by the use of: on very moist soil. Seedlings should not be over watered,
1 Clean seed protected by chemical treatment, particularly in cool, moist weather, and should be grown in rows
2 Seed bed sanitation far enough apart to allow plenty of ventilation to keep down the
3 Crop rotation humidity.
4 Fungicides, bactericides, or insecticides applied to
 the plants as sprays or dusts, generally when 9.1.2 Control
 needed. Treating pepper seed with certain fungicides to protect the
Description of some few examples of important diseases young seedlings until they emerge from the soil can reduce losses
and their control is given below. The summary of the from damping –off. This material includes preparations of such
description is presented below (Table 2). chemical as thiram. It should be used at the rate recommended by
 the manufacturers. The seed and chemical dust are placed in a tight
 container e.g. plastic Jeri can, which should not be over half of the
 container. They are then shaken together for 1 or 2 minutes. The
 excess dust is screened off and the seed is ready to plant. Damping
 –off in the seedbed (or fields) can be checked immediately after
 planting the seed by wetting the soil with a suspension of 2kg of
 captan to 455litres of water applied as a spray. This is applied at
 the rate of 4.5litres to each 11.6 square metre of soil. Ordinary
 wetting, perhaps by means of a sprinkling-can, is at the rate of
 22.7litres to 9.29 square metre. Damping–off has been very severe
 in the seedbed, it can be controlled by chemically disinfecting the
 soil of the bed.",NAERLS Irrigated Pepper Production,https://naerls.gov.ng/wp-content/uploads/2022/11/Irrigated-Pepper-Production.pdf,12,official_naerls_bulletin
naerls_0109,pepper,official_extension_bulletin,pepper description seedlings affected blue mold show pale spot leaves these spots become covered coating fungus spores undersurface very young plants may killed bed will look though had sealed older infected drop plant usually recover when weather again warm dry control controlled spraying seedbeds preparations,"9.2.1 Description
 Pepper seedlings affected by blue mold show pale spot on
the leaves. These spots become covered with a pale blue coating
of fungus spores on their undersurface. Very young plants may be
killed and the bed will look as though it had been sealed. On older
plants infected leaves drop and the plant usually recover when the
weather is again warm and dry. 9.2.2 Control
 Blue mold can be controlled by spraying the seedbeds with
preparations of ferbam or Zineb. Dusting with one of these
materials also should check the disease. If blue mold appears in
the vicinity, the seedlings should be treated before the disease
occurs in the seedbeds. 9.3 Bacterial Spot
 Bacterial spot causes severe problem to sweet peppers but
is not a serious disease of hot peppers. The disease is caused by a
bacterium, Xanthomonasvesicatortia that also causes bacterial spot
of tomatoes. The most serious injury of peppers accurs on leaves
and fruits. Stems are affected to a lesser degree.",NAERLS Irrigated Pepper Production,https://naerls.gov.ng/wp-content/uploads/2022/11/Irrigated-Pepper-Production.pdf,13,official_naerls_bulletin
naerls_0110,pepper,official_extension_bulletin,pepper description young leaves spots small yellowish green slightly raised underside leaf older first dark water soaked noticeably when few they may enlarge diameter such figure bacterial spot dead show coloured centers darkmargin very numerous brown severely spotted turn control yellow drop seedlings infected plant,"9.3.1 Description
 On young leaves the spots are small, yellowish green and
slightly raised on the underside of the leaf. On older leaves the
spots are first dark, water soaked, and not noticeably raised. When
spots are few they may enlarge to 0.3 or 0.6cm in diameter. Such Figure 18: Bacterial Spot
spots have dead, show- coloured centers with a darkmargin. When
very numerous, the spots are brown, severely spotted leaves turn 9.3.2 Control
yellow and drop. Seedlings infected in the plant bed often lose all Control of bacterial spot in the seedbed is the best way to
but the leaves at the top of the plant. Plants in the field also may prevent losses in the field. Seedlings should be grown on soil that
lose many of their leaves. has not been planted to pepper for several years. If soil must be
 On the fruit the small, blister like spots are roughly circular used in which peppers have been grown, it is safest to disinfect it
and may be 0.6cm in diameter. These spots turn brown and with a suspension of 2kg thiran or captanto 455litres of water
develop a cracked roughened, and warty appearance. applied as a spray, at the rate of 4.5litres to each11.6m2 of soil.",NAERLS Irrigated Pepper Production,https://naerls.gov.ng/wp-content/uploads/2022/11/Irrigated-Pepper-Production.pdf,13,official_naerls_bulletin
naerls_0111,pepper,official_extension_bulletin,pepper seedlings should transplanted fields where stems young thiram peppers tomatoes occurred preceding year bacterial they spot emerge cause spraying general precautions water soaking seedbeds chemicals kill fungi soil shriveling preparations plants stem ground ferbam zineb seed injurious man animals handled care level control blue,"Pepper seedlings should not be transplanted to fields where stems of the young thiram.
peppers or tomatoes occurred the preceding year. Bacterial seedlings after they
 Spot emerge and cause Spraying the
9.4 General Precautions water soaking and seedbeds with
 Chemicals that are used to kill fungi in the soil or used to shriveling of the preparations of
kill fungi or bacterial of the pepper plants, or used to kill fungi of stem at the ground ferbam or zineb
the seed, are injurious to man and animals if not handled with care. level. Plants can control blue
Therefore users should follow the precautions below. attacked in this mold. Dusting
1. Keep chemicals from getting into the mouth, eyes or nose way soon fall over with one of these
2. Do not allow the liquids to remain in contact with the skin, and die. materials also
 and wash promptly with soap and water. Pepper seedlings should check the
3. When treating a large quantity of seed with a dust or when affected by blue disease. If blue
 dusting plants in the field, wear a respiration or dust mask. mold show pale mold appears in
4. Avoid applications when there are drifting winds and avoid spot on the leaves. the vicinity, the
 the disposal of chemicals into ponds, lakes and streams These spots seedlings should
5. Clean thoroughly all vessels used in preparing a spray become covered be treated before
 solution. with a pale blue the disease
6. Keep the chemicals in a safe place out of reach of children coating of fungus occurs in the
 and pets. spores on their seedbeds.
 undersurface.
Table 2 summarizes pepper diseases, description and their control. Very young plants Control of
 may be killed and bacterial spot in
S.N. Disease Description Control the bed will look as the seedbed is
1 Damping- Damping off of Treating pepper though it had been the best way to
 off pepper seedlings is seed with certain sealed. prevent losses in
 caused by certain fungicides to the field.
 fungi protect the On young leaves Seedlings should
 Rhizoctoniasolani young seedlings the spots are small, be grown on soil
 and Pythiumspp.; until they yellowish green that has not been
 those often are emerge from the and slightly raised planted to pepper
 present in the soil. soil can reduce on the underside of for several years.
2 These fungi may losses from the leaf. On older If soil must be
 Blue rot seed or kill the damping –off. leaves the spots are used in which
 Mold seedlings before This material first dark, water peppers have
 they emerge from includes soaked, and not been grown, it is
 the soil. They also preparations of noticeably raised. safest to
3 may attack the soft such chemical as When spots are disinfect it with a
 27 28",NAERLS Irrigated Pepper Production,https://naerls.gov.ng/wp-content/uploads/2022/11/Irrigated-Pepper-Production.pdf,14,official_naerls_bulletin
naerls_0112,pepper,official_extension_bulletin,pepper few they may suspension harvested both mature green red ripe stages most enlarge thiran hot peppers drying some however diameter captan either depending whether such spots litres sold fresh canning harvesting dead show water applied usually done manually coloured centers spray darkmargin rate picking,"few they may suspension of are harvested in both the mature – green and red-ripe stages. Most
 enlarge to 0.3 or 2kg thiran or hot peppers are harvested red ripe for drying. Some however, are
 0.6cm in diameter. captan to harvested either green mature or red ripe depending on whether
 Such spots have 455litres of they are to be sold for fresh use or for canning. The harvesting is
 dead, show- water applied as usually done manually.
 coloured centers a spray, at the
 with a darkmargin. rate of 4.5litres 10.1 Picking
 When very to each 11.6m2 Peppers are generally broken from the plants with the stems
 numerous, the of soil. left attached to the fruits. For sweet peppers strong cloth picking
 spots are brown, bags, which are suspended from the shoulders of the pickers are
 severely spotted preferable to baskets or boxes. Both hands are free for rapid and
 leaves turn yellow careful removal of the fruit from the plants. Also hard picking
 and drop. containers may become rough and sandy and so cause damage to
 the peppers. Pepper fruits later carried to a central, point where
 they are graded and packed in standard baskets or put in containers
9.5 Methods of Parasitic Disease Control for delivery to market or processing plant. The red-ripe peppers are
 Non-parasitic diseases are caused by unfavorable soil or sometimes sun dried and stored in bags.
climatic conditions. The measures for their control are largely
good cultural methods and the use of fertile, well-drained soils. 11.0 CONCLUSION
Parasitic disease, however, must be controlled by use of resistant Pepper production is a profitable venture for farmers in Nigeria
varieties or other biological methods or by application of specific due to its high market value. Achievement of peppers benefit by
chemicals that will destroy the parasites or prevent their spread. farmers depends on the crop management in both nursery and
Fungicides and bactericides play a large part in reducing losses field. In addition to the climatic and soil conditions that favour
from parasitic disease pepper production farmers should be very careful to follow all the
 production requirements as stated in this Bulletin. Once the
10.0HARVEST AND PREPARATION FOR MARKET production stages are followed as described above, pepper
 Mild- fresh or sweet peppers grown for fresh use should be (Capsicum annum) is expected to yield up to 15t/ha. Pests and
harvested when they are at good marketable size (10cm long and diseases management is very essential in the production of pepper;
5cm in diameter) with dark green colour. They should be firm and therefore care should be taken to control their infection
crisp, but not so mature as to have begun losing their desirable immediately to prevent their spread.
greenness. Small young peppers are rather soft and yield readily to
mild pressure of the fingers. Although quite edible at such stage, References
they are lacking optimum quality and food value. Growers who Cook A.A., T.A. Zitter, and H.Y. Ozaki (1977). Delray Bell, A
harvest soft fruit will not be getting the potential yield from their Virus-Resistant Pepperfor Florida. Agricultural Experiment
crops. In addition, because immature peppers are more subject to Stations. Institute for Agricultural Sciences, University of
quality deterioration in the process of marketing, buyers may Florida, Gainesville. Circular S 251. P5.
discount such fruit in price. The sweet peppers grown for canning
 29 30",NAERLS Irrigated Pepper Production,https://naerls.gov.ng/wp-content/uploads/2022/11/Irrigated-Pepper-Production.pdf,15,official_naerls_bulletin
naerls_0113,pepper,official_extension_bulletin,pepper denton alason adegoro nihort years research horticultural crops development victor boswell doottle leon pultz taylor nigeria damelson roy campbell production entomology division agricultural service gez cornish tom brabben field guide irrigated agriculture assistants wallingford walter ebeling subtropical fruit pests university international programme technology california,"Denton, A.O., KD Alason, M.A. Adegoro (ed) 2000 NIHORT 25
 years of research into horticultural crops development in Victor, R. Boswell, S, P. Doottle, Leon M. Pultz, A.L. Taylor’ L.L.
 Nigeria (1975 – 2000). Damelson and Roy E. Campbell (1964), Pepper Production
 Entomology Research Division, Agricultural Research Service.
Gez Cornish and Tom Brabben (2001). Field Guide on Irrigated
 Agriculture for Field Assistants. HR Wallingford, UK and Walter Ebeling (1959). Subtropical Fruit Pests. University of
 International Programme for Technology and Research in California, Division of Agricultural Sciences. Los Angeles,
 Irrigation and Drainage (IPTRID) in Collaboration with California. P162-388.
 Department of Irrigation, Malawi. P 79-98. Greenleaf, W.H; M.H. Hollingsworth; Hubert Harris; K.H. Rymal
 (1969). Bighart-
 Improved Variety of Pimiento Pepper. Agricultural Experiment
 Station, Auburn
 University, Auburn Alabama. Leaflet 78. P7.",NAERLS Irrigated Pepper Production,https://naerls.gov.ng/wp-content/uploads/2022/11/Irrigated-Pepper-Production.pdf,16,official_naerls_bulletin
naerls_0114,pepper,official_extension_bulletin,pepper joseph aremu adigun effect period weed interference chemical control rainfall irrigated peppers capsicum spp msc agronomy thesis unpublished abu zaria lamido aliyu growth yield annum influenced levels plant density department usman inuwa shehu age seedlings nitrogen frutescent uvah alegejo bemisiabataci vector leaf curl virus,"Joseph Aremu Adigun (1984). Effect of period of weed
 interference and chemical weed control on Rainfall and
 Irrigated peppers (Capsicum spp). MSc. Agronomy thesis.
 Unpublished (ABU Zaria). Lamido Aliyu (1994). Growth and yield of pepper (Capsicum
 annum as influenced by N. and P levels and plant density Ph.
 D Agronomy thesis Unpublished(Department of Agronomy
 ABU Zaria) Usman Inuwa Shehu 1990. Effect of age of seedlings and nitrogen
 on the growth and yield of pepper (Capsicum frutescent) M.Sc.
 Agronomy thesis. Unpublished Department of Agronomy
 ABU Zaria. Uvah, I.I. and M.D. Alegejo 1988. Chemical control of
 Bemisiabataci. Vector of leaf curl virus on pepper. Terminal
 report to the horticultural crops programme Research
 Review Committee. Institute for Agricultural Research,
 Ahmadu Bello University
 Zaria
 31 32",NAERLS Irrigated Pepper Production,https://naerls.gov.ng/wp-content/uploads/2022/11/Irrigated-Pepper-Production.pdf,16,official_naerls_bulletin
naerls_0115,onion,official_extension_bulletin,onion table acknowledgement introduction irrigated production crop management soil type cultural practices land preparation climatic requirements day length requirement direct seedling method nursery beds field planting transplanting dates fertilizer recommendation application weed control pests diseases yellow dwarf measures harvesting processing national agricultural extension research curing,"Table………………………………………………………. 2
 Acknowledgement…………………………………………. 3
 Introduction............................................................................ 4
IRRIGATED ONION PRODUCTION AND The Crop Onion...................................................................... 5
 MANAGEMENT Soil type.................................................................................. 5
 Cultural practices for onion production……………………. 5
 Land preparation…………………………………………… 5
 Climatic Requirements........................................................... 5
 Day length Requirement......................................................... 6
 The direct seedling method .................................................... 6
 Preparation of Nursery Beds................................................... 6
 Field Planting........................................................................ 6
 Transplanting....................................................................... 7
 Planting Dates........................................................................ 7
 Fertilizer Recommendation.................................................. 7
 Fertilizer Application............................................................ 7
 Weed Control........................................................................ 7
 Pests and Diseases and their Control....................................... 8
 Control.................................................................................. 10
 Diseases.................................................................................. 10
 Yellow Dwarf......................................................................... 10
 Control Measures................................................................... 11
 Harvesting and Processing..................................................... 11
 National Agricultural Extension and Research Curing.................................................................................... 11
 Liaison Services, Yield........................................................................... ............ 12
 Ahmadu Bello University, Summary................................................................................. 13
 P.M.B 1067 Samaru Zaria, Nigeria Reference................................................................................ 14",NAERLS Irrigated Onion Production and Management,https://naerls.gov.ng/wp-content/uploads/2022/11/Irrigated-Onion-Production-And-Management.pdf,1,official_naerls_bulletin
naerls_0116,onion,official_extension_bulletin,onion acknowledgement introduction allium cepa vegetable crop grown almost all over world mainly bulb which every home daily rarely sole dish large quantities main lies flavouring seasoning wide naerls wishes acknowledge financial support katsina variety dishes popularity due aromatic volatile oil state government fao production,"Acknowledgement 1. Introduction
 Onion (Allium cepa) is a vegetable crop grown almost all over the
 world. It is grown mainly for its bulb, which is used in every
 home, almost daily. It is rarely used as a sole dish or in large
 quantities. Its main use lies in flavouring and seasoning of a wide
NAERLS wishes to acknowledge the financial support of Katsina
 variety of dishes. Its popularity is due to its aromatic, volatile oil,
State Government and FAO for the production of this bulletin. The the allyl-prophl sulphide which imports a cherished flavour to food.
bulletin has been updated with current information on Onion As a constituent of a meal, both the green leaves and bulbs can be
 eaten raw, cooked or flood, or in soups and salads. Onion also has
Production and Management under Irrigation. Production and value an important role as a medicinal herb in many communities, and is
addition of these perishable crops are of great importance to the well- claimed to minimize high blood pressure and other heart diseases
 due to its favourable action on the elasticity of blood vessels. As an
being of our farmers. item of world trade, onion ranks second in importance after
 tomatoes among the vegetables. In 1987, the total world export
 production amounted to over 2.0 million metric tones and worth
Authors: over 299 million US dollars. World production of onion has
 increased steadily from about 11 million metric tones produced on
B. M. Sani, M.M Jaliya and A.A. Yakub an area of nearly 0.9 million hectare in 1969 to over 25 million metric
 tones produced on an area of above 1.7 million hectares in 1987.
 These figures represent and percent increases in total production
Revised January, 2016 and at as respectively.",NAERLS Irrigated Onion Production and Management,https://naerls.gov.ng/wp-content/uploads/2022/11/Irrigated-Onion-Production-And-Management.pdf,2,official_naerls_bulletin
naerls_0117,onion,official_extension_bulletin,onion grown widely during wet dry seasons however yields much higher season because fewer incidences pests diseases prices tend oxalate before harvest begins due largely inability farmers store highly perishable crop production increase provision irrigation facilities all over country although nigeria long time yield still,"Onion is grown widely during the wet and dry seasons. However
 yields are much higher during the dry season because of fewer
 incidences of pests and diseases. Prices of onion tend to oxalate
 during the dry season before harvest begins, due largely to the
 inability of the farmers to store the highly perishable crop. Dry
 season production of onion is on the increase due to the
 provision of more irrigation facilities. All over the country.
 Although onion has been grown in Nigeria for a long time, the yield is
 still low compared to other regions of the world. The reason for this sis
 because improved production practices based on research findings have
 not been made available to the generality of farmers. This bulletin aims",NAERLS Irrigated Onion Production and Management,https://naerls.gov.ng/wp-content/uploads/2022/11/Irrigated-Onion-Production-And-Management.pdf,2,official_naerls_bulletin
naerls_0118,onion,official_extension_bulletin,onion therefore present research recommendations enable attainment improved yields day length requirement onions grown tropical regions often referred short crop cultivars does mean these physiologically allium cepa belongs family alliaceous plants term which diluted seedbed where irrigation available water stage should applied every two days,"therefore to present the research recommendations to enable the attainment
of improved yields. Day length Requirement
 The onions grown in tropical regions are often referred to as short day
2. The Crop cultivars. This does not mean that these onions are physiologically short
Onion (Allium cepa) belongs to the family Alliaceous. Onions are day plants, a term which has a diluted in a seedbed where irrigation is
 available. Water at this stage should be applied every two days until the
naturally packed vegetables consisting of fleshy connective scales, which
 bulbils appear. Mature bulbils called setts are separated and planted in the
are enclosed, in paper like wrapping leaves. The stem from which the field during the dry season. The number of setts produced depends on the
roots arise is very short. Leaves are produced from the apical moisten. variety and size of the bulb. A good size bulb of the variety Wuyan Bijini
The bulb, for which the crop is grown, is formed different and specific will give 15-20 setts.
meaning. They are still physiologically long day plants but ones, which
respond to days, which are short. Short day cultivars can initiate and b) The direct seedling method
form bulbs under photoperiods of thirteen hours or less. Onions therefore This method of planting is the lowest popular employed by farmers.
could be classified as short day or day neutral. The onion seeds are not planted straight into the field. The seeds are first
 grown in the nursery and the seedlings later transplanted into the field.
Soil type
Onion can grow on most soil types. However, well-drained medium Preparation of Nursery Beds
textured soils with PH 6-7 are particularly good for the crop. Flat land For good germination in the nursery, a well-tilled seedbed with a fine
enhances good yield. loose surface is necessary. The seedbed should be moist fowl dropping and
 compost are worked into the seedbed before sowing.
Cultural Practices for Onion Production
 After preparing the seedbed, mark it out in rows, which should be about
 10Land Preparation
 15cm apart in a 120 cm wide seedbed. Then a groove of about 12mm
This depends on the particular area where onion is grown. For general depth is made along each row. The seeds can now be sown in either of two
purposes however, ploughing and harrowing the land to prepare a good ways. The first method is to mix the seeds with an equal amount of fine
and flat seedbed is necessary. The dry season onion is normally grown in sand. The mixture of sand and seed is then evenly spread in the groove.
basins under favourable conditions of day length and temperature when The second method is to first spread the sand into the groove. The seeds
the plant has reached a certain stage of growth. Pollination is usually by are then spread evenly over the sand in the groove.
insects.
 After sowing the seed, the groove is lightly covered with soil. The
 seedbed should be cover with light mulch and watered once or twice a
Climatic Requirements (Temperature requirements)
 week. After germination, the mulch is removed. Hand weeding and
The temperature requirement for the crop is between 15oC –25oC. Trials
 watering should continue until the seedlings are 6-8 weeks old when they
have shown that growing onion in warmer weather leads to bulb
 should be ready for transplanting.
retardation. Low atmospheric humidity, and clear bright days are also
necessary to ensure insect activity for pollination. Vitalization (initiation
of flowering due to extended exposure to low temperature) is required for Field Planting
flowering in onions. The lower the temperature, the shorter the The land for transplanting should be well prepared and
 leveled.
vitalizations temperature is necessary.",NAERLS Irrigated Onion Production and Management,https://naerls.gov.ng/wp-content/uploads/2022/11/Irrigated-Onion-Production-And-Management.pdf,3,official_naerls_bulletin
naerls_0119,onion,official_extension_bulletin,onion transplanting addition good drainage very important onions badly seedlings should transplanted field six eight weeks sowing affected water logged conditions nursery when spread roots carefully natural position before pressing soil around plant pests diseases control insect planting dates common affect thrips tabaci dry season,"Transplanting In addition, good drainage is also very important as onions are badly
 Seedlings should be transplanted to the field six-eight weeks after sowing
 affected by water-logged conditions.
 in the nursery. When transplanting, spread the roots carefully in the
 natural position before pressing the soil around the plant.
 Pests and Diseases and their Control a) Insect Pests
 Planting Dates The common insect pests that affect onions are thrips (Thrips tabaci
 The planting dates for the dry season crop is between October – January. Lind), onion maggot (Hylemya antiqua Meig), and sea corn maggot
 The seeds are sown in seedbeds in October to January. (Hylemya cilicrura (Rondani) salt marsh caterpillar (Estigmene acred
 Drurn), wireworms of the genus limonius, cutworms of the family
Fertilizer Recommendation Noctuidapea leaf miner (Liriomiza langei Frick) and several species of
 Onion requires good fertilizer application. Generally, any mites.
fertilizer application should be based on soil test. The amount of
nutrients required to onion production varies from location to location
depending on the inherent soil fertility. For general purposes however, a i) Crickets
fertilizer rate of 65 kg N/ha – These are pests of onion that causes serious damage to an onion crop,
40kg p/ha and 45kg k/ha, that is about 6 bags of NPK 15:15:15 and 1 and half bag of urea particularly at the beginning of the season, both in the nursery beds and
commended. after transplanting in the field.",NAERLS Irrigated Onion Production and Management,https://naerls.gov.ng/wp-content/uploads/2022/11/Irrigated-Onion-Production-And-Management.pdf,4,official_naerls_bulletin
naerls_0120,onion,official_extension_bulletin,onion fertilizer application moth prodenia litura fertilizers applied four weeks transplanting apply larvae eat leaves sometimes serious recommended close iii thrips tabaci lind weed control both adult cause damage they feed first step effective good land preparation sensitive competition during early growth stage crop contents,"Fertilizer Application ii) Moth (Prodenia litura)
 Fertilizers can be applied four weeks after transplanting, apply the The larvae of the moth eat the leaves of onion and can sometimes be serious.
 recommended close.
 iii) Thrips (Thrips tabaci Lind)
Weed Control
 Both the larvae and adult thrips cause damage. They feed on the
The first step to effective weed control is good land preparation. Onion
is sensitive to weed competition during the early growth stage of the crop. contents if leaf epidermal cell, which then become air filled to give a
Care should be taken during the weeding both in the nursery and field to silvery appearance. Infested leaves of older plants may become distorted
avoid destroying the seedlings. The common and preferred method is while younger onion plants may be killed.
hand weeding. The use of herbicides is not very widespread. Iv) Onion Maggot (Hylemya antiqua Meig)
 This is a light greenish-gray fly. It feeds upon onion plants of all ages,
 As most of onion production is carried out during the dry season, the from young seedlings to mature bulbs.
 water management of the crop is therefore very important. Onion is
 comparatively sensitive to water stress, and it growth can be inhibited v) Seed-corn Maggot (Hylemya Cilicrura Ronae.
 well before the leaves wilt visibly from high temperature or drying weeds. This attacks the onion plant at the germinating seed stage and the very
 For irrigation purposes, the amount of moisture needed by the plant is young seed. It can be classified as a nurse pest.
 about 350-550mm. The irrigation frequency is between 5-7 days and the
 number of irrigation per growing season is about 15-20 times.",NAERLS Irrigated Onion Production and Management,https://naerls.gov.ng/wp-content/uploads/2022/11/Irrigated-Onion-Production-And-Management.pdf,4,official_naerls_bulletin
naerls_0121,onion,official_extension_bulletin,onion wireworms alimonies spp control these larval stage click beetle hard shelled yellow nematodes best controlled chemicals like telone brown colour attacks often very serious especially onions sown virgin soil diseases twister colomeralla singulata borne disease leave affected plants show vii spider mites distortion thus,"vi) Wireworms (Alimonies spp) Control
These are the larval stage of the click beetle, it is hard shelled, yellow or Nematodes are best controlled using chemicals like telone.
brown in colour. Attacks by wireworms are often very serious especially if
onions are sown on virgin soil. Diseases
 Onion twister (colomeralla singulata)
 This is a soil borne disease of onion. Leave of affected plants show
vii) Spider Mites distortion, thus the none onion twister.
These mites (Tetranychus spp) feed on onion bulbs. On the bulbs red
spiders are found mostly on the under surfaces of the leaves. They suck Purple Blotch (Alernaria porri)
juice from the epidermal cells, giving the leaves a bleached appearance. If Onions affected by this disease exhibit small white sunken areas with
they are not checked, a delicate web may be spun over most of the plant, purple centers on leaves. As the lesions enlarge, leaves dry out and
and if they are not controlled in the field, the spiders spin a fine web over collapse.
the inflorescence, which prevents visitation by pollinating insects.
 Downy Mildew
Control The first indication of a downy mildew is a furry, violet covering on the
For effective control of these insect pests, an integrated approach must be outside of the leaf or stem – a symptom that is especially conspicuous
adopted. At times climatic conditions may help, as for instance cold when foliage is wet with dew one or two days later, the diseased portion of
temperatures slow down the activities of thrips. Chemical control remains the leaf become pale green, then yellow, and finally they collapse.
the most effective way to control these insect pests. Recommended
chemicals include Toxiphan, Malathion, Heptachlor, Dieldrin or
 Yellow Dwarf
Parathiou. Furthermore, sanitation also helps to reduce the incidence of
pests This is a viral disease transmitted by aphids. Symptoms appear s a series of
 short yellow streaks, which appear at the base of the first leaf as it
b) Nematodes emerges through the neck of the bulb. Later, all symptoms show signs of the
The onion strains of the stem and bulb nematode (Ditylenchus dipsaci)
are a tiny, worm-like organism that is barely visible to the naked eye. disease, but the leaves, which had developed, previously remain
When onions are grown on infested soil, emergence of the seedlings is apparently healthy. The affected leaves later extend this to the flower
somewhat retarded. During storage, activity of the nematodes continues, stalks, which also show yellow streaks. These streaks coalesce, and the
and bulbs become lighter n weight and somehow puffy. When plants die, stalks become yellow throughout, and twisted and curled in a
the nematodes remain in the dead tissue or enter the soil and attack a
new host. They can remain in a dormant condition for long periods. characteristic manner, which gives the plants a decidedly dwarfed
 appearance. Infected sets produce small bulbs of little commercial
Stubby root nematodes (Trichinous Christies Allen) are nematodes that value.
attack onion roots resulting in stunted onions, which occur in patches.
The stunting is most evident early in the season and becomes less
apparent late in the summer. Affected onions have only a few short roots,
which are yellowish in colour and have dark brown tips and numerous
localized lesions.",NAERLS Irrigated Onion Production and Management,https://naerls.gov.ng/wp-content/uploads/2022/11/Irrigated-Onion-Production-And-Management.pdf,5,official_naerls_bulletin
naerls_0122,onion,official_extension_bulletin,onion control measures necks dry provides open moist surface where these diseases better achieved improved field organisms easily enter neck tissues all other sanitation early planting avoidance flooded areas proper row tissue bulb might become established should orientation resistant varieties finally spraying chemicals carefully dried,"Control Measures of the necks are not dry, provides an open, moist surface where not
The control of these diseases is better achieved through improved field organisms can easily enter. These neck tissues, and all other moist surface
sanitation, early planting, avoidance of flooded areas, proper row tissue of the bulb where not organisms might become established, should
orientation, use of resistant varieties and finally spraying with chemicals. be carefully dried before infection can occur. This drying procedure is
 known as curing. In areas where the relative humidity is low and rains
Harvesting and Processing seldom occur during the harvest season, curing is easily and effectively
Harvesting done in the field storage.
As onions reach maturity, they cease to produce new leaves and roots, the
food still present in the leaves moving into the bulbs under normal After harvesting and curing, the onion crop is kept in storage regardless of
conditions, onions become soft at the neck when they mature, and the the season they are produced. Many factors influence the storage life of an
tops fall over. During this stage and immediately after, food materials onion. Under all storage conditions, onion bulbs continually lose water
are being transferred to the bulb, and as a result bulb increases rapidly in and dry matter, but the more serious losses arise from storage roots and from
size. Therefore this stage must be allowed to be over before harvesting sprouting and rooting. Among the factors which are critical for
begins. However, the tops should not be allowed to dry completely successful onion storage are: choice of cultivars, methods of culture,
because onions pulled green keep better in the store than those allowed to harvesting and curing, control of temperature and humidity in storage,
ripen off completely in the ground. design of storage structures, and use of sprout-inhibiting chemicals.",NAERLS Irrigated Onion Production and Management,https://naerls.gov.ng/wp-content/uploads/2022/11/Irrigated-Onion-Production-And-Management.pdf,6,official_naerls_bulletin
naerls_0123,onion,official_extension_bulletin,onion storage structures vary location bulbs harvested when they too immature may take longer type farmers large scale commercial than others dry properly necks yet soft could mechanical cold refrigerated while most inner leaves still growing will continue elongate peasant consists mostly bamboo topped yielding,"Onion storage structures vary from location to location, and also with the
Bulbs that are harvested when they are too immature may take longer
 type of farmers. For large scale commercial farmers is the storage
than others to dry properly for storage, and, if the necks are not yet soft,
 structures could be mechanical cold storage (refrigerated) while for most
the inner leaves may still be growing and will continue to elongate from
 peasant farmers, the storage structures consists mostly of bamboo or
the topped bulbs, yielding an unsightly product.
 wood stacks stuffed with grass. Ambient air is allowed to enter the
 storage structures. The onions could store for up to 6 months in these
Harvesting operations vary greatly, from hand pulling, without removal of
 conditions.
either by or roots, to machine operations in which the bulbs are pulled,
topped and moved from the field to storage without being touched by
 Yield
hand. In firm soils where pulling is difficult, the onion roots can be cut
 Under good management practices as highlighted in this bulletin, yield of
just below the bulbs by using a knife.
 10-12 tones per hectare could be obtained.",NAERLS Irrigated Onion Production and Management,https://naerls.gov.ng/wp-content/uploads/2022/11/Irrigated-Onion-Production-And-Management.pdf,6,official_naerls_bulletin
naerls_0124,onion,official_extension_bulletin,onion onions generally harvested hand pulling they then laid sides number days further ripening open lie tend take root wet weather start growing again harvesting must done dry care should taken bruise bulbs prevent rotting during storage curing before placed marketed tops usually removed frequently,"Onions are generally harvested by hand pulling. They are then laid on
their sides for a number of days for further ripening in the open. If they do
not lie on their sides, they tend to take root in wet weather and start
growing again. Harvesting must be done in dry weather. Care should be
taken not to bruise the bulbs so as to prevent rotting during storage. Curing
Before onion bulbs are placed in storage or marketed, the tops are usually
removed and frequently also the roots. Removal of the tops, especially",NAERLS Irrigated Onion Production and Management,https://naerls.gov.ng/wp-content/uploads/2022/11/Irrigated-Onion-Production-And-Management.pdf,6,official_naerls_bulletin
naerls_0125,onion,official_extension_bulletin,onion select good site currah lesley proctor felicity onions tropical regions natural resources institute bulletin prepare land well how grow eastern nigeria extension guide ministry agric certified best variety seeds production northern correct spacing jones louis allies optimum seed rate interscience publishers inc new york," Select good site Currah, Lesley and Proctor, Felicity J. (1990). Onions in tropical
 regions. Natural Resources Institute Bulletin No.35
 Prepare land well How to grow onions in Eastern Nigeria. Extension Guide. Ministry of
 Agric. Eastern Nigeria.
 Use certified and best variety seeds
 Guide to the production of onions. Extension Guide No.2. Ministry of
 Agric. Northern Nigeria.
 Use correct spacing
 Jones, H. A. and Louis K.M. (1963). Onions and their allies.
 Use the optimum seed rate Interscience Publishers Inc. New York.",NAERLS Irrigated Onion Production and Management,https://naerls.gov.ng/wp-content/uploads/2022/11/Irrigated-Onion-Production-And-Management.pdf,7,official_naerls_bulletin
naerls_0126,onion,official_extension_bulletin,onion plant right time crop irrigation water management training manual naerls cirad project recommended fertilizer rates rice tindal eds fruit vegetable production africa macmillan publishers keep field weed free avrdc taipei tariwan amans growth yield response allium control insect pests diseases cepa varying levels nitrogenous," Plant at the right time Crop and Irrigation Water Management: Training Manual,
 NAERLS/CIRAD Project.
 Use the recommended fertilizer rates Rice, R.P; Rice, L.W. and H.D. Tindal (eds) (1986). Fruit and
 vegetable production in Africa. Macmillan Publishers.
 Keep field weed free
 Vegetable production training manual. AVRDC, Taipei Tariwan, 1990.
 Amans, E. B. (1982). Growth and yield response of onion (Allium
 Control insect pests and diseases
 cepa L.) to varying levels of Nitrogenous and prophetic fertilizers. M.
 Sc. Thesis, Faculty of Agriculture, ABU, Zaria.
 Harvest at the correct time
 Yamaguchi, M. (ed) (1983). World Vegetables: Principles, production
 Use good curing and
 Nutritive values. Ellis Hortwood Limited, Publishers, Chichester, England.
 Select the best storage system.",NAERLS Irrigated Onion Production and Management,https://naerls.gov.ng/wp-content/uploads/2022/11/Irrigated-Onion-Production-And-Management.pdf,7,official_naerls_bulletin
naerls_0127,livestock_fisheries_or_specialty_crop,Bull and Ram Fattening,bull ram fattening writing bulletin could possible without materials largely drawn research work national animal production institute napri department science all ahmadu bello university zaria nigeria acknowledge information small holder scheme project organized level traditional producers livestock nlpd kaduna,"The writing of this bulletin on Bull and Ram Fattening could not have been
possible without materials largely drawn from research work at the National
Animal Production Research Institute (NAPRI) and the Department of
Animal Science, all of Ahmadu Bello University, Zaria, Nigeria. I also acknowledge the use of information from the Small Holder Fattening
Scheme a project that was organized at the level of the traditional producers by
the National Livestock Project Department (NLPD).Kaduna, Nigeria.",Bull and Ram Fattening,https://naerls.gov.ng/wp-content/uploads/2022/11/Bull-and-Ram-Fattening.pdf,2,official_naerls_bulletin
naerls_0128,livestock_fisheries_or_specialty_crop,Bull and Ram Fattening,bull ram fattening acknowledgement table contents introduction capital housing accommodation equipment selection purchase animals castration quarantine water feed handling ration options marketing weight profit motive record keeping management skill maintaining sound flock fattener bibliograpy,"Acknowledgement …………………………………… i
Table of Contents …………………………………… ii
Introduction ………………………………………… 1
Capital ……………………………………………..... 2
Housing and Accommodation ………… ………….. 2
Equipment …………………………………………… 3
Selection and Purchase of Animals …………………… 4
Castration …………………………………………… 5
Quarantine for Animals ……………………………… 6
Water ……………………………………………… 8
Feed-Handling ……………………………………… 8
Ration Options……………………………………… 9
Marketing Weight …………………………………... 13
Profit Motive ………………………………………... 14
Record-Keeping ………………………………….… 14
Management Skill …………………………………… 15
Maintaining a sound flock of fattener animals ……....... 15
Bibliograpy ………………………………………..... 17",Bull and Ram Fattening,https://naerls.gov.ng/wp-content/uploads/2022/11/Bull-and-Ram-Fattening.pdf,3,official_naerls_bulletin
naerls_0129,livestock_fisheries_or_specialty_crop,Bull and Ram Fattening,bull ram fattening introduction modification intensive system animal production bulls rams feedlot one best options increasing protein supply meat cattle sheep even goats nigeria almost entirely extensive low input traditional method domestic results productivity due fact animals receive bulk nutrition overgrazed ranges which poor quality,"INTRODUCTION
As a modification of an intensive system of animal production, fattening of
bulls and rams in a feedlot is one of the best options of increasing animal
protein supply. Meat production from cattle and sheep and even goats in
Nigeria is almost entirely extensive with low input. This traditional method of
domestic meat animal production results in low productivity due to the fact
that animals receive the bulk of their nutrition from overgrazed ranges which
are poor in quality. Furthermore the size of such ranges is declining due to
their use for industries including new agricultural development projects
devoted to especially crop production. The traditional system of meat animal
production cannot thus be expected to meet the future demand for beef and
mutton in particular and animal protein in general. As an economic way of
feeding young cattle and sheep whereby the yield of edible carcass is increased
by 30-40 percent during a short period fattening offers a rapid means for
enhancing productivity. Thus fattening has a role to play in a situation where
range cattle are so under-nourished that a short period on high level of nutrition
is necessary to increase their productivity and to prepare them for market. The
feedlot system therefore is complimentary to the existing system of raising
animals on range and not one of substitution of a new technology for an
existing one. The aim of this bulletin is to discuss bull and ram fattening using
feeding and management options that can be applied at the level of large and
small scale producers. Discussion will focus on capital, housing and
accommodation, purchase of animals, feeds and feeding.",Bull and Ram Fattening,https://naerls.gov.ng/wp-content/uploads/2022/11/Bull-and-Ram-Fattening.pdf,4,official_naerls_bulletin
naerls_0130,livestock_fisheries_or_specialty_crop,Bull and Ram Fattening,bull ram fattening capital meant money which start business such should available purchase animals construction buildings structures handling equipment provision feeds hiring labour loaned banks friends operator project cannot produce himself typical without shown figure fattener bulls accommodated fenced feedlot roof fence built strong wooden,"CAPITAL
 By capital is meant money with which to start the business of fattening.
Such money should be available for purchase of animals and construction of
buildings or structures for handling of animals; for purchase of equipment and
provision of feeds and for hiring labour. Money can be loaned from banks or
friends if the operator of a fattening project cannot produce it himself. A typical bull without fattening is shown in Figure 1
Fattener bulls should be accommodated in a fenced feedlot without roof. The
fence should be built with strong wooden or iron poles. Ideally each bull
should be allowed a space of 25.6cm and feeding space of 2.53m. The
 2",Bull and Ram Fattening,https://naerls.gov.ng/wp-content/uploads/2022/11/Bull-and-Ram-Fattening.pdf,5,official_naerls_bulletin
naerls_0131,livestock_fisheries_or_specialty_crop,Bull and Ram Fattening,bull ram fattening feedlot should divided pens depending number animals example designed contain could partitioned six equal equally distributed inexpensive accommodation three bulls similar one farmers small holder scheme organized national livestock project department built fairly,"feedlot should be divided into pens depending on the number of animals. For
example, a feedlot designed to contain 300 animals could be partitioned into
six (6) equal pens with the animals equally distributed in the pens. An
inexpensive accommodation for three (3) bulls similar to the one used by
farmers under the Small Holder Fattening Scheme organized by the National
Livestock Project Department can be built with a fairly",Bull and Ram Fattening,https://naerls.gov.ng/wp-content/uploads/2022/11/Bull-and-Ram-Fattening.pdf,5,official_naerls_bulletin
naerls_0132,livestock_fisheries_or_specialty_crop,Bull and Ram Fattening,bull ram fattening strong wire gauze wooden poles within farmer premises bulls fed concentrate morning evening grazing scheme designed introduce farmers small scale large animals enterprise develop appropriate techniques similar accommodation few rams bucks fattened sallah christmas take approximate design these managed around homestead figure,"strong wire gauze and strong wooden poles within a farmer’s premises In it
the bulls are fed concentrate in the morning and evening with grazing in
between. The scheme was designed to introduce farmers to small scale
fattening of large animals as an enterprise and to develop appropriate fattening
techniques. Similar accommodation for a few rams and bucks fattened for
Sallah or Christmas take approximate design as these animals are managed
and fed around homestead.
(b) Rams: Figure 2 shows a typical ram before fattening
Construct simple and inexpensive housing for your fattener animal. Housing
could be made of mud bricks or cement blocks with plenty of ventilation.
Corrugated iron sheet or thatch could be used for roofing the house can be in
the shape of a poultry type, divided into pens with space allowance of 1m per
 2",Bull and Ram Fattening,https://naerls.gov.ng/wp-content/uploads/2022/11/Bull-and-Ram-Fattening.pdf,6,official_naerls_bulletin
naerls_0133,livestock_fisheries_or_specialty_crop,Bull and Ram Fattening,bull ram fattening equipment you need simple your operation they include troughs feed water hay racks construct cut half drum cannot easily damaged strong plastics metal buckets basins feeding watering fatteners figure large scale feeders waterers made concrete since last much longer than drums feedlot,"EQUIPMENT
 You need simple equipment for your fattening operation and they
include troughs for feed and water, and hay racks. Construct the water and
feed troughs from cut half drum as they cannot be easily damaged; strong
plastics and metal buckets or basins can be used for feeding and watering
fatteners (Figure 3). In a large scale fattening operation, feeders and waterers
can be made of concrete since they last much longer than cut drums and
buckets. A feedlot designed to turn out about 300 animals per period must
necessarily need concrete feeders and waterers. Other equipment needed for
such large enterprise include:
 - spray race or dip for routine spraying or dipping
 of animals against external parasites.
 - weighing bridge (for bulls) or other weighing of animals
 during sales as the need arises.
 - A loading and unloading area especially for bulls.
 - A treatment crush.
 - An overhead water tank
 - An office
 - Stores for feeds
 - A quarantine which should be removed to some distance from
 the feedlot Strong plastic basin.",Bull and Ram Fattening,https://naerls.gov.ng/wp-content/uploads/2022/11/Bull-and-Ram-Fattening.pdf,7,official_naerls_bulletin
naerls_0134,livestock_fisheries_or_specialty_crop,Bull and Ram Fattening,bull ram fattening selection purchase animals bulls rams selected feedlot should lean healthy because they less expensive reason physical appearance capable responding fast good feeding within fasting period well make returns better than fed time such principally lay down marbling palatable fat found intra intramuscular,"SELECTION AND PURCHASE OF ANIMALS
Bulls and rams selected for feedlot should be lean and healthy. This is because
they are less expensive for reason of their physical appearance and are capable
of responding fast to good feeding within the fasting period as well as make
good returns better than animals that are well fed at purchase time. Such lean
animals principally lay down more of marbling (palatable) fat found within
intra and intramuscular areas than
sebaceous fat which no one wants. Breeds of bulls. Rams and bucks adapted
to an ecological zone should be preferred for fattening.
 Purchase of fattener animals especially for large scale operation should
be at terminal markets, preferably during the middle of dry season, when feed
is scarce and farmers are willing to let go their animals for lack of feeds.
 A fattening programme involves finishing young animals in a
restricted area where feed and water can be provided. Age range for fattener
bulls should be between 2 to 2 / years or 180-200kg weight. Rams for
 1
 2",Bull and Ram Fattening,https://naerls.gov.ng/wp-content/uploads/2022/11/Bull-and-Ram-Fattening.pdf,8,official_naerls_bulletin
naerls_0135,livestock_fisheries_or_specialty_crop,Bull and Ram Fattening,bull ram fattening large indigenous breeds namely balami uda yankassa small dwarf forest zone castration young bulls may castrated nigeria lambs bucks should within three months birth such animals look smoother bigger rams religious festivals need forbidden united states america,"the large indigenous breeds (namely Balami, Uda and Yankassa) and 16 to
20kg for the small or dwarf breeds of the forest zone.
CASTRATION
 Young bulls for fattening may or may not be castrated in Nigeria. But
ram lambs and young bucks for fattening should be castrated within three (3)
months of birth. Such animals on fattening look smoother and bigger. Rams
for religious festivals need not be castrated for it is forbidden. In the United
States of America,",Bull and Ram Fattening,https://naerls.gov.ng/wp-content/uploads/2022/11/Bull-and-Ram-Fattening.pdf,8,official_naerls_bulletin
naerls_0136,livestock_fisheries_or_specialty_crop,Bull and Ram Fattening,bull ram fattening steers castrated young bulls preferred feedlot while united kingdom uncasturated because faster growth rate they said better feed conversion efficiency heavier carcass trunk slaughtered animal without head limbs offal quarantine animals newly purchased fattener should guarantined days during which given prophylactic treatment,"steers (castrated young bulls) are preferred for feedlot while in the United
Kingdom, young uncasturated bulls are preferred because of their faster
growth rate, they are said to have better feed conversion efficiency and heavier
carcass (trunk of slaughtered animal without head, Limbs or offal). Quarantine For Animals:
 Newly purchased fattener animals should be guarantined for about 30
days during which they are given prophylactic treatment with coccidiostat and
antihelmintics. The animals also should be dipped or sprayed against ticks
and other ectoparasites. In both castration and dipping, a veterinarian should
be consulted.
FEEDS AND FEEDING
 Feeds for feedlot animals include roughages, concentrates, water,
minerals and vitamin premix since ruminants including bulls and rams utilize
roughages to a large extent in meeting their nutrient requirements. Sources of
roughages include grass and legume hays, cereal crop residues, corn cobs,
sugar cane baggasse etc.
 Under this feed regime about 3 bulls can be fattened under the Small
Holder Fattening Scheme. Fattener bulls are fed one of the following
concentrate ration options. (Table 1), plus grazing or hay.",Bull and Ram Fattening,https://naerls.gov.ng/wp-content/uploads/2022/11/Bull-and-Ram-Fattening.pdf,9,official_naerls_bulletin
naerls_0137,livestock_fisheries_or_specialty_crop,Bull and Ram Fattening,bull ram fattening fattener bulls fed any rations above should ready market within days groundnut cake very high protein energy reason expensive farmers must exercise care feed animals accurately concentrate wasted wheat bran molasses mixed together offered each animal half morning evening legume hay available,"Fattener bulls fed any of the rations above should be ready for market within
120 days. Groundnut cake is very high in protein and energy and for this
reason is expensive. Farmers must exercise care to feed their animals
accurately so that the concentrate is not wasted. Groundnut cake, wheat bran
and molasses must be fed mixed together and offered to each animal half in the
morning and half in the evening.
 If legume hay is available enough to replace grass hay or grazing, it
should be fed at the rate of 2.3kg per animal per day.
 Ram and bucks for fattening can be fed 1 / kg legume hay only per head
 1
 2",Bull and Ram Fattening,https://naerls.gov.ng/wp-content/uploads/2022/11/Bull-and-Ram-Fattening.pdf,10,official_naerls_bulletin
naerls_0138,livestock_fisheries_or_specialty_crop,Bull and Ram Fattening,bull ram fattening fed morning evening when available rams bucks fatten well concentrate mixtures ration options mentioned later write mixing feed animals concentrates such cereals oilseed cakes minerals vitamin premix sources fattener because energy supply roughages usually insufficient feedlot feeding becomes necessary concentrated roughage ratio,"fed in the morning and evening. When this is not available, rams or bucks can
fatten well on concentrate mixtures under ration options mentioned later in
this write-up. Mixing feed for animals
 Concentrates such as cereals, oilseed cakes, minerals and vitamin
premix are sources of feed for fattener animals. Because energy supply from
roughages is usually insufficient for feedlot animals, the feeding of
concentrates becomes necessary. A concentrated to roughage ratio of 40:60 is
recommended for fattening; a ratio of 60:40 is more qualitative. A fattener
bull receiving about 6.5kg feed daily will be ready for market in about 90
days.
 Large scale fattening operation has always involved the use of maize
or guinea corn as a major source of energy. However these cereal grains are
staple food for man; it is unusual for maize or guinea corn to be used as
ruminant animal feed except in very restricted quantities. For this reason
recent investigations into development of rations for feedlot animals has
tended to eliminate the use of maize or guinea corn as can be seen from some of
the ration options shown later in this write-up.",Bull and Ram Fattening,https://naerls.gov.ng/wp-content/uploads/2022/11/Bull-and-Ram-Fattening.pdf,11,official_naerls_bulletin
naerls_0139,livestock_fisheries_or_specialty_crop,Bull and Ram Fattening,bull ram fattening water regular supply clean cool drinking important because role digesting food absorption transportation nutrients body animal should given free choice feedlot animals requires less than liters buck per day especially during dry season feed handling feeds would properly handled order avoid wastage,"WATER
 Regular supply of clean and cool drinking water is important because
of the role of water in the digesting of food, absorption and transportation of
nutrients in the body of the animal. Water should be given free choice to
feedlot animals. A bull requires not less than 100 liters and ram or buck not
less than 20 liters of water per day, especially during dry season. FEED HANDLING
 Feeds would be properly handled in order to avoid wastage. Hay
should be stored in barns as soon as it is purchased or produced to avoid
unnecessary exposure to heat and rain to discourage fermentation.
Concentrates also should be properly handled and stored to eschew termite and
rodents attack. Poor feed handling reduces the nutritive value of feed.",Bull and Ram Fattening,https://naerls.gov.ng/wp-content/uploads/2022/11/Bull-and-Ram-Fattening.pdf,15,official_naerls_bulletin
naerls_0140,livestock_fisheries_or_specialty_crop,Bull and Ram Fattening,bull ram fattening cottonseed cake wheat offal salt lick block hay free choice molasses grazing iii bran groundnut corn maize bonemeal premix vii palm kernel meal viii molesses,"I Cottonseed cake 2.0
 Wheat Offal 1.0
 Salt lick 1 block
 Hay Free choice (3.3kg)
 Ii Cottonseed cake 2.0
 Molasses 1.5
 Grazing or Hay Free choice
 Salt lick 1 block
 Iii Wheat bran 3.0
 Molasses 1.0
 Hay or Grazing Free choice
 Salt lick 1 block
 Iv Groundnut cake 0.5
 Molasses 1.5
 Wheat Offal/bran 1.0
 Hay Free choice
 V Groundnut cake 0.5
 Cottonseed cake 0.66
 Wheat offal 1.0
 Hay Free choice
 Vi Corn (Maize) 12.67
 Cottonseed cake 14.83
 Molasses 10.0
 Bonemeal 1.75
 Salt 0.50
 Premix 0.25
 Hay Free choice
 Vii Maize 48.18
 Palm Kernel Meal 44.52
 Bonemeal 1.55
 Molasses 10.0
 Salt 0.5
 Premix 0.25
 Hay Free choice
 Viii Maize 22.08
 Palm Kernel Meal 66.26
 Molesses 10.00
 Bonemeal 0.91
 Salt 0.50
 Premix 0.25",Bull and Ram Fattening,https://naerls.gov.ng/wp-content/uploads/2022/11/Bull-and-Ram-Fattening.pdf,16,official_naerls_bulletin
naerls_0141,livestock_fisheries_or_specialty_crop,Bull and Ram Fattening,bull ram fattening feed quantity wheat offal cottonseed cake molasses bdg bonemeal premix maize bdc iii calculation ration components feeding farmer intends mix concentrate which contain should assume each component included percentages shown thus parts total all mixed together clean cement floor mat similar materia,"FEED QUANTITY (%)
 i Wheat offal 47
 Cottonseed cake 20
 Molasses 20
 BDG 10
 Bonemeal 1.5
 Premix 1.0
 ii Maize 25
 Cottonseed cake 25
 Wheat Offal 30
 BDC 20%
 iii Wheat offal 40
 Cottonseed cake 25
 BDC 25
 Molasses 10 Calculation of Ration Components and Feeding:
 If a farmer intends to mix 100kg of concentrate feed which is to
contain:-
 Wheat offal 40%
 Cottonseed cake 25%
 BDG 35%
 Molasses 10%
He should assume that the quantity of each component to be included are
by the percentages shown thus:
Wheat offal (40%) = 40 parts or 40kg
Cottonseed cake (25%) = 25 Parts or 25kg
B D G (35%) = 35 parts or 25kg Molasses (10%)
 = 10 parts or 10kg ——————
 Total 100kg
 ——————
All the components should be mixed together on a clean cement floor or mat or
similar materia0l. The mixture should be",Bull and Ram Fattening,https://naerls.gov.ng/wp-content/uploads/2022/11/Bull-and-Ram-Fattening.pdf,17,official_naerls_bulletin
naerls_0142,livestock_fisheries_or_specialty_crop,Bull and Ram Fattening,bull ram fattening bagged stored fed necessary animal should receive body weight terms daily feed requirement example taken ration concentrate roughage calculated based above range percentage depending ability consume heavy eaters quantity upwards animals thus will now ratio discussed earlier calculate follows sum,"bagged, stored and fed as necessary. An animal should receive between 2.5%
to 3.0% of its body weight in terms of its daily feed requirement. For example,
if a bull is taken for fattening at 200kg body weight, its daily ration of
concentrate and roughage should be calculated based on the above range of
percentage depending on the ability of the animal to consume feed. For heavy
eaters, the quantity of feed should be calculated upwards to 3.0% of the
animals body weight. Thus based on 3.0% of body weight, the quantity of
ration for a 200kg bull will be calculated thus:- 3.0 200
 ______ x _______ = 6.0kg
 100 1
Now from the 40:.60 concentrate to roughage ratio discussed earlier, we can
calculate the quantity of concentrate or roughage in the 6.0kg feed as follows:-
 Sum of ration = 100",Bull and Ram Fattening,https://naerls.gov.ng/wp-content/uploads/2022/11/Bull-and-Ram-Fattening.pdf,18,official_naerls_bulletin
naerls_0143,livestock_fisheries_or_specialty_crop,Bull and Ram Fattening,bull ram fattening thus daily ration should made concentrate roughage one half fed morning another evening usual practice feed hay free choice end animal will selective feeding would consumed per day however feedlot animals usually together reason amount calculated based number such provided put accordingly,"Thus the bull’s daily ration should be made up of 2.4kg of concentrate
and 3.6kg of roughage. One half of the concentrate should be fed in the
morning and another half in the evening. The usual Practice is to feed the
roughage hay free choice so that in the end the animal will do selective feeding
and would have consumed about 3.6kg of hay per day.
 However, feedlot animals are usually fed together, and for this reason
the amount of concentrate or hay is calculated based on the number of animals
to be fed and such amount of feed is provided and put together accordingly.
MARKETING WEIGHT
 The optimal marketing weight for feedlot bulls is 300kg and for rams
is 35kg. Additional weight beyond this tends to encourage deposition of
subcutaneous fat. Dressing percentage is between 50 – 51%. Ideal careass
yield is high quality lean meat with less waste.
PROFIT MOTIVE
 Profit motive is an important driving force for any successful
fattening operation. For this and other reasons a decision should be made on
the choice of between home grown and purchased feeds for the operation. A
feedlot operator may decide in advance to partially produce his own feeds.
Generally net returns are higher in feedlots that produce their own feeds –
grain and roughage",Bull and Ram Fattening,https://naerls.gov.ng/wp-content/uploads/2022/11/Bull-and-Ram-Fattening.pdf,19,official_naerls_bulletin
naerls_0144,livestock_fisheries_or_specialty_crop,Bull and Ram Fattening,bull ram fattening record keeping one pillars good scheme gives account fatness feedlot animal enables farmer know efficiency meat production how much kilogram feed produces instance intake beef sheet should contain information date fattener animals enter leave regular weighing dates weights obtained well amount offer,".RECORD-KEEPING
Record-keeping is one of the pillars of good fattening scheme. A fattening
record gives account of the fatness of feedlot animal. It also enables the
farmer to know the efficiency of meat production, i.e. how much kilogram of
feed produces a kilogram of meat. For instance, 6.5kg feed intake gives a
kilogram of beef.
A record sheet should contain information on the date the fattener the animals
enter and leave the feedlot, the regular weighing dates and weights obtained,
as well as the amount of feed on offer. In a simple record shown in the Table
below, the feedlot operator should enter fattening data in the appropriate
column.",Bull and Ram Fattening,https://naerls.gov.ng/wp-content/uploads/2022/11/Bull-and-Ram-Fattening.pdf,19,official_naerls_bulletin
naerls_0145,livestock_fisheries_or_specialty_crop,Bull and Ram Fattening,bull ram fattening initial deed offer final remarks buck period hay conc date days fair daily managerial skill consists facility harness all inputs already discussed successful operation involves one discretion carefully ably take correct decision right time select type fattener animals set accommodation housing iii,"Bull, ram, Initial Deed on Offer (kg) Final Fattening Remarks
 Buck Wt. Wt. Period
 Hay (kg) Conc.
 Date in… (kg) Kg (days)
 (kg)
 Bull: 250 3.6 2.5 295 105 Fair
 1-3-96 daily daily MANAGERIAL SKILL
 Managerial skill consists of the facility to harness all the inputs
(already discussed) for successful fattening operation. It involves the use of
one’s discretion to carefully and ably take the correct decision at the right time
so as to:
 i Select the right type of fattener animals.
 ii Set up the right type of accommodation or housing
 iii Provide animals with good and adequate feed in store.
 iv Fatten the animals within the recommended period.
 v Provide market and also wisely dispose of fattened animals.",Bull and Ram Fattening,https://naerls.gov.ng/wp-content/uploads/2022/11/Bull-and-Ram-Fattening.pdf,20,official_naerls_bulletin
naerls_0146,livestock_fisheries_or_specialty_crop,Bull and Ram Fattening,bull ram fattening adesipe olayiwolle economic optimal marketing weight margin feedlot steers fattened high concentrate rations northern nigeria iwuanyanwu saidu sheep goats livestock poultry management training manual officer naerls abu zaria iar oau ibadan olayiwole buvazendra fuleni ikhatua intensive indigenous breeds cattle economics technology small,"Adesipe, Y.M. and Olayiwolle, M.B. (1982) Economic optimal marketing
 weight and margin for feedlot Steers fattened on high concentrate
 rations in Northern Nigeria. Iwuanyanwu, I.E.J. and S.N.A. Saidu (1989) Fattening of sheep and goats.
 In: Livestock and Poultry Management. A training Manual for
 Livestock and Poultry Officer. NAERLS/ABU, Zaria and IAR & T.
 OAU Ibadan pp. 197 – 204 Olayiwole, M.B; Buvazendra, V.; Fuleni, I.J. and Ikhatua, J.U. (1981).
 Intensive fattening of indigenous breeds of cattle in Nigeria. Olayiwole, M.B. (1986) Economics of feedlot technology for cattle. Small
 Holder Fattening Scheme (1981) Kaduna Local Government Umunna, N.N., (1986) Management and feeding of beef cattle. In:
 Livestock And Poultry Management Course. NAERLS/ABU,
 Zaria. PP. 1 - 15",Bull and Ram Fattening,https://naerls.gov.ng/wp-content/uploads/2022/11/Bull-and-Ram-Fattening.pdf,23,official_naerls_bulletin
naerls_0147,livestock_fisheries_or_specialty_crop,Herd Health Management in Farm Animals,herd health management farm animals bulletin compilation several years work resulting series workshop paper presented agricultural development project adp monthly technology review meetings request topic ranges principles disease prevention identifying sick taking basic parameters emergencies initial works done balogun naerls all other references cited towards,"This bulletin on Herd Health Management was a compilation
of several years of work resulting from series of workshop
paper presented to Agricultural development project (ADP) at
their monthly technology review meetings. ADP request on this
topic ranges from principles of disease prevention, identifying
sick animals, taking basic herd health parameters to
management of emergencies. The initial works done by Dr. T
Balogun of the NAERLS and all other references cited towards
the making of this bulletin are duly acknowledged.",Herd Health Management in Farm Animals,https://naerls.gov.ng/wp-content/uploads/2022/11/Herd-Health-Management-in-Farm-Animals.pdf,3,official_naerls_bulletin
naerls_0148,livestock_fisheries_or_specialty_crop,Herd Health Management in Farm Animals,herd health management farm animals acknowledgements table contents introduction early signs sickness methods confirming sick taking body temperature pulse rate observing respiratory rates giving first aid care minor ailments bleeding wounds broken horn abscesses removing foreigne bodies eye helping animal choke bloat emergencies parasites parasitism,"Acknowledgements.......................................................................
2
Table of Contents.......................................................................... 3
Introduction .................................................................................. 4
Early Signs of Sickness................................................................ 5
Methods of confirming Sick animals........................................ 6
Taking Body Temperature........................................................... 7
Taking pulse rate.......................................................................... 8
Observing respiratory rates........................................................ 8
Giving First Aid on the farm. ..................................................... 9
Taking care of Minor ailments.................................................... 9
Bleeding........................................................................................ 9
Wounds...........................................................................................10
Taking care of Broken horn.........................................................11
Taking care of abscesses.............................................................12
Removing foreigne bodies from the eye.....................................12
Helping animal with choke......................................................... 14
Helping animal with bloat.............................................................14
Emergencies.................................................................................15
Parasites and parasitism..............................................................16
Ticks and Tick born diseases......................................................16
Trouble caused by worms.............................................................17
Disease Control By Joint Effort: ................................................19",Herd Health Management in Farm Animals,https://naerls.gov.ng/wp-content/uploads/2022/11/Herd-Health-Management-in-Farm-Animals.pdf,4,official_naerls_bulletin
naerls_0149,livestock_fisheries_or_specialty_crop,Herd Health Management in Farm Animals,herd health management farm animals introduction like human beings need good before they perform very well performance could milk production dairy meat beef cattle sheep goat strength pull implement work bull irrespective what animal put must job inadequate feeding too little much due absence certain,"INTRODUCTION:
 Animals like human beings need to have good health before they can
perform very well. The performance could be in milk production in dairy
animals, meat in beef cattle, sheep and goat. The performance could also be the
strength to pull farm implement as in work bull. So irrespective of what use an
animal is put to, it must be in good health before it can perform the job. (1) Inadequate feeding- too little or too much or due to absence of
 certain ingredients in the feed.
 (2) It could be due to adverse environmental conditions such as
 exposure to extreme cold or heat.
 (3) Germs such as bacteria or virus, which gain entrance into the
 animals’ body causing bodily harm, can cause disease or sickness.
 (4) Parasites (internal and external) can be the cause of sickness in
 farm animals.
 (5) Disease can also be caused by loss of body fluid or it may be due to
 too little or excessive secretion of some very important body
 secretions.
Diseases caused by bacteria, viruses, fungi etc. referred to as infectious
disease are the most important disease of livestock and are the ones that most
threaten increased livestock production in Nigeria.",Herd Health Management in Farm Animals,https://naerls.gov.ng/wp-content/uploads/2022/11/Herd-Health-Management-in-Farm-Animals.pdf,5,official_naerls_bulletin
naerls_0150,livestock_fisheries_or_specialty_crop,Herd Health Management in Farm Animals,herd health management farm animals disease prevention should take cognizance preventing basis herdsman always alert signs sickness bulletin intended teach you how keep watch heath status your starting healthy flock ensuring new introduced free adequate feeding clean water balance diet housing maintaining good hygiene sanitation,"Disease prevention should take cognizance of this by preventing disease on a
herd basis. The herdsman should always be alert to signs of sickness in herd.
This bulletin is intended to teach you how to keep watch on the heath status of
your herd. (1) Starting with a healthy flock and ensuring new animals to be
 introduced to the herd are disease free.
(2) Adequate feeding with clean water, balance diet
(3) Adequate housing
(4) Maintaining good hygiene and sanitation in the flock.
(5) Following the recommended preventive measures such as Vaccination
 programmes, de-worming, spray or dust against ecto-parasite,
 Quarantine etc.",Herd Health Management in Farm Animals,https://naerls.gov.ng/wp-content/uploads/2022/11/Herd-Health-Management-in-Farm-Animals.pdf,6,official_naerls_bulletin
naerls_0151,livestock_fisheries_or_specialty_crop,Herd Health Management in Farm Animals,herd health management farm animals sick frequently separate themselves mates during grazing animal seen lagging behind taking shelter tree shade while others busy may put abnormal appearance posture appear dull dejected show rather awkward gait movement coat rough losing normal glossy tail carry heavy feacal,"1. Sick animals frequently separate themselves from their mates during
 grazing. A sick animal can be seen lagging behind or taking shelter under a
 tree shade while others are busy grazing.
2. A sick animal may put up abnormal appearance or posture. It may appear
 dull or dejected. May show rather awkward gait or movement. The coat
 may appear rough, losing the normal glossy appearance.
3. The tail may carry heavy feacal contamination or discharge from the
 genital organ.",Herd Health Management in Farm Animals,https://naerls.gov.ng/wp-content/uploads/2022/11/Herd-Health-Management-in-Farm-Animals.pdf,6,official_naerls_bulletin
naerls_0152,livestock_fisheries_or_specialty_crop,Herd Health Management in Farm Animals,herd health management farm animals usually sick animal responds poorly external stimulus normal attitude should one alertness disturbed response reasonably quick strong smelling faeces urine traces blood feaces signs something going wrong abnormalities milk either amount physical appearance smell indications disorder heavy breathing worked sign,"4. Usually a sick animal responds poorly to an external stimulus. The normal
 attitude should be one of alertness. If disturbed the response should be
 reasonably quick.
5. Strong smelling faeces or urine and traces of blood in the feaces or urine are
 signs of something going wrong.
6. Abnormalities of milk either in amount, physical appearance or in the smell
 are indications of disorder.
7. Heavy breathing by an animal that has not worked is a sign of imminent
 danger. It must however be stressed that it is not in all cases that the signs are
 apparent and distinct. In some cases it may be necessary to perform some
 tests before it is possible to detect a sick animal. It is also noteworthy that
 some animals may harbour some disease causing agents without
 necessarily showing any sign of disease. But they may transmit the disease
 to other animals in the flock.",Herd Health Management in Farm Animals,https://naerls.gov.ng/wp-content/uploads/2022/11/Herd-Health-Management-in-Farm-Animals.pdf,7,official_naerls_bulletin
naerls_0153,livestock_fisheries_or_specialty_crop,Herd Health Management in Farm Animals,herd health management farm animals therefore necessary constant checks signs sickness carrying out certain tests determine presence disease animal population method confirming sick though cannot talk experienced farmer easily pick flock there behaviors express indicate stockman all well his while some obvious even uninformed others,"It is therefore necessary that constant checks for signs of sickness and
 carrying out certain tests to determine presence of a disease in an animal
 population is necessary. Method of confirming a sick animal
 Though animals cannot talk, an experienced farmer can easily pick a
 sick animal in a flock. There are behaviors that sick animal express to
 indicate to the stockman that all is not well with his animal. While some of
 the signs are obvious even to the uninformed, others require trained
 eyes and experience to detect.",Herd Health Management in Farm Animals,https://naerls.gov.ng/wp-content/uploads/2022/11/Herd-Health-Management-in-Farm-Animals.pdf,7,official_naerls_bulletin
naerls_0154,livestock_fisheries_or_specialty_crop,Herd Health Management in Farm Animals,herd health management farm animals farmer suspects one few his dull out normal expected behaviors there preliminary checks carry confirm animal sick taking temperature healthy maintains constant internal body irrespective external environment therefore very useful determining status instrument called thermometer determine high classical signs fever,"If a farmer suspects that one or few of his animals are dull and out of normal
expected behaviors, there are a few preliminary health checks he can carry out
to confirm that the animal is sick. 1. Taking Temperature:
A healthy animal maintains a constant internal body temperature irrespective
of temperature of the external environment. The temperature of the animal’s
body is therefore very useful in determining its health status. An instrument
called thermometer can determine the temperature of the animal’s body. A high temperature is one of the classical signs of fever and is seen in acute
cases of infectious diseases. Drop in temperature may be the result of loss of blood, starvation, and coma or
certain long lasting diseases.",Herd Health Management in Farm Animals,https://naerls.gov.ng/wp-content/uploads/2022/11/Herd-Health-Management-in-Farm-Animals.pdf,8,official_naerls_bulletin
naerls_0155,livestock_fisheries_or_specialty_crop,Herd Health Management in Farm Animals,herd health management farm animals rate which heart beating pulse influenced state animal faster fevers slower weaker wasting diseases breathing many factors influence during temperature rise fever vigorous exercise certain disease condition body activities slowed down milk respiration determined counting number chest movement per minute,"The rate at which the heart is beating. The pulse rate can be influenced
by the state of the animal’s health- faster in fevers and slower and weaker in
wasting diseases. This is the breathing rate of the animal. Many factors can influence the
breathing rate of the animal. It is faster during temperature rise, Fever or after
vigorous exercise. It is also slower in certain disease condition in which body
activities are slowed down as in milk fever. The respiration rate can be
determined by counting the number of chest movement per minute. The preliminary health checks are all a herdsman is expected to do to
determine whether an animal is sick or not. These compliment his ability to
make simple observation to know when an animal changes its appearance,
posture, and personality. Ability to detect signs of ill health and do some
preliminary health checks helps him to decide when to seek veterinary
assistance.",Herd Health Management in Farm Animals,https://naerls.gov.ng/wp-content/uploads/2022/11/Herd-Health-Management-in-Farm-Animals.pdf,9,official_naerls_bulletin
naerls_0156,livestock_fisheries_or_specialty_crop,Herd Health Management in Farm Animals,herd health management farm animals though treatment sick should left hands veterinarians owners livestock assistants able tackle some minor problems like giving first aid injuries care newborn calves prevent infection helping cow deliver given farmer very necessary may serve arrest further blood loss reduce pain,"Though treatment of sick animals should be left in the hands of veterinarians,
owners of livestock or their assistants should be able to tackle some minor
health problems on the farm, like giving first aid treatment for injuries, care of
newborn calves to prevent infection or helping a cow to deliver. FIRST AID ON THE FARM
 The first aid given by the farmer is very necessary. It may serve to
arrest further blood loss, to reduce pain or prevent shock or it may serve to
make the animal comfortable before veterinary help can be rendered.",Herd Health Management in Farm Animals,https://naerls.gov.ng/wp-content/uploads/2022/11/Herd-Health-Management-in-Farm-Animals.pdf,10,official_naerls_bulletin
naerls_0157,livestock_fisheries_or_specialty_crop,Herd Health Management in Farm Animals,herd health management farm animals animal may run barbed wire inflicted injury cause bleeding mild severe depending type vessel damaged first thing controlling further blood loss secure such manner wounded area easily accessible injure itself persons around all cases should remembered allowed struggle excited becomes,"An animal may have run through a barbed wire or may have been
inflicted with an injury that may cause bleeding. The bleeding may be mild or
severe depending on the type of vessel damaged.
 The first thing to do in controlling further blood loss is to secure the
animal in such a manner that the wounded area is easily accessible and that the
animal may not injure itself or the persons around. In all cases it should be
remembered that the more an animal is allowed to struggle the more excited it
becomes, the more severe is the bleeding and the greater the difficulty in
controlling it. The animal must therefore be properly restrained. To stop bleed
ing make a pad of cotton wool or gauze or even handkerchief moistened in
water or preferably solution of salt and water and hold it firmly over the wound
until a bandage can be applied to keep the pad in position to stop blood flow. Of
measures that check blood loss by indirect pressure, the use of tourniquet is the
most effective. This can be improved from a piece of soft rope, a length of
bandage etc. A loop is formed around the limb above the wound and twisted up
tight enough to stop the bleeding. It must not be left on for longer than 24
minutes.",Herd Health Management in Farm Animals,https://naerls.gov.ng/wp-content/uploads/2022/11/Herd-Health-Management-in-Farm-Animals.pdf,10,official_naerls_bulletin
naerls_0158,livestock_fisheries_or_specialty_crop,Herd Health Management in Farm Animals,herd health management farm animals some severe bleeding may necessary replace blood lost procedure referred transfusion veterinarian must when you considered viable economic option wound defined any break continuity tissue body usually produced violence wounds different types kinds according causes nature effect examples contusion puncture,"In some severe bleeding it may be necessary to replace the blood lost.
This procedure is referred to as blood transfusion. A veterinarian must do this
when you considered it a viable economic option. A wound may be defined as any break in the continuity of the tissue of
the body. It is usually produced by violence. Wounds are of different types and
kinds according to their causes and nature of the effect produced. Examples are
contusion, Puncture etc. The first aid treatment for wounds should consist of
 (a) Securing the animal and preventing it from further injuring
 itself.
 (b) Arresting blood loss.
 (c) Cleaning the wound and applying dressings etc. The wound
 must be prevented from infection.",Herd Health Management in Farm Animals,https://naerls.gov.ng/wp-content/uploads/2022/11/Herd-Health-Management-in-Farm-Animals.pdf,11,official_naerls_bulletin
naerls_0159,livestock_fisheries_or_specialty_crop,Herd Health Management in Farm Animals,herd health management farm animals cleaning wound hair around edges should clipped along any torn lacerated portion skin other tissue sharp blunt pointed scissors must packed cotton wool soaked warm water prevent contamination raw surface area may washed containing antiseptics such dettol etc protective bandage,"Cleaning the wound: - The hair around the edges of the wound
should be clipped along with any torn or lacerated portion of skin or
other tissue. A sharp, blunt – pointed scissors must be used. The
wound must have been packed with cotton wool soaked in warm
water to prevent contamination of the raw surface. The area around
the wound may be washed with water containing antiseptics such
as Dettol, T. C. P etc. A protective bandage may be put on the
wound. Dusting with sulphonamide powder is a wise precaution
especially where wounds cannot be bandaged. Injection of wide
spectrum antibiotic (one that can kill many types of germs) such as
Terramycin is often necessary. Temperature of the animal should
be taken daily and if there is any rise, antibiotic treatment should be
instituted at once on the advice of your veterinarian.",Herd Health Management in Farm Animals,https://naerls.gov.ng/wp-content/uploads/2022/11/Herd-Health-Management-in-Farm-Animals.pdf,12,official_naerls_bulletin
naerls_0160,livestock_fisheries_or_specialty_crop,Herd Health Management in Farm Animals,herd health management farm animals taking care broken horn cow may one horns either during fight another accident first thing treatment injury control hemorrhage bleeding affected tying cord round bases each manner figure eight around root then other stick inserted loop twisted like tourniquet will,"2. Taking care of a broken horn:
A cow may have one of the horns broken either during a fight with
another cow or by accident. The first thing to do in the treatment of
horn injury is the control of hemorrhage or bleeding. This may be
affected by tying a cord round the bases of each affected horn in the
manner of a figure of eight first around one-horn root and then
round the other. A stick inserted in this loop and twisted like a
tourniquet will tighten it sufficiently to control the bleeding.
Wounds of the horns are generally not serious once the bleeding is
arrested.
It may be necessary to sprinkle it with boracic powder. When horn
core is dry, Paste it with tar. This keeps off flies and responds well
to treatment.",Herd Health Management in Farm Animals,https://naerls.gov.ng/wp-content/uploads/2022/11/Herd-Health-Management-in-Farm-Animals.pdf,12,official_naerls_bulletin
naerls_0161,livestock_fisheries_or_specialty_crop,Herd Health Management in Farm Animals,herd health management farm animals taking care abscess swelling containing pus commonly caused infection producing germs presence irritant either chemical mechanical tissue may cause even many abscesses considered nature such these pieces metal thorns splinters etc tissues thus formation directly due introduced when pointed incise,"3. Taking care of an abscess:
 An abscess is swelling containing pus. It is commonly
caused by an infection of pus – producing germs but the presence of
an irritant either chemical or mechanical in the tissue may also be
the cause. Even in many abscesses that are considered of a
mechanical nature such as these caused by pieces of metal, thorns,
splinters etc. in the tissues, thus pus formation is directly due to the
germs that have been introduced.
 When abscess is pointed, incise with a sharp sterilized knife.
Cut upwards away from animal for wound to drain. Smear Vaseline
below the wound to prevent the discharge blistering the skin. Soak
bandage or gauze in a tincture of iodine and insert into the wound
through the incision. The introduction of penicillin and drugs of the
sulphnilamide group is very useful in the treatment of abscesses.",Herd Health Management in Farm Animals,https://naerls.gov.ng/wp-content/uploads/2022/11/Herd-Health-Management-in-Farm-Animals.pdf,13,official_naerls_bulletin
naerls_0162,livestock_fisheries_or_specialty_crop,Herd Health Management in Farm Animals,herd health management farm animals removing foreign bodies eye especially cattle usually get lodged eyes commonest objects which husks guinea corn maize wheat chaff hay seeds long hairs etc they cause inflammation discharge very distressing occasionally restraining animal holding head one side lifting offending body,"4. Removing foreign bodies in the eye
 Farm animals especially cattle usually get foreign bodies
lodged in the eyes. The commonest objects, which get into the eyes
are husks of guinea corn, maize, wheat chaff, hay seeds, long hairs
etc. They cause inflammation and a discharge very distressing to
the animals. Occasionally restraining the animal, holding the head
to one side, and lifting the offending body with a clean
handkerchief may remove the object, or the eyelid may be lifted
with one hand and the object removed with a sweeping movement
of a grease brush. A few drops of castor oil may be dropped on to the
eyeball.",Herd Health Management in Farm Animals,https://naerls.gov.ng/wp-content/uploads/2022/11/Herd-Health-Management-in-Farm-Animals.pdf,13,official_naerls_bulletin
naerls_0163,livestock_fisheries_or_specialty_crop,Herd Health Management in Farm Animals,herd health management farm animals cannot remove object best seek veterinary assistance foreign body removed local anesthesia means camel hairbrush special forceps helping animal choke obstruction passage food pharynx oesophagus partial complete especially cattle very fond attempting swallow bodies masses material too large pass down,"If this cannot remove the object it is best to seek veterinary
assistance and have the foreign body removed under a local
anesthesia by means of a camel hairbrush or special forceps. 5. Helping animal with Choke:
 This is an obstruction to the passage of food through the
pharynx and oesophagus. The obstruction can be partial or
complete.
 Farm animals especially cattle are very fond of attempting to
swallow foreign bodies or masses of food material too large to pass
down the gullet. The result is that the object becomes lodged
somewhere in the gullet, in the throat or perhaps in the chest region.
The object so lodged hinders the free passage of solid or even fluid
food, giving rise to pain and discomfort. If unattended to, the
animal affected may die.
 Cases of choke in farm animals, especially cows and
donkeys, are frequently seen during mango season in the northern
parts of Nigeria.",Herd Health Management in Farm Animals,https://naerls.gov.ng/wp-content/uploads/2022/11/Herd-Health-Management-in-Farm-Animals.pdf,14,official_naerls_bulletin
naerls_0164,livestock_fisheries_or_specialty_crop,Herd Health Management in Farm Animals,herd health management farm animals treatment choke all cases matter how simple owner should seek skilled assistance rather than attempt removal offending object first aid restricted trocar canula may necessary where degree abdominal enlargement great causing distress animal helping bloat frequently encountered government few private,"Treatment of choke:
 In all cases of choke, no matter how simple, the owner
should seek skilled assistance rather than attempt removal of the
offending object.
 The owner’s first aid should be restricted to the use of trocar
or canula. This may be necessary where the degree of abdominal
enlargement is great causing great distress to the animal. 6. Helping animal with bloat:
 Cases of bloat are frequently encountered in government
and few private farms in Nigeria. Bloat is not commonly seen in
nomadic herds.
 Bloat occurs in cattle, sheep and goats but more common in
cattle. The rumen becomes distended with gas and pressure is
exerted upon the dia- phram. If left untreated the animal eventually
dies from internal organ compression resulting in suffocation or
blood circulatory shock.
 Bloat is due to an excessive accumulation of gases in the
rumen, formed probably by bacteria action. Though the exact cause
of bloat is not known it has been related to excessive feeding of
fresh green leguminous plant in the absence of dry roughage. Other
factors are said to favor bloating. A bloated animal will have a
distended abdomen especially on the left side. The abdomen
gradually becomes tensed and drums. There is an apparent
discomfort. The animal becomes restless and breathes very rapidly.",Herd Health Management in Farm Animals,https://naerls.gov.ng/wp-content/uploads/2022/11/Herd-Health-Management-in-Farm-Animals.pdf,15,official_naerls_bulletin
naerls_0165,livestock_fisheries_or_specialty_crop,Herd Health Management in Farm Animals,herd health management farm animals treatment time permits severe cases should treated veterinarian first aid measure cattle may given oil turpentine linseed groundnut palm will equally job emergencies emergency where help cannot sought death seems imminent plunging sterilized sharp pointed knife left side animal effect,"Treatment: If time permits, severe cases should be treated by a
veterinarian. As a first aid measure cattle may be given oil of
turpentine in linseed oil, groundnut oil or Palm oil will equally do
the job. 7. Emergencies
 In emergency where veterinarian help cannot be sought and
death seems imminent; plunging a sterilized sharp pointed knife
into the left side of the animal can effect relief.
 Drugs that are usually effective for treatment of bloat include
oil of turpentine, antihistamine and carbachol. If bloat is a regular
features on your farm your veterinarian will teach you how to
manage emergencies using any of the relevant drugs. Control: In an area where bloat is common it may be necessary
to look at the feed. 1, avoiding sole legumes pasture, can reduce
incidence. 2, feeding dry forage along with pasture, 3, avoid rapid
eating into an empty stomach. A good herdsman will always know
how to prevent this. 4, making water available all the times.",Herd Health Management in Farm Animals,https://naerls.gov.ng/wp-content/uploads/2022/11/Herd-Health-Management-in-Farm-Animals.pdf,16,official_naerls_bulletin
naerls_0166,livestock_fisheries_or_specialty_crop,Herd Health Management in Farm Animals,herd health management farm animals longed starvation heavy parasitism any other condition threatens life animal treatment keep warm comfortable give whole blood transfusion serum some special preparation such glucose dextran etc may raise pressure signs shock debilitating disease main symptoms diseases concerned addition develops patchy,"Longed starvation, heavy parasitism or any other condition that
threatens the life of the animal. Treatment: Keep the animal warm and comfortable. Give whole
blood transfusion, blood serum or some special preparation such as
glucose dextran etc, may raise blood pressure. Signs: In shock from a debilitating disease, the main
symptoms are those of the diseases concerned. In addition, the
animal develops patchy sweat, lies prostrated, and takes no notice
of anything as it has no strength even to lift its head. Breathing is
shallow and almost imperceptible. If shock is due to rapid
excessive blood loss, irregular breathing and pale mucous
membrane are typical signs.",Herd Health Management in Farm Animals,https://naerls.gov.ng/wp-content/uploads/2022/11/Herd-Health-Management-in-Farm-Animals.pdf,17,official_naerls_bulletin
naerls_0167,livestock_fisheries_or_specialty_crop,Herd Health Management in Farm Animals,herd health management farm animals effect parasites parasitism constitute very serious threat livestock production nigeria most important parasitic diseases especially blood origin transmitted one animal another insect vectors control these therefore involves protecting prophylactic therapeutic treatments drugs effective against specific,"8. P a r a s i t e s and P a r a s i t i s m:
The effect of parasites and parasitism constitute a very serious
threat to livestock production in Nigeria. The most important
parasitic diseases especially of blood origin are transmitted from
one animal or herd to another by insect vectors. The control of these
parasitic diseases therefore involves.
 1. Protecting the animals by prophylactic and therapeutic
 treatments using drugs that are effective against the
 specific parasites.
 2. The control of the vectors.",Herd Health Management in Farm Animals,https://naerls.gov.ng/wp-content/uploads/2022/11/Herd-Health-Management-in-Farm-Animals.pdf,17,official_naerls_bulletin
naerls_0168,livestock_fisheries_or_specialty_crop,Herd Health Management in Farm Animals,herd health management farm animals diseases most dangerous tick borne heart water disease cowdriosis babesiosis red anaplasmosis ruminants spirochaetosis poultry good measure control ticks present dipping spraying other possibilities like vaccination dusting back line tracing available drugs commonly pfizona gammatox toxaphene etc readily should diluted,"a) T i c k and T i c k - b o r n e diseases:
 The most dangerous tick – borne diseases are heart water
disease, (Cowdriosis), Babesiosis (red water disease),
Anaplasmosis in ruminants and spirochaetosis in poultry. A good
measure for the control of ticks at present is by dipping and
spraying. Other possibilities like vaccination and dusting and back
line tracing are available. The drugs commonly used for dipping
and spraying are pfizona, Gammatox, toxaphene etc. Pfizona is
readily available. It should be diluted 600 times before it is used to
spray cattle or sheep. But always follow the manufacturer’s
instructions.
 It is recommended that spraying and dipping be done weekly
during raining season. Each farm however develops a suitable
regime to suit its purpose based on experience.
b) Trouble caused by worms:
 Worms cause considerable loss to livestock production.
Well-fed animals may harbor worms in their intestines without
showing stricken symptoms. However young animals usually
suffer from worm infestation.
 Signs of worm infestation include anemia, unthriftness and
sudden death. Sheep and goats are especially more prone to worm
infection; several drugs are available for treatment of worm
infection and the choice of one depends on: 1.The type of worm,
2.The age of the animal. However piperazine is recommended for
de-worming young animals of cattle/sheep and pigs. Ranide and
thiabendazole are recommended for older animals.",Herd Health Management in Farm Animals,https://naerls.gov.ng/wp-content/uploads/2022/11/Herd-Health-Management-in-Farm-Animals.pdf,18,official_naerls_bulletin
naerls_0169,livestock_fisheries_or_specialty_crop,Herd Health Management in Farm Animals,herd health management farm animals necessary farmer group farmers area institute worming programme kind program instituted will determined seriousness problem your local veterinarian position help design effective national vaccination campaign control prevention all diseases require cooperation people owner his assistants laborers veterinarians other livestock owners,"It is necessary for a farmer or a group of farmers in an area to
institute a de-worming programme. The kind of de-worming
program instituted will be determined by the seriousness of the
problem in the area. Your local veterinarian will be in a position to
help design an effective de-worming programme. National Vaccination Campaign
 Control and prevention of all diseases require the
cooperation of people, the farm owner, his assistants, the farm
laborers, the veterinarians and other livestock owners in the area
for a successful control. Some animal diseases however require the
cooperation and joint effort of more people because of the nature of
their spread. They may be so widely spread that attacking them
early in one place will be a useless effort.
 Diseases like CBPP (Contagious Bovine PlueroPneumonia) is example of an animal disease that requires the
cooperation of not only local livestock owners, Veterinarians etc
but also the cooperation and joint effort of neighboring countries
for its successful control.",Herd Health Management in Farm Animals,https://naerls.gov.ng/wp-content/uploads/2022/11/Herd-Health-Management-in-Farm-Animals.pdf,19,official_naerls_bulletin
naerls_0170,livestock_fisheries_or_specialty_crop,Herd Health Management in Farm Animals,herd health management farm animals importance group actvities disease control there need owners livestock cooperate government attempt eradicate animal diseases various programmes designed help run profitable business eliminating all hazards must therefore present vaccination,"Importance of group actvities in disease control:
 There is the need for owners of livestock to cooperate with
the government in their attempt to control or eradicate animal
diseases. The various disease control programmes designed by the
government are to help livestock owners to run a profitable
livestock business by eliminating all disease hazards. Livestock
owners must therefore present all their animals for vaccination.",Herd Health Management in Farm Animals,https://naerls.gov.ng/wp-content/uploads/2022/11/Herd-Health-Management-in-Farm-Animals.pdf,20,official_naerls_bulletin
naerls_0171,livestock_fisheries_or_specialty_crop,Production of Gum Arabic,production gum arabic preparing bulletin where none existed before inevitable one should draw information all who had done some work crop authors particularly grateful following individuals supplying useful jasper mshelia vice principal college agriculture maiduguri odo anaso faculty emecheta federal department forestry field office ubi,"In preparing a production bulletin on Gum Arabic, where
none existed before, it is inevitable that one should draw
information from all those who had done some work on the crop.
The authors are particularly grateful to the following individuals
for supplying useful information for the bulletin: Jasper
Mshelia, Vice Principal, College of Agriculture, Maiduguri; P. E.
Odo and A. B. Anaso, Faculty of Agriculture, Maiduguri; E. O.
Emecheta, Federal Department of Forestry, Field Office,
Maiduguri, E. O. Ubi, NAERLS Liaison Officer, North -–East
Zone; A. A. Gwandu, Director, Kebbi State Afforestation
Programme, Forestry II Project, and O. Aghughu, Rubber
Research Institute of Nigeria – who also provided some useful
reference materials for the work.",Production of Gum Arabic,https://naerls.gov.ng/wp-content/uploads/2022/11/Production-of-Gum-Arabic.pdf,3,official_naerls_bulletin
naerls_0172,livestock_fisheries_or_specialty_crop,Production of Gum Arabic,production gum arabic acknowledgement content page introduction tree soil climatic requirement uses acacia senegal growing potting mixtures sowing nursery maintenance transplanting plantation management gestation period intercropping pest problem control measures tapping harvesting yield bagging storage marketing bibliography,"Acknowledgement.................................................. 2
Content Page......................................................... 3
Introduction........................................................... 4
Gum Arabic tree.................................................... 5
Soil & Climatic Requirement................................. 5
Uses of Acacia senegal............................................. 8
Growing Acacia senegal........................................... 9
Potting mixtures.................................................. 10
Sowing................................................................. 11
Nursery maintenance.......................................... 11
Transplanting....................................................... 12
Plantation Management....................................... 13
Gestation period.................................................. 14
Intercropping....................................................... 14
Pest problem........................................................ 15
Control Measures................................................ 15
Tapping................................................................ 16
Harvesting and Yield............................................ 20
Bagging................................................................ 20
Storage................................................................ 21
Marketing............................................................ 21
Bibliography.......................................................... 24",Production of Gum Arabic,https://naerls.gov.ng/wp-content/uploads/2022/11/Production-of-Gum-Arabic.pdf,4,official_naerls_bulletin
naerls_0173,livestock_fisheries_or_specialty_crop,Production of Gum Arabic,production gum arabic one crops whose promotion federal government initiated national accelerated industrial programme naicpp tree crop hitherto well known country except borno yobe states yet commodity tremendous value high economic potential bulletin prepared therefore provide information acacia senegal how where grown tapping grading marketing,"Gum Arabic is one of the crops whose promotion by the
Federal Government was initiated under the National
Accelerated Industrial Crops Production Programme (NAICPP).
The tree crop is not hitherto well known in the country except in
Borno and Yobe States) yet it is a commodity of tremendous
value and high economic potential. This bulletin is prepared
therefore to provide information on Gum arabic tree (Acacia
senegal): how and where it can be grown, tapping and grading of
the gum and the marketing of the commodity.
 Gum arabic is an organic adhesive produced from a tree
called Acacia senegal. The gum has a wide range of industrial
uses especially, in areas of feed, textiles and pharmaceutical
industries. In food products, it serves as a stabilizer, emulsifier,
and binding agent for chewing gums, ice creams and jams. In
pharmaceuticals, the gum is a binder in iozenges, tablets, pills,
throat pastilles and cough drops. In textile industry it is used
for fabric stiffening and as a binder for textile printing gums; it is
also used in the plastic industry. In miscellaneous industries it
is used in producing ink, water colours, paints, carbon papers,
pottery glaces etc. However, the main use of gum arabic
remains in confectionery, hard gums, soft gum and gum
pastilles.
 Gum arabic provides income for farmers and merchants.
A 50kg propylene bag of grade one gum arabic sold for
N15,000.00 in Maiduguri, Borno State on 1996. The gum can
also provide a good foreign exchange for the nation because
there is a world demand for the commodity. Sudan earns over
U.S. $41 million (about N3 billion) from gum exports every year.",Production of Gum Arabic,https://naerls.gov.ng/wp-content/uploads/2022/11/Production-of-Gum-Arabic.pdf,5,official_naerls_bulletin
naerls_0174,livestock_fisheries_or_specialty_crop,Production of Gum Arabic,production gum arabic obtained tree called acacia senegal which leguminous belonging family nimosaceae genus triple spines base node fig while bark fissured flaky whitish grew colour leaves pinnate alternate pairs pinnae flowers cream coloured fragrant arranged spikes fruits pods flattened straight edges sometimes slight constrictions,"Gum arabic is obtained from a tree called (Acacia senegal)
which is a leguminous tree, belonging to the family Nimosaceae
and genus which has triple spines at the base of the node (Fig. 1)
while the bark is fissured, flaky and whitish grew in colour. The
leaves are pinnate and alternate with 3 – 6 pairs of pinnae.
Flowers are cream – coloured, fragrant and arranged in spikes,
while the fruits or pods are flattened with straight edges (or
sometimes with slight constrictions between the seeds. They
measure 8 – 10cm long, 2 – 3.5cm wide, and often carry 3 – 7
seeds. Seeds are brownish and fairly round in shape (Fig. 2). A
matured seed is about 3mm in diameter with the cotyledon
centrally placed. The plant, when matured is a scrabby
shrublike tree with low branching and short bole. It grows
between 4m and 6m high. Taller growth adversely affect the
gum-producing capacity of the tree. Although there are other
members of gum-producing Acacia species (like A. seyal and A.
albida) the best gum is collected entirely from Acacia senegal,
known also as Acacia verek.",Production of Gum Arabic,https://naerls.gov.ng/wp-content/uploads/2022/11/Production-of-Gum-Arabic.pdf,6,official_naerls_bulletin
naerls_0175,livestock_fisheries_or_specialty_crop,Production of Gum Arabic,production gum arabic tree withstand long period drought grows well rocky hills sand dunes lands where soils degraded little else grow fig although acacia senegal most ecological zones country purpose producing best grown sudan savannah sahellian vegetation hence following states encouraged massive adamawa bauchi borno,"The tree can withstand long period of drought, and grows well on
rocky hills, sand dunes, and lands where the soils so degraded
that little else can grow (Fig. 3). Although Acacia senegal can grow in most ecological zones of
the country, for the purpose of producing gum, it is best grown
in Sudan Savannah and Sahellian vegetation zones. Hence the
following states have been encouraged to go into massive
Acacia senegal production: Adamawa, Bauchi, Borno, Gombe,",Production of Gum Arabic,https://naerls.gov.ng/wp-content/uploads/2022/11/Production-of-Gum-Arabic.pdf,8,official_naerls_bulletin
naerls_0176,livestock_fisheries_or_specialty_crop,Production of Gum Arabic,production gum arabic planted windbrake shelterbelt reduce soil erosion desertification fig fuel wood because hard heavy acacia senegal considered best fire sahelian countries most important potential tree uses which already stated charcoal industrial value normally raised seeds quite easy mix other plants beginning end some,"iv. It can be planted as a windbrake or shelterbelt to reduce
 soil erosion and desertification (Fig. 3). v. It can be used as fuel wood because the hard and heavy
 wood of Acacia senegal is considered the best fire-wood in
 the Sahelian countries. The most important potential of Acacia senegal tree is the
production of gum arabic – the uses of which are already stated.
The tree can also be used in the production of charcoal which
are of industrial value. Acacia senegal is normally raised from seeds. It is quite
easy to mix up seeds with other Acacia plants at the beginning
and end up with some wrong plants on the field. So it is
important to source seeds directly from the right tree. Seed
collection takes place between January and March. The seeds
are cleaned up manually and preserved dry for sowing into
p o l y t h e n e p o t s b y
April or May. Seedlings are raised in nurseries in polythene
pots (Fig. 4). Small pots measuring 12cm x 26cm are
adequate for Acacia senegal seedlings.",Production of Gum Arabic,https://naerls.gov.ng/wp-content/uploads/2022/11/Production-of-Gum-Arabic.pdf,10,official_naerls_bulletin
naerls_0177,livestock_fisheries_or_specialty_crop,Production of Gum Arabic,production gum arabic recommended birnin kebbi where ratio parts river sand part farm yard manure practised seedlings usually come out vigorously fig sowing filling pots should completed april ending filled right brim arranged line watered few days soil soak stabilize before done early may order,"recommended. In Birnin Kebbi where a ratio of 2 parts of river
sand to 1 part of farm yard manure is practised, the seedlings
usually come out vigorously (Fig. 4). Sowing
 Filling of the pots should be completed by April ending.
Pots are filled right to the brim, arranged in line, watered for few
days for soil to soak and stabilize before sowing. Sowing is done
early in May in order to ensure adequate development of the
seedling before transplanting in July. Seeds are sown about
2cm deep. Two seeds per polythene pot is advisable to begin
with; although one ends up transplanting just one plant; the
other serves as a filler if and when necessary. To quicken
germination, seeds may be soaked overnight or soaked in boiled
water for 2 minutes before planting. Seeds so treated will
germinate within two weeks in the nursery. However, fresh seed
can germinate without any such treatments though might take
a longer period. To prevent termite attack, treat the soil with
chemicals before setting up the polythene pots for planting. Use
Chloropyriphos at a concentration of 1:15mls of water. The
same dilution applies to the plantation trees.",Production of Gum Arabic,https://naerls.gov.ng/wp-content/uploads/2022/11/Production-of-Gum-Arabic.pdf,12,official_naerls_bulletin
naerls_0178,livestock_fisheries_or_specialty_crop,Production of Gum Arabic,production gum arabic seedlings ready transplanting three months nursery fig root prunning may necessary delayed seedling roots start emerging pots should done heavy watering planting carried out spacing giving plant population over trees per hectare best period july august initial weeding tractors before plants fully,"Seedlings are ready for transplanting after about three
months in the nursery (Fig. 5). Root prunning may be necessary
if transplanting is delayed and seedling roots start emerging
from the pots. Prunning should be done after heavy watering.
The planting is carried out on a 4m x 4m or 5m x 5m spacing,
giving a plant population of over 600 trees per hectare. The best
period of transplanting is in July or August, that is, after the
initial weeding with the tractors before the plants are fully
established. Seedlings are transplanted into the prepared holes
30cm deep and 15cm wide. If the soil is wet, no watering is
required immediately after transplanting, otherwise some
watering may be necessary. Water or irrigation is also needed in
September to October if the rain suddenly stops before the
young plants have had chance to establish.",Production of Gum Arabic,https://naerls.gov.ng/wp-content/uploads/2022/11/Production-of-Gum-Arabic.pdf,13,official_naerls_bulletin
naerls_0179,livestock_fisheries_or_specialty_crop,Production of Gum Arabic,production gum arabic clearing fire traces round fencing corn stalk cuttings thorny acacia trees may necessary keep away grazing livestocks least three years senegal tends branch profusely during first two establishment prunning lower branches allows trunk height metre ground advisable tree ready tapping then continue,"clearing fire traces round it. Fencing with corn stalk, or cuttings
from thorny acacia trees may be necessary to keep away grazing
livestocks for at least three years.
 Acacia senegal tends to branch profusely during the first
two years of establishment, Prunning of lower branches that
allows a trunk height of about 1 metre from the ground is
advisable. Gum arabic tree is ready for tapping 4 – 7 years after its
establishment. Tapping can then continue every year for at
least ten to twelve years. During these time, the soil regains its
fertility – aided by the fertilizing powers of Acacia senegal. When
the trees are about 15 years old they are coppiced for fire-wood
and charcoal; and crops can be planted on the enriched land. It
will take another four years for the trees to regenerate to
maturity.",Production of Gum Arabic,https://naerls.gov.ng/wp-content/uploads/2022/11/Production-of-Gum-Arabic.pdf,15,official_naerls_bulletin
naerls_0180,livestock_fisheries_or_specialty_crop,Production of Gum Arabic,production gum arabic plant free pest disease problems vulnerable termite attack both seedling stage developed crop termites reach seedlings penetrating polythene pots soil they bole branches tree building shell around parts thereby disrupting physiological function three years establishment attacked numerous insects finally finished off white,"The Gum arabic plant is not free from pest and disease
problems. It is vulnerable to termite attack both at the seedling
stage and as a developed crop. Termites can reach the seedlings
by penetrating the polythene pots from the soil. They can also
attack the bole and branches of the tree by building soil shell
around those parts thereby disrupting the physiological
function of the plant.
 At about three years from establishment, it is attacked by
numerous insects and finally finished off by white ants. It is
attacked through wounds by longhorn beetles and borers.
Locuts (Acridium melanorhodon) and grasshoppers defoliate
large areas now and again. Goats and Camels are probably its
greatest enemies as the leaves are highly palatable and
nutritional to animals. Fires kill off seedlings and damage the
trees considerably. A good deal of damage is also caused to trees
through cutting off large branches to use as fences or barricades
for livestock on account of their thorny nature.",Production of Gum Arabic,https://naerls.gov.ng/wp-content/uploads/2022/11/Production-of-Gum-Arabic.pdf,16,official_naerls_bulletin
naerls_0181,livestock_fisheries_or_specialty_crop,Production of Gum Arabic,production gum arabic control measures termites done drenching polybags soil chloropyriphos solution mixed dose rate mls chloropyripos per litre water grasshoppers locust spray selvin vetox goats camels kept off nursery plantation fencing barb wire chain link affordable otherwise cuttings other acacia senegal species good enough,"Control Measures
 Control of termites can be done by drenching the polybags
of soil in Chloropyriphos solution. Mixed at dose rate of 5mls of
Chloropyripos per litre of water. For grasshoppers and locust,
spray with Selvin/Vetox 85 at the rate of 12g per litre of water.
The goats and camels can be kept off nursery or plantation by
fencing with barb wire or chain link – if affordable; otherwise
fencing with cuttings from other acacia senegal species is good
enough.",Production of Gum Arabic,https://naerls.gov.ng/wp-content/uploads/2022/11/Production-of-Gum-Arabic.pdf,16,official_naerls_bulletin
naerls_0182,livestock_fisheries_or_specialty_crop,Production of Gum Arabic,production gum arabic four five years trees matured enough tapped tapping usually done during cool season year starting october november special tool knife tape fig shaped sharp blade tip cut bark then hook like portion tear head attached long wooden handle even highest branches tree,"After four to five years, the trees are matured enough to be
tapped for Gum arabic. Tapping is usually done during the cool
season of the year starting in October or November. A special
tool or knife is used to tape the trees for the gum (Fig. 6). The
knife is “r” shaped. It has a sharp blade at the tip to cut through
the bark, then the sharp hook-like portion is used to used to tear
the bark. Usually the knife head is attached to a long wooden
handle so that even the highest branches of the tree can be
reached. 1. Wooden handle
2. Metalic hold
3. Sharp hook portion for peeling of the bark strips
 vertically upward.",Production of Gum Arabic,https://naerls.gov.ng/wp-content/uploads/2022/11/Production-of-Gum-Arabic.pdf,17,official_naerls_bulletin
naerls_0183,livestock_fisheries_or_specialty_crop,Production of Gum Arabic,production gum arabic before going work tapper clears obstructive branches allow him access bole other matured tree any branch averaged diameter tapped tapping then commences following procedure fig push blade cut bark separate wood some people call step slashing iii hook like portion knife twist,"Before going into work, the tapper clears the obstructive
branches to allow him have access to the bole and other
matured branches of the tree. Any branch averaged 3cm
diameter can be tapped. Tapping then commences with the
following procedure (Fig. 7 a – c): ii. push the blade to cut through the bark to separate it from
 the wood. Some people call this step “slashing”. iii. With the hook – like portion of the knife, twist the blade away
 from the branch so that the hook can hold the bark; iv. Pull vertically upwards, hooking the bark, so that the bark
 torn 1 – 3cm wide (depending on the thickness of the
 branch) – is pulled for a distance of 40 to 50cm. This job is
 (should be) without such damage to the wood of the tree; v. Repeat the process above on the same branch in several
 places, and on as many branches as possible to obtain the
 maximum yield of gum from the tree;",Production of Gum Arabic,https://naerls.gov.ng/wp-content/uploads/2022/11/Production-of-Gum-Arabic.pdf,18,official_naerls_bulletin
naerls_0184,livestock_fisheries_or_specialty_crop,Production of Gum Arabic,production gum arabic acacia which exudes natural cracks stem any crack created borers should collected such gums easily distinguishable other they best quality free bark cuts during formal tapping first harvest takes place days slashing balls formed picked many times warm periods collection continues every,"Acacia gum which exudes from natural cracks on the stem or
any crack created by borers should be collected. Such gums are
easily distinguishable from other gum as they are of the best
quality being free of bark cuts during formal tapping. The first harvest of the gum takes place 30 to 40 days after
the tapping or slashing of the bark. The gum balls formed are
picked many times during warm periods. Collection continues
every one or two weeks, depending on the hardening state of the
gum – until the on-set of the rain in June. Gum picking should
be done in the morning as the gum tends to melt with the rise in
temperature. During picking ensure that every gum particle is
collected from the tree.
 A gum arabic tree is capable of producing 400 – 600gm of
gum per tapping season. So in a plantation of 5m x 5m spacing,
an average yield of 200kg per hectare is expected.",Production of Gum Arabic,https://naerls.gov.ng/wp-content/uploads/2022/11/Production-of-Gum-Arabic.pdf,21,official_naerls_bulletin
naerls_0185,livestock_fisheries_or_specialty_crop,Production of Gum Arabic,production gum arabic bangladesh australia sweden germany japan nigerian merchants include messrs memzer olivant borno marchants dangote group companies mel agro export ltd john holt efforts made some states collaborate promotion council handle purchasing marketing commodity meanwhile there association nigeria sees welfare members planning steady,"Bangladesh, Australia, Sweden Germany and Japan.
Nigerian gum arabic Merchants include Messrs. G. N. Memzer
G.B. Olivant, Borno Marchants, Dangote Group companies, Mel
Agro Export Ltd, U.A.C. and John Holt Companies. Efforts are
being made in some States to collaborate with the Export
Promotion Council to handle the purchasing and marketing of
the commodity. Meanwhile there is a Gum Arabic Association
of Nigeria that sees to the welfare of its members. The
association is planning a steady market for the gum arabic
farmers to encourage higher productivity.
 However, ready help on export of quality gum arabic can
be obtained from the office of the Nigerian Export Promotion
Council (NEPC) nearest to you. Headquarters Lagos Zonal Office
Block 312 Kumba Street, 15 A A&B Oladipo Oluwole
Zone 2, Wuse Road,
P. M. 133, P.M.B. 12776,
Garki – Abuja. Apapa, Lagos.
Tel: 09-5230933, Tel: 01-873816,
 5230981-3 80320-4",Production of Gum Arabic,https://naerls.gov.ng/wp-content/uploads/2022/11/Production-of-Gum-Arabic.pdf,23,official_naerls_bulletin
naerls_0186,livestock_fisheries_or_specialty_crop,Production of Gum Arabic,production gum arabic aghughu personal tippings literature collected during visit africa rubber research institute nigeria anaso pest disease control national agricultural extension liaison services naerls training manual emecheta plant characteristics techniques raising seedlings acaciascaegal nigerian export promotion council product profile block kumba wuse zone abuja,"Aghughu, O. (1995) Personal tippings from Gum arabic
 literature collected during the visit to E. Africa. Rubber
 Research Institute, Nigeria. Anaso, A. B. “Pest and Disease Control in Gum arabic, National
 Agricultural Extension and Research Liaison Services
 (NAERLS) Training Manual on Gum arabic Production pp.
 15 – 19. Emecheta E. C. (1994). “Plant Characteristics and Techniques
 for raising seedlings of Acaciascaegal National Agricultural
 Extension and Research Liaison Services (NAERLS)
 Training Manual on Gum arabic Production pp. 4 – 14. Nigerian Export Promotion Council (1997). “Product, Profile on
 Gum arabic block 312 Kumba St. Wuse Zone 2, P. M. B.
 133, Abuja. Odo P. E. (1994): “Tapping Gum arabic plant: Practical
 Aspect”. National Agricultural Extension and Research
 Liaison Services (NAERLS) Training Manual on Gum Arabic
 Production pp. 20 – 23.",Production of Gum Arabic,https://naerls.gov.ng/wp-content/uploads/2022/11/Production-of-Gum-Arabic.pdf,25,official_naerls_bulletin
naerls_0187,livestock_fisheries_or_specialty_crop,Control of Worms in Cattle Sheep and Goats,control worms cattle sheep goats acknowledgement table content introduction types signs worm infestation how live general rules hygiene drinking range lands pasture animal house pen behaviour local medicine anthelmintics administer drugs animals drench give bolus choosing right market avoid unsuitable preparation application dewormer precautionary measures,"1. Acknowledgement......................................................... i
2. Table of Content............................................................ 1
3. Introduction................................................................... 2
4. Types and signs of worm infestation............................... 2
5. How worms live............................................................. 3
6. General rules of hygiene in worm control....................... 5
 * Drinking Hygiene................................................ 5
 * Hygiene of range lands and pasture...................... 5
 * Hygiene of animal House and pen....................... 6
 * Animal Behaviour and Hygiene.......................... 6
7. How to control worms.................................................... 6
8. How to control worms with local medicine.................... 7
9. How to control worms with Anthelmintics..................... 8
10. How to administer drugs to animals............................. 10
11. How to drench animals................................................. 10
12. How to give animals bolus............................................ 10
13. Choosing the right worm medicine from the market..... 11
14. How to avoid using unsuitable drugs............................. 11
15. Preparation and application of dewormer..................... 12
16. Precautionary measures............................................... 13
17. Comon worms of cattle sheep and Goats...................... 13",Control of Worms in Cattle Sheep and Goats,https://naerls.gov.ng/wp-content/uploads/2022/11/Control-of-Worms-in-Cattle-Sheep-and-Goats.pdf,3,official_naerls_bulletin
naerls_0188,livestock_fisheries_or_specialty_crop,Control of Worms in Cattle Sheep and Goats,control worms cattle sheep goats living things which during all part lives live expense another called hosts causing some damage necessarily destroying generally privilege habitats within such intestine muscle blood etc specific because they develop only certain species example worm stongyes stomach other organ liver,"Worms are living things which during all or part of their lives live at the
expense of another, called hosts, causing it some damage but not necessarily
destroying it. Generally, worms have privilege habitats within their hosts such
as intestine, live, muscle, blood etc. Some worms are called “specific worms”
because they develop only within certain species. Example is worm called
stongyes that lives in the stomach of sheep. Some other in specific organ such
as liver flukes in the liver of cow.
 In order to establish and maintain healthy growth in animals, certain
practices are very essential. These practices include the control of worms,
vaccination, sanitary hygiene, routine clinical checks. Sanitary hygiene, in
Farm animals include keeping the animals body clean, proving clean and
balance feed, and water, providing clean housing environment and pens. It
also include keeping farm utensils clean at all times. This guide will teach
farmers and animal attendants about how to view and carry out these practices
more effectively.",Control of Worms in Cattle Sheep and Goats,https://naerls.gov.ng/wp-content/uploads/2022/11/Control-of-Worms-in-Cattle-Sheep-and-Goats.pdf,4,official_naerls_bulletin
naerls_0189,livestock_fisheries_or_specialty_crop,Control of Worms in Cattle Sheep and Goats,control worms cattle sheep goats general rules hygiene work livestock enterprise maximize output necessary animals should good health measures taken falls two classes first guidelines effective animal husbandry feeding drinking housing will ensure satisfactory rate reproduction normal growth healthy stock produce acceptance economic yield second,"D. GENERAL RULES OF HYGIENE IN WORK CONTROL
 For a livestock enterprise to maximize its output, it is necessary
that the animals should be in good health. The measures to be taken
falls into two classes. First is a good guidelines for effective animal
Husbandry (feeding, drinking, housing) that will ensure a satisfactory
rate of reproduction and normal growth of a healthy stock that will
produce at an acceptance economic yield. The second is to routinely
protect the animal from the action of parasite burden through regular
pest control deworming exercises. High level of hygiene are required
in the following areas.",Control of Worms in Cattle Sheep and Goats,https://naerls.gov.ng/wp-content/uploads/2022/11/Control-of-Worms-in-Cattle-Sheep-and-Goats.pdf,7,official_naerls_bulletin
naerls_0190,livestock_fisheries_or_specialty_crop,Control of Worms in Cattle Sheep and Goats,control worms cattle sheep goats drinking hygiene every herdsman brings his herd common watering place shallow pools which form around places favorable environments appearance infective forms parasites develops eggs dropped faeces major intermediate hosts important therefore avoid contamination water spots individual herds should prevent pollution,"1. Drinking hygiene
 Every herdsman brings his herd to common watering place.
 Shallow pools which form around watering places are
 favorable environments for the appearance of infective forms of
 parasites which develops form eggs dropped with the faeces
 from the major or intermediate hosts. It is important therefore to
 avoid the contamination of watering places or water spots.
 Individual herds drinking should prevent pollution of the
 water by excreta. 2. Hygiene of Rangelands and pasture
 Protection is difficult on open rangelands where the herds have
 unrestricted movements. For close pastures in which animals
 movement can be checked, pasture contamination can be
 avoided by subjecting newly introduce animals to a quantine
 period during which they are given worm treatment.",Control of Worms in Cattle Sheep and Goats,https://naerls.gov.ng/wp-content/uploads/2022/11/Control-of-Worms-in-Cattle-Sheep-and-Goats.pdf,7,official_naerls_bulletin
naerls_0191,livestock_fisheries_or_specialty_crop,Control of Worms in Cattle Sheep and Goats,control worms cattle sheep goats hygiene animal house pens whatever type building livestock housed you cleanliness will ensure success excrement should removed regularly routinely uneaten fed left too long troughs regular disinfection environment recommended chemicals spray residual insecticides indispensable methods avoiding build common worm eggs,"3. Hygiene of Animal house and pens
 · Whatever the type of building or livestock housed you have, its
 cleanliness will ensure success. Excrement should be removed
 regularly and routinely. Uneaten fed should not be left too long
 in the troughs.
 · Regular disinfection of the Environment with recommended
 chemicals and spray with residual insecticides are
 indispensable methods of avoiding build up of common worm
 eggs which can become dangerous.
 · Professional guideline on the construction and use of farm
 structure according to animal species is also important for
 maximum control on humidy, temperature and cross
 ventilation.",Control of Worms in Cattle Sheep and Goats,https://naerls.gov.ng/wp-content/uploads/2022/11/Control-of-Worms-in-Cattle-Sheep-and-Goats.pdf,8,official_naerls_bulletin
naerls_0192,livestock_fisheries_or_specialty_crop,Control of Worms in Cattle Sheep and Goats,control worms cattle sheep goats animal behavior hygiene necessary avoid over stocking which causes animals aggressive because need defend territory access food addition inconveniences there increased risk transmission normally common place parasites when show sickly appearance poor growth they should removed housed separately primarily health,"4. Animal behavior and hygiene
 It is necessary to avoid over stocking which causes the animals
 to be aggressive because of their need to defend their territory
 and access to food. In addition to the inconveniences, there is
 increased risk of transmission of normally common place
 worms and parasites. Also when animals show sickly
 appearance and poor growth they should be removed and
 housed separately. This is primarily for health reasons and also
 for economic reasons too. E. HOW TO CONTROL WORMS
 First learn to observe signs of worm burden in a herd. Most
times worm make animals sick and more often than anything else does.
Most worms make animal loss flesh and stop growing. They often
cause diarrhea in several animals in the herd. The rate at which the
problem spread from one animal to another is very rapid too.",Control of Worms in Cattle Sheep and Goats,https://naerls.gov.ng/wp-content/uploads/2022/11/Control-of-Worms-in-Cattle-Sheep-and-Goats.pdf,8,official_naerls_bulletin
naerls_0193,livestock_fisheries_or_specialty_crop,Control of Worms in Cattle Sheep and Goats,control worms cattle sheep goats albrizia anthelmitica some people crush bark tree stick soak cold water they strain liquid give mouth goat treat note modern worm medicine effective pramnia maxima fruits plant mix them mordern,"1. Albrizia anthelmitica
 Some people crush the bark of this tree with a stick and soak it in
 cold water. They strain the liquid and give it by mouth to cattle,
 sheep or goat to treat for some worms. Note that modern worm
 medicine are more effective. 2. Pramnia maxima
 Some people use the fruits of this plant to control worms. They
 crush the fruits and mix them with water. They give the liquid
 by mouth to treat worms. Mordern worm medicine are more
 effective.",Control of Worms in Cattle Sheep and Goats,https://naerls.gov.ng/wp-content/uploads/2022/11/Control-of-Worms-in-Cattle-Sheep-and-Goats.pdf,9,official_naerls_bulletin
naerls_0194,livestock_fisheries_or_specialty_crop,Control of Worms in Cattle Sheep and Goats,control worms cattle sheep goats veronia amygdalina some people grab butter leave weighing approximately pounded mortar water added left overnight extract then sieved drenching one cow goat note modern worm medicine effective kaya senegalensis farmers take fresh bark scenegalensis plant air dried grounded powder mixed,"3. Veronia Amygdalina
 Some people also use a grab of butter leave weighing
 approximately 117gm pounded in a mortar 100ml of water is
 added and left overnight. The extract is then sieved and used
 for drenching one cow, sheep or goat. Note also that modern
 worm control medicine is more effective. 4. Kaya senegalensis
 Some farmers take the fresh bark of kaya scenegalensis plant
 and is air dried, grounded into powder and mixed with 1% red
 potash. One palm full of these mixture (71.8gm) is soaked in
 cold water form a suspension, stirred and drenched to an
 animal. Note also that modern worm medicine are more
 effective.",Control of Worms in Cattle Sheep and Goats,https://naerls.gov.ng/wp-content/uploads/2022/11/Control-of-Worms-in-Cattle-Sheep-and-Goats.pdf,10,official_naerls_bulletin
naerls_0195,livestock_fisheries_or_specialty_crop,Control of Worms in Cattle Sheep and Goats,control worms cattle sheep goats contorl worm medicine anthelmintics annual programme aimed controlling farm animals desirable involves strategic following periods year preventive treatment early raining season mid dry reduce pasture contamination iii routine case chemical outbreaks february june deworm period prevent cycling,"G. CONTORL OF WORMS WITH WORM MEDICINE
 (ANTHELMINTICS)
 An annual programme aimed at controlling worms in
 farm animals is desirable. This involves the strategic use of
 anthelmintics at the following periods in the year:
 i. Preventive treatment early in the raining season.
 ii. Treatment mid season and early dry season to reduce
 pasture contamination
 iii. Routine treatment in case of chemical outbreaks. 1. February to June Treatment (Early Raining Season)
 Deworm at this period to prevent the cycling to worm",Control of Worms in Cattle Sheep and Goats,https://naerls.gov.ng/wp-content/uploads/2022/11/Control-of-Worms-in-Cattle-Sheep-and-Goats.pdf,10,official_naerls_bulletin
naerls_0196,livestock_fisheries_or_specialty_crop,Control of Worms in Cattle Sheep and Goats,control worms cattle sheep goats infestation calves during early part grazing period thus reduce subsequent pasture contamination infective larvae system weeks week sequence deworming practice prevent cycling both stomach lung worm deposition eggs set rains result progremme will provide season long liver flukes july september,"infestation in calves during the early part of the grazing period and
thus reduce subsequent pasture contamination with infective larvae.
The 3-8-13 system (i.e 3 weeks, 8 weeks and 13 week sequence of
deworming practice at this period) prevent cycling of both stomach
and lung worm and the deposition of eggs and larvae on the pasture
for up to 16-17 weeks from the on-set of rains. As a result the
progremme will provide season long control of stomach worms, liver
flukes and lung worms in calves.
2. July to September Treatment (Mid –Raining season)
 At this time a good worm medicine
 effective in the treatment of round
 worms should be administered. This
 treatment is based on the
 understanding that there is already a
 build up of worm on pasture which
 should be control before it cause
 problem. 3. October to December (Early Dry seaon)
 Again an effective anthelmintic effective
 in the control of round worms and liver
 fluke should be administered.",Control of Worms in Cattle Sheep and Goats,https://naerls.gov.ng/wp-content/uploads/2022/11/Control-of-Worms-in-Cattle-Sheep-and-Goats.pdf,11,official_naerls_bulletin
naerls_0197,livestock_fisheries_or_specialty_crop,Control of Worms in Cattle Sheep and Goats,control worms cattle sheep goats routine treatment cases clinical infection when animals simply dewormed response helminthiasis signs observed include loss appetite anemia coughing diarrhea etc how dewormer anthelmintics drugs reputable sources sure kept good conditions within expiry period specified some only certain kinds animal dangerous,"4. Routine treatment in cases of clinical infection.
 This is when animals are simply dewormed in response to clinical
 helminthiasis. Clinical signs observed include loss of appetite,
 anemia, coughing, diarrhea etc. H. HOW TO USE DEWORMER (ANTHELMINTICS)
1. Use drugs that are from reputable sources on animals Be sure that the
 drugs have been kept in good conditions and are used within the expiry
 period specified.
2. Some of the drugs ae specified only for certain kinds of animal and are
 dangerous for others – so be careful.
3. Direction of use that come with worm medicine are very important. It
 tells you which animals to use the drug for and at what dose rate.
4. To treat a group of animals, use the weight of the heaviest animals in
 the same age group. Never use the average weight of the group.
5. Respect the expected treatment internals for better result.",Control of Worms in Cattle Sheep and Goats,https://naerls.gov.ng/wp-content/uploads/2022/11/Control-of-Worms-in-Cattle-Sheep-and-Goats.pdf,12,official_naerls_bulletin
naerls_0198,livestock_fisheries_or_specialty_crop,Control of Worms in Cattle Sheep and Goats,control worms cattle sheep goats how drench animal liquid medication given you will need fanta coke bear bottle dose syringe measure correct amount keep goat cow head normal position place end left side month back tongue slowly pour throat give bolus remove container proper break,"I. HOW TO DRENCH AN ANIMAL
 Liquid Medication can be given as drench. You will need a fanta, coke,
 bear bottle or dose syringe. Measure the correct amount of drench.
 Keep Goat, Sheep or Cow head in normal position. Place end of
 syringe or bottle in left side of month on back of tongue slowly pour
 drench into the throat. J. HOW TO GIVE AN ANIMAL A BOLUS
 Remove Bolus from container in proper dose, break between two
 paper and dissolve in coke bottle and drench. You can also insert bolus
 in end of balling gun or tube. Hold tube upward to prevent bolus from
 dropping out. Put tube in left side of goat, sheep or cow’s mouth.",Control of Worms in Cattle Sheep and Goats,https://naerls.gov.ng/wp-content/uploads/2022/11/Control-of-Worms-in-Cattle-Sheep-and-Goats.pdf,12,official_naerls_bulletin
naerls_0199,livestock_fisheries_or_specialty_crop,Control of Worms in Cattle Sheep and Goats,control worms cattle sheep goats push plunger forward forcing bolus oesophesus hold mouth closed stroke down until swallowed choosing right worm medicine market animal drug trade nigeria regulated most drugs easily available across counter open way all sorts fake dubious quality nigerian therefore avoid whose,"Push plunger forward forcing bolus into oesophesus. Hold the mouth
closed and stroke through at down until bolus is swallowed. K. CHOOSING THE RIGHT WORM MEDICINE FROM
THE MARKET
Animal drug trade in Nigeria is not regulated. Most drugs are easily
available across the counter. This open the way for all sorts of fake
drugs of dubious quality in the Nigerian market. Therefore avoid
choosing drugs whose origin cannot be quaranteed. Such drugs are
often less expensive but of uncertain composition. The efficacy of
such products cannot be quantified and they can be dangerous.
 Fake drugs cannot be recognized easily but preference should
be given to products sold in containers which are difficult to re-use.
Also avoid using products whose packaging or labeling gives rise to
doubts about the genuiness. It is always better to contact your local
veterinarian when in doubt.",Control of Worms in Cattle Sheep and Goats,https://naerls.gov.ng/wp-content/uploads/2022/11/Control-of-Worms-in-Cattle-Sheep-and-Goats.pdf,13,official_naerls_bulletin
naerls_0200,livestock_fisheries_or_specialty_crop,Control of Worms in Cattle Sheep and Goats,control worms cattle sheep goats avoid unsuitable drugs choice dewormer should take account particular animal treated first identify what you want once identified next step know active agent drug dosage appropriate achieve best result fact all trade name same ingredient offer spectrum efficacy wrong formulation,"L. AVOID USING UNSUITABLE DRUGS
The choice of a dewormer should take into account the particular
animal to be treated. First identify what worms you want to control.
Once the worms have been identified, the next step is to know what
active agent(s) you want in the drug of choice and what dosage is
appropriate to achieve the best result. It is a fact that not all trade name
with the same active ingredient offer the same spectrum of efficacy.
The wrong choice of formulation may therefore result in poor
protection of the animal
 To choose a product, seek advice first. Care should be take to
select good quality products with easy to understand direction for use.",Control of Worms in Cattle Sheep and Goats,https://naerls.gov.ng/wp-content/uploads/2022/11/Control-of-Worms-in-Cattle-Sheep-and-Goats.pdf,13,official_naerls_bulletin
naerls_0201,livestock_fisheries_or_specialty_crop,Control of Worms in Cattle Sheep and Goats,control worms cattle sheep goats first clean pens environment prevent reinfection observe expiry date label follow direction carefully calculate dosage per kilogram live weight don unguided guestimated avoid spillage wastage contaminate yourself water utensils carelessly properly work dispose off material expired drugs should buried examples,"1. First clean pens and environment to prevent reinfection.
2. Observe the expiry date on the label and follow the direction
 carefully and calculate the dosage per kilogram live weight.
 Don’t use unguided guestimated.
3. Avoid spillage and wastage and don’t contaminate yourself,
 water or utensils carelessly. Clean up properly after work.
 Dispose off used material properly. Expired drugs should be
 buried.
 EXAMPLES OF COMMON DEWORMERS
 Drugs Spectrum Dosage (mg/kg) liveweight
 Cattle Sheep Goats
 Albendazole a,b 5-7.5 5-7.5 5.75
 c, 10 4.75 4.75
 Flukazole c 10 10 10
 Ferbebudizile a,b,c 5-7.5 5-7.5 5-7.5
 Ivermeitin a,d,e 0.2-0.5 0.2-0.5 0.2-0.5
 Levamisol ae 7.5 7.5 7.5
 Lovamisol/Oxy c 0.25 0.25 0.25
 clozaide (mixed)
 mebendazole a,b,c 15 15 15
 Morantel a 10.5 5.9 5.9
 Nitroxynil a 10-15 10-15 10-15
 Oxfendazole a,b,c 4.5-5 4.5-5 4.5-5
 Oxyclozamine c 4.5-5 4.5-5 4.5-5
 Piperzine a,f 15 10 10
 Thiabendazole a,d 60 160 160
 Thiophanate a,d, 66-110 44-66 44-66
 Triclabendazole c 12 10 10
 NB a=Round worm, b=Tape worm, c=Liverflukes, d=Lungworms e=Stomach
 worms f=Ascanis",Control of Worms in Cattle Sheep and Goats,https://naerls.gov.ng/wp-content/uploads/2022/11/Control-of-Worms-in-Cattle-Sheep-and-Goats.pdf,14,official_naerls_bulletin
naerls_0202,livestock_fisheries_or_specialty_crop,Control of Worms in Cattle Sheep and Goats,control worms cattle sheep goats precautionary measures don milk human consumption within days deworming except otherwise advised slaughter such animal lease weeks treatment iii overdose underdose harmful why all good ask professional services common goat cause loss weight diarrhea anemia pot belly swelling jaw some,"O. PRECAUTIONARY MEASURES
i. Don’t use milk for human consumption within 3 days of deworming
 except otherwise advised.
ii. Do not slaughter such animal for human consumption at lease in
 within 2 weeks of treatment.
iii. Overdose or underdose is harmful. This is why it is all w a y s
 good to ask for professional services. P. COMMON WORMS OF CATTLE, SHEEP AND
 GOAT
 · Cause loss of weight, diarrhea, anemia
 · Pot belly, swelling under the jaw
 · Some are passed out in stool
 · Transmitted though contaminated feed, water or grass.
 · Control is by regular de-worming exercises.
2. Tape worm
 · Found in tissue, organs, intestinve etc
 · May stay in the body without any sign
 · Lambs are mostly affected
 · Segments passed out in stool and cysts are found in flesh.
3 Liver flukes
 · Affects liver, bileducts, gallbladder, stomach.
 · Loss of weight, anemia
 · Eggs passed out in faeces
 · Death may occur because of live damage
 · In Slaughtered animal, a whole liver can be condemned
 · To control avoid marshy areas for grazing.
 · Kill snails by spraying
 · Flukazole and levamisole are fist drug of choice",Control of Worms in Cattle Sheep and Goats,https://naerls.gov.ng/wp-content/uploads/2022/11/Control-of-Worms-in-Cattle-Sheep-and-Goats.pdf,15,official_naerls_bulletin
naerls_0203,livestock_fisheries_or_specialty_crop,Control of Worms in Cattle Sheep and Goats,control worms cattle sheep goats cocciddia protazoa destroy small intestine cause loss appetite diarrhea calves lambs kids may bloody parasites isolated include sanitation cleaning drying wet spots amprolium ampromix feed water first drugs choice trypanosomes found blood streams affect local show specific symptoms eradication testsefly,"4. Cocciddia
 1. A protazoa that destroy the small intestine
 2. Cause loss of appetite
 3. Diarrhea in calves, lambs and kids
 4. Diarrhea may be bloody and the parasites can be isolated
 5. Control include sanitation, cleaning and drying up wet spots
 6. Amprolium and Ampromix in feed and water are first drugs of choice. 1. Trypanosomes
 a. Parasites found in blood streams
 b. Affect local sheep and cattle
 c. Show no specific symptoms
 d. Control include eradication of testsefly or, trapping and destroying the
 flies.
 e. Berenil is first drug of choice. 3. Pagot, Jean(1993) Animal production in the tropics.
 Published by the Macmillan press Ltd. London and
 Basingstoke, reprinted 1993",Control of Worms in Cattle Sheep and Goats,https://naerls.gov.ng/wp-content/uploads/2022/11/Control-of-Worms-in-Cattle-Sheep-and-Goats.pdf,16,official_naerls_bulletin
naerls_0204,livestock_fisheries_or_specialty_crop,Duck Production in Nigeria,duck production nigeria acknowledgment published information raising scarce fact first extension bulletin publication keeping produced naerls burden work arose need look inwards focus neglected vital sources animal protein household diets therefore intended provide useful various aspects create awareness thus motivate nigerian poultry farmers get involved,"ACKNOWLEDGMENT
 Published information on duck raising is scarce in Nigeria. In fact, this
is the first Extension Bulletin publication on duck keeping produced by
NAERLS. The burden for this work arose from the need to look inwards and
focus on the neglected, but vital sources of animal protein for household diets.
This bulletin therefore, is intended to provide useful information on the
various aspects of duck production, create awareness and thus motivate
Nigerian poultry farmers to get more involved into duck raising ventures for
eggs, meat and profit.
 My sincere appreciation goes to all the Scientists, Researchers,
Scholars whose work was consulted and all the staff of NAERLS for the
contributions in making this Bulletin a success.",Duck Production in Nigeria,https://naerls.gov.ng/wp-content/uploads/2022/11/Duck-Production-in-Nigeria.pdf,2,official_naerls_bulletin
naerls_0205,livestock_fisheries_or_specialty_crop,Duck Production in Nigeria,duck production nigeria contents page acknowledgment introduction common ducks varieties raising systems integrated fish snail breeding housing equipment feeding health care carcass processing product utilization marketing records summary management practices glossary words bibliography,"CONTENTS Page
Acknowledgment...................................................... i
Contents.................................................................... ii
Introduction ........................................................... 1
Common Ducks varieties in Nigeria....................... 3
Duck Raising Systems in Nigeria............................ 7
Integrated Duck-fish-snail Production..................... 9
Duck Breeding .................................................... 11
Housing and Equipment ........................................... 16
 Feeding ................................................................... 18
.Health Care of Ducks ............................................. 23
Duck Carcass Processing and Product Utilization ............... 26
 Duck Marketing ........................................................ 28
Duck Production Records ........................................... 29
Summary of Duck Management Practices ..................... 32
Glossary of Words ........................................................ 33
Bibliography ................................................................. 34",Duck Production in Nigeria,https://naerls.gov.ng/wp-content/uploads/2022/11/Duck-Production-in-Nigeria.pdf,3,official_naerls_bulletin
naerls_0206,livestock_fisheries_or_specialty_crop,Duck Production in Nigeria,duck production nigeria introduction domestic ducks water fowls they raised mainly regions high rainfall deltas riverine areas coastal districts tropics number advanced countries temperate climates keep commercial quantities local free range along side chickens even though hardier resistant diseases environmental hazards fewer than due basically,"INTRODUCTION
 The domestic ducks are water-fowls. They are raised mainly in
regions of high rainfall, deltas, riverine areas and coastal districts of the
tropics. A number of advanced countries in temperate climates also keep
ducks in commercial quantities. In Nigeria, local ducks are raised on free range along side with the
domestic chickens. Even though ducks are hardier and more resistant to
diseases and environmental hazards they are fewer than the chickens due
basically to cultural beliefs which tend to portray ducks as mystique birds.
However, development in research and technology has increasingly
eliminated these cultural barriers and enhanced productivity of the birds.
Nigeria can thus take advantage of the economic and nutritional benefits of
ducks to improve on the short fall in the animal protein supply in family diets.",Duck Production in Nigeria,https://naerls.gov.ng/wp-content/uploads/2022/11/Duck-Production-in-Nigeria.pdf,4,official_naerls_bulletin
naerls_0207,livestock_fisheries_or_specialty_crop,Duck Production in Nigeria,duck production nigeria ducks mini livestock raising them does require elaborate houses they little space sheltered simple sheds night let loose during day rarely affected common disease problems prevalent among chickens hardier resistant environmental hazards therefore better scavenger birds developing countries like,"1 Ducks are mini-livestock and raising them does not require elaborate
 houses. They require little space and can be sheltered in simple sheds
 at night and let loose during the day.
2. Ducks are rarely affected by the common disease problems prevalent
 among chickens. They are hardier and more resistant to
 environmental hazards, therefore, better as scavenger birds in
 developing countries like Nigeria.",Duck Production in Nigeria,https://naerls.gov.ng/wp-content/uploads/2022/11/Duck-Production-in-Nigeria.pdf,4,official_naerls_bulletin
naerls_0208,livestock_fisheries_or_specialty_crop,Duck Production in Nigeria,duck production nigeria table meat quantities versus chicken quality local broiler appearance juiciness tenderness flavor overall source oluyemi ologhobo ducks able digest fibre protein food relatively efficiently than chickens advantage considering recent emphasis non conventional feedstuffs bring down cost feed inputs poultry industry integrated farming,"Table1: Meat quantities of duck versus chicken
 Meat Quality Duck Local Chicken Broiler
 Appearance 7.2 8.2 6.5
 Juiciness 6.8 7.2 8.7
 Tenderness 6.3 5.6 8.5
 Flavor 8.2 8.8 6.9
 Overall* 9.0 9.5 7.1
Source: Oluyemi and Ologhobo (1997)
4. Ducks are able to digest fibre and protein food relatively more
 efficiently than chickens. This is an advantage considering recent
 emphasis on non-conventional feedstuffs to bring down cost of feed-
 inputs in the poultry Industry.
5. Integrated farming system is very feasible with duck raising e.g.
 Duck-fish-snail farming and Duck-swampy rice production.
6. Duck keeping requires little labour since their eggs are laid at night or
 early in the morning. The eggs can be collected in the morning before
 leaving the ducks loose on free- range during the day.
7. Profitable small backyard poultry project is more feasible with ducks
 than with chickens, because ducks have longer productive (egg laying)
 period . Generally, the farmer needs only to replace the laying flock
 twice every three years. While for optimum egg production, chickens
 require stock replacement after every one season of lay",Duck Production in Nigeria,https://naerls.gov.ng/wp-content/uploads/2022/11/Duck-Production-in-Nigeria.pdf,5,official_naerls_bulletin
naerls_0209,livestock_fisheries_or_specialty_crop,Duck Production in Nigeria,duck production nigeria common varieties there many breeds raised countries world kept both ornamental domestic reasons small farmer mainly concerned getting meat eggs his ducks most popular found include muscovy variety believed originated central america,"COMMON DUCK VARIETIES IN NIGERIA.
 There are many duck breeds raised in countries of the world, kept both
for ornamental and domestic reasons. But the small farmer is mainly
concerned with getting meat and eggs from his ducks. The most popular
varieties of ducks found common in Nigeria, include:
 1. The Muscovy Duck
The Muscovy duck is the most popular variety in Nigeria. The duck is
believed to have originated in Central America.",Duck Production in Nigeria,https://naerls.gov.ng/wp-content/uploads/2022/11/Duck-Production-in-Nigeria.pdf,5,official_naerls_bulletin
naerls_0210,livestock_fisheries_or_specialty_crop,Duck Production in Nigeria,duck production nigeria due fact raising still well developed country variety most commonly kept free range backyard level plumage could black white combination both colours muscovy may easily recognised fleshy out growths red colour found round eyes beaks see figure below popular high adaptation scavenging,"Due to the fact that duck raising is still not well developed in this country, the
variety is most commonly kept on free-range and at backyard level. The
plumage could be black, white or a combination of both colours. Muscovy
may be easily recognised by the fleshy out growths, red in colour, found round
the eyes and beaks. See figure.1 below.. Muscovy duck is popular due to the high adaptation to scavenging
conditions. They are excellent mothers and good egg sitters. Muscovy ducks
are able to hatch and care for an average of 30 ducklings (young ducks)
annually per bird. The egg weighs between 55-60gm each
 Under the scavenging conditions the duck can lay between 60-80 eggs
per year and about 100-125 per bird per year on modern farms. As scavengers,
the adult female weighs 1.5kg while the male weighs 2.2.kg. The Muscovy is
recommended for the Nigerian poultry farmers purely for its readiness to hatch
not only its own eggs but also any other egg set under it. The muscovy duck
makes a good, if rather gamey, table bird. However, they are great fliers and it
may be necessary to clip their wings. They are found numerous in the
Southern States along the coastal part of Nigeria. The qualities of the
Muscovy duck makes it easy to be the water fowl of choice for Nigerian
poultry farmers and it is recommended..",Duck Production in Nigeria,https://naerls.gov.ng/wp-content/uploads/2022/11/Duck-Production-in-Nigeria.pdf,6,official_naerls_bulletin
naerls_0211,livestock_fisheries_or_specialty_crop,Duck Production in Nigeria,duck production nigeria campbell variety found some modern government research farms nigerian fig most popular egg type parts world average size compact posture than muscovy eggs fairly large thick shelled weigh each ducks valued meat matured male bird weighs less female free range known produce,"2 The Campbell
 This variety is also found on some modern and Government/Research
 farms in Nigerian. The Campbell (fig 2) is the most popular egg type
 variety in most parts of the world. The duck is of the average size and
 more compact in posture than the Muscovy. Eggs from Campbell duck are fairly large, thick shelled and weigh
about 60-70gm each. The ducks are not valued for their meat. The matured
male bird weighs less than 2kg and the female about 1kg on free range.
Campbell is known to produce up to 300 eggs a year per bird if properly fed
and housed on modern farms. The appearance of the bird is AKhaki@Coloured
and therefore, the name Khaki Campbell duck.",Duck Production in Nigeria,https://naerls.gov.ng/wp-content/uploads/2022/11/Duck-Production-in-Nigeria.pdf,7,official_naerls_bulletin
naerls_0212,livestock_fisheries_or_specialty_crop,Duck Production in Nigeria,duck production nigeria aylesbury variety dominated table trade britain years until recently when ousted welsh harlequin later strains pekin lay eggs year snow white heavy bird weighing fully matured indian runner breed originated malaya introduced egg type one most widely kept before khaki campbell average,"S Aylesbury - This variety dominated the table duck trade in Britain for
 years, until recently when it was ousted by the Welsh Harlequin duck
 and later by strains of pekin. Aylesbury duck can lay up to 100 eggs a
 year. It is a snow-white, heavy bird weighing up to 4.5kg when fully
 matured.
S Indian Runner: The breed Originated from Malaya and was
 introduced to Britain as egg type duck. It was one of the most widely
 kept before being ousted by Khaki Campbell. The bird can lay an
 average of 180 eggs a year and are easily recognised by their
 characteristic upright stance. See figure 3a, b & c )",Duck Production in Nigeria,https://naerls.gov.ng/wp-content/uploads/2022/11/Duck-Production-in-Nigeria.pdf,8,official_naerls_bulletin
naerls_0213,livestock_fisheries_or_specialty_crop,Duck Production in Nigeria,duck production nigeria raising systems common husbandry scavenging free range system predominant form developing countries traditional method rearing which accounts majority raised flocks comprise ducks allowed over part village area return home yard evenings own accord cheap requires little investment minimum management special housing other,"DUCK RAISING SYSTEMS IN NIGERIA
The common systems of duck husbandry in Nigeria are:
Scavenging (Free-range) System
 The scavenging system of duck production is the predominant form
of duck husbandry in developing countries. It is the traditional method of
rearing which accounts for the majority of duck raised. Under this system,
flocks comprise of 5 to 20 ducks which are allowed to free- range over part of
the village area. The ducks return to home yard in the evenings of their own
accord. The system is cheap as it requires little investment and requires
minimum management No special housing other than for night shelter is
required and there is minimum disease control. Supplementary feed such as
kitchen wastes, by products (e.g. rice bran), fish, water snails, etc are usually
supplied, to the scavenger ducks (fig 4).",Duck Production in Nigeria,https://naerls.gov.ng/wp-content/uploads/2022/11/Duck-Production-in-Nigeria.pdf,9,official_naerls_bulletin
naerls_0214,livestock_fisheries_or_specialty_crop,Duck Production in Nigeria,duck production nigeria method providing supplementary feeding makes ducks come hack home daily farmer local breed predominate scavenging system however disadvantages numerous mortality high due toxins decaying flesh insecticides snakes productivity low uncontrolled breeding erratic supply food dry areas lack water becomes serious problem free,"This method of providing supplementary feeding makes the ducks
come hack home daily to the farmer. The local breed of ducks predominate
the scavenging system of production. However, the disadvantages of this
system are numerous. Mortality is high due to toxins from decaying flesh or
insecticides and snakes Productivity is low due to uncontrolled breeding and
erratic supply of food. In dry areas, lack of water becomes a serious problem
to duck production. The free-range system of duck husbandry is of major
interest in developing countries like Nigeria, not only as an important
production system of the moment but because they provide an appropriate
context in which to evaluate the potential of the local breeds. Other systems
which are used in raising ducks include:",Duck Production in Nigeria,https://naerls.gov.ng/wp-content/uploads/2022/11/Duck-Production-in-Nigeria.pdf,10,official_naerls_bulletin
naerls_0215,livestock_fisheries_or_specialty_crop,Duck Production in Nigeria,duck production nigeria east asia system entails allowing ducks forage during day time normally housed lay eggs night straw yards much advantage recommend particularly fattening table which need access water swimming house opens area fenced off kept covered layer clean dry advisable planks along bottom,"East Asia. The system entails allowing ducks to forage during the day
time and are normally housed to lay eggs at night. The Straw Yards
 This system of production has much advantage to recommend it,
particularly for fattening table ducks which do not need access to water for
swimming. A house opens into an area which is fenced off, and this is kept
covered with a layer of clean, dry straw. It is advisable to have planks along
the bottom of the netting, to stop the straw spilling out beyond the run.
 The system naturally depends on a cheap source of straw, which is
regularly added as the existing straw becomes spoiled. The whole lot is
periodically removable excellent source of compost. See figure 5",Duck Production in Nigeria,https://naerls.gov.ng/wp-content/uploads/2022/11/Duck-Production-in-Nigeria.pdf,11,official_naerls_bulletin
naerls_0216,livestock_fisheries_or_specialty_crop,Duck Production in Nigeria,duck production nigeria figure straw yard raising ducks indoors intensive common practice commercial modern advanced countries floor rearing house partly covered litter wooden slats wire mesh renewed daily which makes considerable work expense farmer density should exceed per square meter,"Figure. 5: Duck Straw Yard
Raising Ducks indoors (Intensive)
This is a common practice in commercial (modern) duck production in
advanced countries. The floor of the rearing house is partly covered with litter
and partly with wooden slats or wire mesh. The litter is renewed daily which
makes a considerable work and expense for the farmer. The density of the
ducks should not exceed 6-8 per square meter.",Duck Production in Nigeria,https://naerls.gov.ng/wp-content/uploads/2022/11/Duck-Production-in-Nigeria.pdf,11,official_naerls_bulletin
naerls_0217,livestock_fisheries_or_specialty_crop,Duck Production in Nigeria,duck production nigeria integrated fish snail involves building house side extending over water pond fig could built before letting farming ducks make surface adequate food found shallow part open serves rearing while excreta spread wave action body thrive droppings advantage high nitrogenous phosphorus organic compounds,"Integrated Duck-Fish-Snail Production
This involves the building of a duck house on the side and extending over the
water of the fish-snail pond (fig 6). The duck house could be built before or
after letting water into the pond. In this integrated farming, the ducks make
use of the pond water surface and the adequate food found in the shallow part
of the pond. The open pond serves as rearing surface for ducks while their
excreta could be spread by wave action into the body of water.
The fish and the snail thrive on the droppings of ducks. The advantage of
duck excreta is that it has high nitrogenous, phosphorus and organic
compounds which are suitable for primary production in ponds. Ducks also
control aquatic vegetation by digging the bottom of shallow water and
consuming the aquatic vegetables. The digging action also helps in stirring up
nutrients concealed in mud thereby releasing them and increasing primary
productivity. Food distributed to fish could also serve the ducks and the
unconsumed ones will obviously sink into the bottom of the pond. Ducks also
feed on the snails (fig 6) resulting in a food chain as shown in Fig 6b below:",Duck Production in Nigeria,https://naerls.gov.ng/wp-content/uploads/2022/11/Duck-Production-in-Nigeria.pdf,12,official_naerls_bulletin
naerls_0218,livestock_fisheries_or_specialty_crop,Duck Production in Nigeria,duck production nigeria pond area sqm ducks sufficient feed fish snail house number could made floor which should wooden slats breeding selection stock one first decisions any programme purposes done early week again months before placing breeders pens month all healthy show well developed bodies,"For a pond area of 50sqm about 12-15 ducks are sufficient to feed the
fish/snail in the pond. The duck house for this number of ducks could be made
of a floor with an area of 4sqm which should be made of wooden slats. DUCK BREEDING
i. Selection of Breeding stock:
Selection of breeding stock is one of the first decisions to be made in any
breeding programme. The selection of ducks for breeding purposes should be
done as early as the 8th week and again at the 4th and 5th months before
placing the breeders in the breeding pens. By the 5th month all healthy ducks
should show well developed bodies. Selection criteria usually include: body
size, posture, feather, colour, bill shape and also the drakes should be the same
age as the females or even a month older. They should be raised separately
from the females and put together only when they are ready for matmg.
Stock Selection: Buy breeding stock from reliable duck raisers in your
locality. It is adviceable to start with day-old ducklings. But be sure to buy
those birds which have the following characteristics:
 a. Steady Legs
 b. Alert eyes
 c. Healthy looking down feathers
 d. No physical defects
Do not buy ducklings which seem to be “sleepy.” If the requirement for
ducklings is for egg production, try to purchase from a farmer who has good
egg production record from his flocks.",Duck Production in Nigeria,https://naerls.gov.ng/wp-content/uploads/2022/11/Duck-Production-in-Nigeria.pdf,13,official_naerls_bulletin
naerls_0219,livestock_fisheries_or_specialty_crop,Duck Production in Nigeria,duck production nigeria easily done carefully holding duckling gently firmly expose vent finger thumb other hand push back either side extended opened male bird penis will seen small organ which looks like point ball pen attached inside top event see illustration shown fig below figure,"This is easily done by carefully holding the duckling gently but firmly, so as to
expose the vent. With the finger and thumb of the other hand, push back gently
on either side, so that the vent is extended and opened. In a male bird, the
penis will be seen as a small organ (which looks like a point of a ball
pen) attached to the inside top of the event. See illustration as shown in
Fig 7 below. Figure 7: Duck sexing
iii. Mating Ducks
Local duck raisers generally allow one male to every six laying ducks. With
this ratio, a high percentage of fertility is obtained in the eggs produced.
Experiment has reported that the more laying ducks are exposed to drakes
beyond ten, the lower the fertility of the eggs obtained. Eggs produced up to
the forth day after the removal of the drakes from the breeding pens may be
considered fertile to a profitable degree. The ratio of male to females depends
on the purpose of keeping ducks and the availability of the males. However,
farmers commonly keep one drake to about 10-12 females, in commercial
duck production. Ducks will mate both on land and in water usually after the
head bob bing or nodding.",Duck Production in Nigeria,https://naerls.gov.ng/wp-content/uploads/2022/11/Duck-Production-in-Nigeria.pdf,14,official_naerls_bulletin
naerls_0220,livestock_fisheries_or_specialty_crop,Duck Production in Nigeria,duck production nigeria egg hatching ducks lay eggs night early morning therefore advisable gather immediately releasing layers feeding still laying should allowed continue which could collected later modem strains produce many productive hen giving flock average excess per year they start weeks age local breeds,"Iv. Egg Production and Hatching
 Ducks lay eggs at night and early in the morning. It is therefore,
 advisable to gather the eggs immediately after releasing the layers for
 early morning feeding. The ducks that are still laying should be
 allowed to continue which could be collected later.
 Modem ducks of egg laying strains can produce as many eggs as
 productive laying hen, giving flock average in excess of 270 eggs per
 year. They start to lay at about 18 weeks of age. The local breeds can
 only produce about 60-80 eggs per bird per year. At the backyard
 farms local materials such as empty cartons could be provided as egg
 nests. Such nest should be placed in secluded place to avoid
 disturbance to the laying duck.
 Under the :tree range system of production the reproductive cycle of
 duck comprises of 3 phases:
 a. Laying phase: 15 days
 b. Incubation phase 28-30 days
 c. Brooding phase 60.65 days",Duck Production in Nigeria,https://naerls.gov.ng/wp-content/uploads/2022/11/Duck-Production-in-Nigeria.pdf,15,official_naerls_bulletin
naerls_0221,livestock_fisheries_or_specialty_crop,Duck Production in Nigeria,duck production nigeria egg hatching backyard level mother could hatched broody hens however commercial fertile eggs farmer must sure come trom mated birds select far defects set shells cracked thin porous dirty detected inspection listening sound emitted when gently tapped finger distinct resonant heard good,"Duck Egg Hatching
 Egg hatching at the backyard level is by the use of mother duck or
 could be hatched under broody hens. However, for commercial
 hatching of fertile eggs the farmer must be sure the eggs come :trom
 mated birds, and to select those eggs that are far from defects. Do not
 set eggs with shells that are cracked, thin porous or dirty. Thin, porous
 eggs or cracked shells can be detected by inspection or by listening to
 the sound emitted when the egg is gently tapped with the finger. A
 distinct resonant sound is heard from good shells, a dull and hollow
 sound is heard from defective shells which seldom hatch. They are
 usually not :tree :trom
 - bacterial or fungal infection which may contaminate other good
 eggs. The incubation period for duck egg is about 28 days.",Duck Production in Nigeria,https://naerls.gov.ng/wp-content/uploads/2022/11/Duck-Production-in-Nigeria.pdf,15,official_naerls_bulletin
naerls_0222,livestock_fisheries_or_specialty_crop,Duck Production in Nigeria,duck production nigeria brooding ducklings process providing outside heat intensive care assist them maintaining body temperature healthy growth most critical period life duckling first weeks during time any slight disturbance would cause stampede around comer resulting death weaker ones therefore important approach extra there two,"BROODING DUCKLINGS
 Brooding is the process of providing ducklings with outside heat
and intensive care to assist them in maintaining their body temperature and
healthy growth.
 The most critical period in the life of duckling is the first 3 weeks.
During this time, any slight disturbance would cause them to stampede
around in a comer resulting in the death of the weaker ones. h is therefore,
important to approach them wi1h extra care during brooding. There are two
methods of brooding; Natural Brooding
 This is the oldest and traditional method where the mother duck or
Muscovy duck are used to furnish from their bodies the additional heat
needed by the ducklings this method is rarely used in the commercial sale
production and it is most practical for the backyard duck producer. (Figure 8)",Duck Production in Nigeria,https://naerls.gov.ng/wp-content/uploads/2022/11/Duck-Production-in-Nigeria.pdf,16,official_naerls_bulletin
naerls_0223,livestock_fisheries_or_specialty_crop,Duck Production in Nigeria,duck production nigeria ducklings done out mother muscovy artificial brooder instead egg type ducks like khaki campbell indian runner non sitters poormothers hus necessary brooded artificially while brood most only brooders hundreds time today there many types they vary depending design fuel supply heat size,"ducklings is done with out the mother duck or Muscovy duck
Artificial brooder are used instead. The egg type ducks like the khaki
Campbell and the Indian Runner are non sitters and poormothers,1hus it is
necessary for the ducklings to be brooded artificially. While a Muscovy duck
can brood at most only about 15 ducklings, artificial brooders can be used for
hundreds of ducklings at a time. Today, there are many types of artificial
brooders. They vary depending on design, fuel used to supply heat and size.
Some brooders can accommodate 50 ducklings while o1hers can brood as
many as several thousands at a time (fig 9 a & b)",Duck Production in Nigeria,https://naerls.gov.ng/wp-content/uploads/2022/11/Duck-Production-in-Nigeria.pdf,17,official_naerls_bulletin
naerls_0224,livestock_fisheries_or_specialty_crop,Duck Production in Nigeria,duck production nigeria simple shed type house brooder should protect ducklings predators proper ventilation essential brooding however does mean exposing rains strong winds when temperature first week second third succeeding weeks behaviours good indicator whether right they huddle close together low scatter spread out too,"A simple - shed type house can be used as brooder house. The house
should protect the ducklings from predators. Also proper ventilation is
essential in brooding, however, this does not mean exposing ducklings to
rains and strong winds.
 When brooding ducklings, the temperature should be 34°c in the first
week,21 °c in the second week 16°c in the third week and 14°c in the
succeeding weeks. The behaviours of the ducklings is a good indicator of
whether the brooding temperature is right. They huddle close together when
the temperature is low and scatter or spread out when it is too hot. Adequate
space should be provided in the brooder for this behaviour as in table 2 below.",Duck Production in Nigeria,https://naerls.gov.ng/wp-content/uploads/2022/11/Duck-Production-in-Nigeria.pdf,17,official_naerls_bulletin
naerls_0225,livestock_fisheries_or_specialty_crop,Duck Production in Nigeria,duck production nigeria bousing equipments like any other form livestock kept will only give best adequately sheltered during resting time needs dry place bird ducks strong wind nor they cope too much hot sun shady therefore necessary basic housing requirements thus protection against rain adequate,"DUCK BOUSING AND EQUIPMENTS
 Duck like any other form of livestock that are kept for production will
only give its best if it is adequately sheltered. During resting time the duck
needs a dry, sheltered resting place like any other bird. Ducks do not like
strong wind, nor can they cope with too much hot sun. A sheltered, shady
place is therefore necessary. The basic housing requirements are thus
protection against wind, rain and sun; adequate ventilation and a dry bed.
 The dimensions of the house itself will depend on how many ducks
are to be housed. A house which is O.75cm high will serve since perches are
not needed. The roof itself will need to slope backwards away from the front,
and to have an overhang of at least O.6m. The floor area should provide a
minimum of O.15sqm for each bird. Rammed earth floors are suitable, but
must be rat-proof The floors should be covered with a thick layer of straw or
wood shavings which must be clean, dry and hygienic. As much as possible
readily available local materials should be used for duck housing, as
illustrated in fig. 10 .
 The door into the duck house should be ofO.6m wide to allow for the
traffic jam that usually ensues when the ducks are let out in the mornings,
especially that ducks are vulnerable to leg injuries. Windows also should be
high enough to prevent ducks from seeing outside since sudden movements
or disturbance can cause them to panic and trample on each other. Adequate
ventilation should be ensured in the duck house while the birds must not be
exposed to droughts.",Duck Production in Nigeria,https://naerls.gov.ng/wp-content/uploads/2022/11/Duck-Production-in-Nigeria.pdf,18,official_naerls_bulletin
naerls_0226,livestock_fisheries_or_specialty_crop,Duck Production in Nigeria,duck production nigeria ducks should housed groups based age facilitate management avoid quarrels common among different ages old tend bully out young ones feeding troughs equipment following items required rearing egg nests naturally make temporary litter however clean eggs simple communal provided along wall particularly,"Ducks should be housed in groups based on age to facilitate
management and to avoid the quarrels common among ducks of different
ages. Old ducks tend to bully out young ones from the feeding troughs. Equipment
 The following items of equipment are required in rearing ducks:
Egg Nests: Naturally ducks make temporary egg nests in the litter, however,
 for clean eggs, simple communal nests should be provided along the
 wall. This is particularly important for Mus-covy ducks
Waterers The standard for watering troughs are nearly the same as those
 for chickens. It is better to place watering troughs above wire flooring
 to prevent the floor becoming wet. It is important that waer be made
 available at all times. Waterers should be near the feeders as the ducks
 have the habit of gulping the feed and running to the waterers to wash
 the feed diwn their crop.",Duck Production in Nigeria,https://naerls.gov.ng/wp-content/uploads/2022/11/Duck-Production-in-Nigeria.pdf,19,official_naerls_bulletin
naerls_0227,livestock_fisheries_or_specialty_crop,Duck Production in Nigeria,duck production nigeria feeds feeding raising very important free range system birds reared minimal attention farmer respect what ducks eat scavenging feed grasses seeds insects access pond which provide them natural food form slung water fleas etc general rule benefit better than chickens relatively energy,"FEEDS AND FEEDING
In duck raising, feeding is very important. Under the free-range system, birds
are reared with minimal attention by the farmer with respect to what the ducks
eat. The scavenging ducks feed on grasses, seeds, insects and have access to
pond which provide them with natural food in the form of slung water fleas
etc. As a general rule the ducks benefit better than the chickens from a
relatively energy-poor and cellulose-rich diet. Ducks on free-range are able to
balance their nutrients intake, since they are not restricted in movement. But
under confinement, the farmer must provide the birds with balance feed for
enhanced production. The constituents offeeds that are needed by ducks are
called nutrients. These consists of water, carbohydrates, protein, minerals and
vitamins. Table 3 below provides information about feedstuffs that can
furnish the nutrients mentioned above.",Duck Production in Nigeria,https://naerls.gov.ng/wp-content/uploads/2022/11/Duck-Production-in-Nigeria.pdf,20,official_naerls_bulletin
naerls_0228,livestock_fisheries_or_specialty_crop,Duck Production in Nigeria,duck production nigeria nutrients growth reproduction weeks above laying kcaj crode protein lysine methionine cystine calcium pbosphoms very rapid within first life feed conversion ratios low beyond age consumption increase rapidly ducks eat than chickens depending size adult will consume day better twice give them,"Nutrients Growth Reproduction
 0-4 Weeks Above 4 Weeks Laying
ME(KCaJ/kg) 2800 2800 2700
Crode Protein % 19.0 17.0 15.0
Lysine 1.0 0.8 0.65
Methionine % 0.5 0.45 0.35
Methionine + Cystine % 0.9 0.8 0.6
Calcium 0.8 0.9 2.5
Pbosphoms 0.4 0.45 0.5 Growth is very rapid in the duck within the first weeks of its life and
feed conversion ratios are low. Beyond this age, feed consumption and feed
conversion ratios increase rapidly.
 Ducks eat more than chickens and, depending on its size, an adult
duck will consume between 170-200gm of feed a day. It is better to feed
ducks twice a day than to give them all the feed at the same time. The most
convenient times are when they are let out of the house in the morning hours
and when they come back home in the evening for night shelter. One way to
estimate whether the ducks are getting enough is to observe if there is any
feed left over after twenty minutes of feeding. If there is, then you are
probably providing too much. Ducks have the tendency to transfer feed to
their waterers, which may help them to swallow in the case of mash feed. This
can lead to wastage and to ensure prevention, place the feeders and waters
some 60 -70cm apart.",Duck Production in Nigeria,https://naerls.gov.ng/wp-content/uploads/2022/11/Duck-Production-in-Nigeria.pdf,22,official_naerls_bulletin
naerls_0229,livestock_fisheries_or_specialty_crop,Duck Production in Nigeria,duck production nigeria ducklings day old fed moistened cracked maize guinea com times weeks starting include ground soyabean cake groundnut diet increase quantity grow older sure provide clean water troughs daily commercial feed concentrate too expensive often time available therefore recommended backyard farmers however following,"Ducklings from day-old can be fed with moistened cracked maize or
guinea com 4 to 5 times in a day for 3 weeks. Starting from the 5th day include
ground soyabean cake or groundnut cake in the diet. Increase the quantity of
this diet as the ducklings grow older. Be sure to provide clean water in their
troughs daily. Commercial feed concentrate are too expensive and often time
not available and therefore, not recommended for the backyard duck farmers.
However, the following feed formular from available local ingredients are
suggested (Table 5 ) as multi-purpose duck diets. Table 5: Suggested All-Purpose Duck Rations.
 Ingredients Growers Layers
 Ration Ration
 Coarsely Ground Maize/Guinea Com 30 25
 Soyabean Cake/GNC 22 20
 Rice Bran/Maize Offal 40 45
 Greens 1.5 3.0
 Blood Meal 3.0 2.0
 Bone Meal 3.0 2.5
 Limestone - 2.0
 Salt 0.5 0.5
 100 100",Duck Production in Nigeria,https://naerls.gov.ng/wp-content/uploads/2022/11/Duck-Production-in-Nigeria.pdf,23,official_naerls_bulletin
naerls_0230,livestock_fisheries_or_specialty_crop,Duck Production in Nigeria,duck production nigeria health care ducks always better prevent disease than cure principle holds generally speaking raised small numbers isolation relatively resistant hardy common poultry diseases where large concentrated particularly intensive system could serious problem lack proper management nutritional inadequacy usually causes signs watch,"HEALTH CARE OF DUCKS
 It is always better to prevent a disease than to cure it. This principle
holds also for ducks . Generally speaking, ducks raised in small numbers and
in isolation, are relatively resistant and hardy to the common poultry diseases.
But where large numbers of ducks are concentrated, particularly under
intensive system, diseases could be a serious problem. Lack of proper
management and nutritional inadequacy are usually the causes.
Health Signs to Watch.",Duck Production in Nigeria,https://naerls.gov.ng/wp-content/uploads/2022/11/Duck-Production-in-Nigeria.pdf,23,official_naerls_bulletin
naerls_0231,livestock_fisheries_or_specialty_crop,Duck Production in Nigeria,duck production nigeria healthy normally alert curious interested food upright stance any standing isolation drooping position huddled feathers should culled flock without delay always attend ducks before sick ones prevent disease transfer during daily routine management activities some common diseases health problems highlighted below,"A healthy duck is normally alert, curious, interested in its food and with
an upright stance. Any duck standing in isolation, drooping position or
huddled up into its feathers should be culled from the flock without delay.
Always attend to the healthy ducks before the sick ones to prevent disease
transfer, during daily routine management activities.
 Some of the common diseases and health problems of ducks in Nigeria
are as highlighted below:",Duck Production in Nigeria,https://naerls.gov.ng/wp-content/uploads/2022/11/Duck-Production-in-Nigeria.pdf,24,official_naerls_bulletin
naerls_0232,livestock_fisheries_or_specialty_crop,Duck Production in Nigeria,duck production nigeria botulism limber neck disease condition ducks where birds lose control muscles caused bacteria found decaying organic matters common other water fowls than poultry because tendency dabble mud dirty farmers advised remove vegetation animal carcass vicinity maintain high standard sanitation salmonellosis destructive ducklings,"1. Botulism (Limber Neck)
 This is a disease condition in ducks where the birds lose control of their
 neck muscles. It is caused by bacteria found in decaying organic
 matters. It is more common in ducks and other water fowls, than in
 other poultry birds because of their tendency to dabble in mud and dirty
 water. Farmers are advised to remove decaying vegetation and animal
 carcass from the vicinity of duck and to maintain a high standard of
 sanitation.
2. Salmonellosis
 This is a destructive disease of ducklings also called keel disease. It is
 caused by bacteria - Salmonella spp. Affected ducklings collapse
 suddenly and also, causes death of embryo during incubation. Strict
 sanitary measures should be observed during egg laying, incubation
 and hatching. Antibacterial agents can help to prevent mortality of
 sucklings.
3. Duck Virus Hepatitis
 This is a highly contagious and fatal viral disease of ducklings. The
 first indication is when their movements are seen to be uneven and
 wobbly. They then quickly succumb and die. There is no cure, but
 immunization of breeder ducks with preventive vaccine is advised.",Duck Production in Nigeria,https://naerls.gov.ng/wp-content/uploads/2022/11/Duck-Production-in-Nigeria.pdf,24,official_naerls_bulletin
naerls_0233,livestock_fisheries_or_specialty_crop,Duck Production in Nigeria,duck production nigeria condition ducks where wings hang down lower than normal resting position fig occurs result muscular weakness slipped wing variation same flight feathers stick out right angles both conditions harmless appear cause any distress parasites water fowls external such lice mites ticks which,"This is a condition in ducks where the wings hang down lower than
 normal in its resting position fig 10. It occurs as a result of muscular
 weakness. Slipped wing is a variation of the same condition, where
 the flight feathers stick out at right angles. Both conditions are
 harmless and do not appear to cause any distress. 5. Parasites
 Ducks are water fowls, as a result external parasites such as lice, mites
 and ticks which burrow into the skin of most domestic birds and suck
 blood are not serious problems. However, internal parasites such as
 round worms, tape worms, thread worms are common and could pose
 serious problem to human who consume such infested duck meat. The
 affected ducks loose weight, loose appetite and are listless: They
 become infested by eating up eggs of the parasites from human feces,
 contaminated water and feed .",Duck Production in Nigeria,https://naerls.gov.ng/wp-content/uploads/2022/11/Duck-Production-in-Nigeria.pdf,25,official_naerls_bulletin
naerls_0234,livestock_fisheries_or_specialty_crop,Duck Production in Nigeria,duck production nigeria should purchased local veterinary store administration prevent ducks contaminated water feeds carcass processing product utilization killing slaughter recommended all earmarked starved feed hours ensure ease cleaning during evisceration slaughtered severing jugular vein cutting just below hind brain throat kill immediately cause excessive,"should purchased from local veterinary store for administration. Also,
 prevent the ducks from contaminated water and feeds. DUCK CARCASS PROCESSING AND PRODUCT UTILIZATION
 Killing: To slaughter ducks, it is recommended that all those
 earmarked for killing should be starved of feed for 24 hours. This is to
 ensure the ease of cleaning during evisceration. The duck is
 slaughtered by severing the jugular vein and cutting it just below the
 hind brain at the throat. Cutting to kill should be immediately and
 should cause no excessive suffering to the fowl as shown in figure 12
 below:. Feather Plucking.
 Feather removal (Plucking) is more difficult with the duck than with
chickens and should be done immediately after killing before the carcass gets
cold. An easy way to quickly remove feathers is by the method of dry plucking
the wings and tail, then the carcass is dipped into hot water (60 c) to penetrate
 o",Duck Production in Nigeria,https://naerls.gov.ng/wp-content/uploads/2022/11/Duck-Production-in-Nigeria.pdf,26,official_naerls_bulletin
naerls_0235,livestock_fisheries_or_specialty_crop,Duck Production in Nigeria,duck production nigeria removing gut evisceration removal contents done slaughtering plucking cutting open neck muscles close body leaving flap skin hole crop removed along gizzard lungs heart liver rear carcass intestine then cut out off meat next stage pieces household first leg sinews drawing them,"Removing the gut:
 Evisceration or removal of the gut contents in duck is done after
slaughtering and plucking. This is done by cutting open the neck muscles
close to the body leaving a flap of skin to close the hole. Through this hole,
the crop is removed along with gizzard, lungs, heart and liver through the rear
of the carcass. The intestine can then be cut out off the body.
Meat:
 After evisceration of duck carcass, the next stage is cutting of the
carcass into meat pieces for household use. This is done by first removing the
leg sinews and drawing them out from the legs. Then cut out the legs off from
below the knee joint. Also the wings and head are removed from the body.
The carcass can then be pieced into standard meat cuts as shown in Figure 13
below:",Duck Production in Nigeria,https://naerls.gov.ng/wp-content/uploads/2022/11/Duck-Production-in-Nigeria.pdf,27,official_naerls_bulletin
naerls_0236,livestock_fisheries_or_specialty_crop,Duck Production in Nigeria,duck production nigeria fig carcass cuts these standard further pieced smaller sizes according needs family meat pieces then made many nigerian dishes high delicacies frying roasting boiling very nutritious highly cherished stews soup etc eggs ducks all things hen would normally taste does differ noticed,"Fig 13 Duck Carcass Cuts
 These standard cuts can further be pieced in smaller sizes according to
the needs of the family. These meat pieces can then be made used of into many
Nigerian dishes of high delicacies by frying, roasting and boiling. Duck meat
is very nutritious and highly cherished in stews, soup, etc.
Use of Duck Eggs
 Eggs from ducks can be used for all the things that hen=s eggs would
normally be used for. The taste does not differ from that of the noticed,",Duck Production in Nigeria,https://naerls.gov.ng/wp-content/uploads/2022/11/Duck-Production-in-Nigeria.pdf,27,official_naerls_bulletin
naerls_0237,livestock_fisheries_or_specialty_crop,Duck Production in Nigeria,duck production nigeria recommended anthelmintics hen eggs egg white tends elastic reason why number people prefer keep cooking rather than eat them they marketing selling ducks organized market birds commonly sold open markets villages along major streets urban centers hawkers figure small unit price makes,"recommended anthelmintics hen=s eggs, but the egg white tends to be
 more elastic. This is the reason why a number of people prefer to keep
 duck eggs for cooking, rather than to eat them as they are. DUCK MARKETING
 Selling of ducks is not an organized market in Nigeria. The birds are
commonly sold at the open markets in villages and along major streets in
Urban Centers by hawkers (figure14). The small Unit price of duck makes
acquisition by buying from the open marketing most popular and easiest.",Duck Production in Nigeria,https://naerls.gov.ng/wp-content/uploads/2022/11/Duck-Production-in-Nigeria.pdf,28,official_naerls_bulletin
naerls_0238,livestock_fisheries_or_specialty_crop,Duck Production in Nigeria,duck production nigeria figure roadside sales ducks birds usually sold along other mini livestock like local chickens guinea fowls pigeons rabbits etc wicker basket cages strategic road junctions get attention passer pricing bargain compromise reached transaction made marketing trend such middle men collect farmers farm,"Figure 14 Roadside sales of ducks
 The birds are usually sold along with other mini livestock like local
chickens, guinea fowls, pigeons, rabbits etc. in wicker basket cages and at
strategic road junctions to get the attention of passer-by. Pricing is by bargain,
and if compromise is reached transaction is made.
 Marketing trend is such that middle-men collect ducks from farmers at
the farm-gates, sell to the retailer and from there to the consumers. The
farmers and consumers therefore, are at the mercy of these middle-men.
Farmers sell their ducks when there is urgent need for peti-cash for family use.",Duck Production in Nigeria,https://naerls.gov.ng/wp-content/uploads/2022/11/Duck-Production-in-Nigeria.pdf,28,official_naerls_bulletin
naerls_0239,livestock_fisheries_or_specialty_crop,Duck Production in Nigeria,duck production nigeria instance pay children school fees medical expenses purchase farm inputs set raining season etc middle men take advantage situation buy ducks give away prices disadvantage farmers calls need get functional cooperative groups harness effort these improved organized marketing records record keeping essential,"For instance, to pay children school fees, medical expenses, purchase
of farm-inputs at the on-set of raining season etc. The middle-men take
advantage of this situation to buy the ducks at give away prices to the
disadvantage of the farmers. This calls for the need to get the farmers into
functional cooperative groups and by that, harness the effort of these farmers
for improved production and organized duck marketing. DUCK PRODUCTION RECORDS
 Record keeping is essential in duck production at whatever scale of
operation. Since duck farming in Nigeria is at the small scale level, record
keeping format should be as simple as possible. It should however carry
information on improved management practices and cost-benefit assessment
record. Examples of such records are shown below in table 6:",Duck Production in Nigeria,https://naerls.gov.ng/wp-content/uploads/2022/11/Duck-Production-in-Nigeria.pdf,29,official_naerls_bulletin
naerls_0240,livestock_fisheries_or_specialty_crop,Duck Production in Nigeria,duck production nigeria table farm record keeping total number drakes ducks ducklings eggs laid per clutch clutches year incubation date hatching hatched mortality health vaccination worming medication type,"Table:6 Duck Farm Record Keeping
 Duck production record:
 Total Number of Duck on Farm ............................................
 Number of drakes ................................................................
 Number of ducks....................................................................
 Number of ducklings ..............................................................
 Total number of eggs laid .......................................................
 Number of eggs per clutch......................................................
 Number of clutches per year ...................................................
 Incubation date.......................................................................
 Hatching date ........................................................................
 Number of ducklings hatched .................................................
 Mortality ................................................................................
 Health Record
 Vaccination ............................................................................
 De-worming date .....................................................................
 Medication date ............................. type ................................",Duck Production in Nigeria,https://naerls.gov.ng/wp-content/uploads/2022/11/Duck-Production-in-Nigeria.pdf,29,official_naerls_bulletin
naerls_0241,livestock_fisheries_or_specialty_crop,Duck Production in Nigeria,duck production nigeria expenditure record cost foundation stock shelter equipment feed medication labour total income sales live ducks eggs manure,"Expenditure Record
 1. Cost of foundation stock
 2. Shelter .................................................
 3. Equipment............................................
 4. Feed cost .............................................
 5. Medication ..........................................
 6. Labour cost ..........................................
 7. Total...................................................
 Income:
 1. Sales of live ducks.............................
 2. Sales of eggs.....................................
 3. Manure Sales ...................................
 Total ...............................................",Duck Production in Nigeria,https://naerls.gov.ng/wp-content/uploads/2022/11/Duck-Production-in-Nigeria.pdf,30,official_naerls_bulletin
naerls_0242,livestock_fisheries_or_specialty_crop,Duck Production in Nigeria,duck production nigeria summary management practices buy your foundation stock reliable farmers locality muscovy ducks recommended small scale farmer who semi intensive system iii provide shelter especially night rest egg incubation brooding give adequate balance diet ensure provision clean water along feeding young very nervous,"SUMMARY OF DUCK MANAGEMENT PRACTICES
I. Buy your foundation stock from reliable duck farmers, in the locality.
II. The Muscovy ducks are recommended for the small scale farmer who
 practices semi-intensive production system.
III. Do provide shelter for your ducks especially for night rest, egg
 incubation and brooding.
IV. Give adequate balance diet to ducks and ensure provision of clean
 water along with feeding.
V. Young ducks are very nervous during the first 3 weeks. Avoid any
 form of disturbance, as it can cause them to stampede.
VI. Keep one male to 6 females for breeding purposes.
VII. Ducklings should be prevented from chilling rains and cold until they
 are about 4 weeks old.
VIII. Keep a very clean environment in duck house and avoid decaying
 bodies around the environment.
IX. Keep good duck production records for easy assessment of duck farm
 operations.",Duck Production in Nigeria,https://naerls.gov.ng/wp-content/uploads/2022/11/Duck-Production-in-Nigeria.pdf,30,official_naerls_bulletin
naerls_0243,livestock_fisheries_or_specialty_crop,Duck Production in Nigeria,duck production nigeria glossary words breeding mating male female order produce offspring brooding rearing ducklings either sitting mother hen artificial heat drake adult matured duckling young fowl collective term applying ducks chickens other poultry species hatch bring forth egg eggs incubation process subjecting selected mated,"GLOSSARY OF WORDS
Breeding: The mating of male and female in order to produce
 offspring
Brooding: Rearing of ducklings either by a sitting duck or mother
 hen or by artificial heat.
Drake: A male adult duck
Duck: The female matured duck-hen
Duckling: A young duck
Fowl: A collective term applying to ducks, chickens and other
 poultry species.
Hatch: To bring forth young from an egg or eggs.
Incubation: The process of subjecting selected eggs from mated
 flocks to proper condition outside the birds body for the
 embryo to develop and hatch into ducklings.
Integrate: To bring (parts) into whole
Sexual Maturity: The time when the first egg was laid.",Duck Production in Nigeria,https://naerls.gov.ng/wp-content/uploads/2022/11/Duck-Production-in-Nigeria.pdf,31,official_naerls_bulletin
naerls_0244,livestock_fisheries_or_specialty_crop,Duck Production in Nigeria,duck production nigeria anthony tropical agriculturist poultry pub cta macmillian ikani profitable backyard new newspaper friday nov katie alistair complete book raising livestock self sufficiency guide nig edition unit services ltd mbrlc how raise ducks food profit series kinuskusan bansalan bavao del sur philippines obinne,"Anthony .J.S. (1990). The Tropical Agriculturist Poultry - Pub. CTA
 Macmillian.
Ikani, I.E. (1992). Profitable backyard duck production. New Nigeria
 Newspaper, Friday Nov. 27 1992 pg 20
Katie, T. and Alistair. F. (1986). The complete book of raising livestock and
 poultry. A self sufficiency guide (Nig. Edition pub. by Unit Services
 Ltd.
MBRLC (1988). How to raise Ducks for food and profit. How to series No. 5;
 Kinuskusan, Bansalan, Bavao del. Sur. 8005 Philippines.
Obinne, J.I., Mmereole, FCU and Emegha, I.O. (2000). An assessment of
 Duck production in Anambra State. Proc. Of 4 annual conf. Of
 th ASAN, held 14-16 Sept. 1999 IITA Conf. Center Ibadan. Nig pg 3 - 5.
Oniye, S.J. and Awelewa, J. (1991). Prospects of integrating fish culture into
 some agricultural production. Paper presentation at National
 Livestock and Vet. Conf. held at NAERLS ABU Zaria August 1991.
Ralph Say, R (1987). Manual of poultry Production in the Tropics CAB
 International/CTA Publication.",Duck Production in Nigeria,https://naerls.gov.ng/wp-content/uploads/2022/11/Duck-Production-in-Nigeria.pdf,32,official_naerls_bulletin
naerls_0245,livestock_fisheries_or_specialty_crop,Economics of Aquaculture Production,economics aquaculture production information bulletin were pooled together assist prospective practicing fish farmers understand cost analysis enterprise serve stimulus profitable culture business all sources duly cited bibliography acknowledged management naerls funds publication while review committee did painstaking job transforming simple language easier understanding readers worth,"The information in this bulletin were pooled together to assist
prospective and practicing fish farmers to understand the economics
and cost analysis of aquaculture enterprise This is to serve as stimulus
for profitable fish culture business. All sources of information duly cited
in the bibliography are acknowledged. The management of NAERLS
funds the publication, while the NAERLS Publication Review
Committee did a painstaking job in transforming this bulletin to simple
language for easier understanding by readers- Also worth mentioning is
the NAERLS Publication and Publicity Program staff who worked
tirelessly to edit this work. All the aforementioned are highly
acknowledged.",Economics of Aquaculture Production,https://naerls.gov.ng/wp-content/uploads/2022/11/Economics-of-Aquaculture-Production.pdf,2,official_naerls_bulletin
naerls_0246,livestock_fisheries_or_specialty_crop,Economics of Aquaculture Production,economics aquaculture production acknowledgement introduction practices commonly cultured fish species risk management factors consider profitable enterprise record keeping cost components farm business analysis investment method conclusion bibliography,"Acknowledgement............................................................... 2
1.0 Introduction................................................................. 3
2.0 Aquaculture Practices................................................. 4
3.0 Commonly Cultured Fish Species................................ 4
4. 0 Risk Management in Aquaculture................................ 9
5.0 Factors to Consider for Profitable Enterprise............... 11
6.0 Record Keeping.......................................................... 14
7.0 Cost Components to Consider..................................... 17
8.0 Farm Business Analysis.............................................. 20
9.0 Investment Analysis Method....................................... 21
10.0 Conclusion.................................................................. 23
Bibliography......................................................................... 29",Economics of Aquaculture Production,https://naerls.gov.ng/wp-content/uploads/2022/11/Economics-of-Aquaculture-Production.pdf,3,official_naerls_bulletin
naerls_0247,livestock_fisheries_or_specialty_crop,Economics of Aquaculture Production,economics aquaculture production fish farming art science controlled rearing ponds farms some instances natural water bodies hatchlings freshly hatched fishes matured size unlike grow without human interference feeding fertilization stocking combination reproduction harvesting relatively new practice nigeria reason important potential practicing farmers know basic necessities,"Aquaculture (Fish Farming) is the art and science of controlled
 rearing of fish in ponds, farms and in some instances natural water
 bodies from hatchlings (freshly hatched” fishes) to matured size.
 Unlike fish that grow in natural water bodies without human
 interference, in aquaculture, feeding, fertilization, stocking
 combination, reproduction and harvesting are controlled. Aquaculture is a relatively new practice in Nigeria. For this reason it
 is important for potential and practicing fish farmers to know some
 basic necessities of its management and economics in order to
 boost the returns of their efforts. Like any economic activity in life,
 balancing investment cost and returns in favour of farmers are
 important in aquaculture. It is always useful for fish farmers to know
 the profitability of fish culture in order to guide their decision making.
 This bulletin is put together to enlighten both practicing and
 prospective fish farmers on how to make profitable investment in
 fish farming The major cost components, investment analysis and
 profitability calculations are explained in simple language as much
 as possible.",Economics of Aquaculture Production,https://naerls.gov.ng/wp-content/uploads/2022/11/Economics-of-Aquaculture-Production.pdf,4,official_naerls_bulletin
naerls_0248,livestock_fisheries_or_specialty_crop,Economics of Aquaculture Production,economics aquaculture production types fish ponds classified following criteria construction design level management input culture practices scale earthen these constructed digging soil carefully selected site good enough retain water where structure weak adequate dug out reinforced concrete make suitable figure they usually above ground surface,"2.1 Types of Fish Ponds
Fish ponds can be classified using the following criteria
 a. Construction design
 b. Level of management input
 c. Fish culture practices
 d Scale of production 2.1.1 Construction Design
I. Earthen ponds: These are constructed by digging soil in a
 carefully selected site that is good enough to retain water for fish
 culture, Where the soil structure is weak to retain adequate water,
 dug out earthen ponds can be reinforced with concrete to make it
 suitable for fish culture. (Figure 1) 2 Concrete: These are ponds constructed with concrete.
 They are usually above the ground surface with concrete walls•
 Concrete ponds are used to raise fish in places the soil is porous
 or very sandy, at house backyards or where land scarcity exist. In
 general, concrete ponds are more expensive to construct and
 maintain than earth ponds. Earthen ponds are known to be more
 productive in terms of fish yield and are therefore more profitable.",Economics of Aquaculture Production,https://naerls.gov.ng/wp-content/uploads/2022/11/Economics-of-Aquaculture-Production.pdf,5,official_naerls_bulletin
naerls_0249,livestock_fisheries_or_specialty_crop,Economics of Aquaculture Production,economics aquaculture production barrage ponds these constructed building wall across slow running streams low valleys ensures enough water retention fish growth diversion pond created diverted river stream channel such known relief rosary when built string each drains other all managed single unit due inter connection,"3 Barrage ponds: These are ponds constructed by building a
 wall across slow running streams in low valleys. The wall
 ensures enough water retention for fish growth
.
4 Diversion Pond: These are ponds created by water diverted
 from a river/stream through a channel. Such a pond is also
 known as a relief pond. 5 Rosary Pond: When ponds are built in a string and each drains
 into the other and are all managed as a single unit due to their
 inter connection, they are called rosary system ponds. 6. Parallel ponds: These are ponds located In the same area with
 each having its own inlet and outlet. Various pond designs listed
 above have peculiar cost implications.",Economics of Aquaculture Production,https://naerls.gov.ng/wp-content/uploads/2022/11/Economics-of-Aquaculture-Production.pdf,6,official_naerls_bulletin
naerls_0250,livestock_fisheries_or_specialty_crop,Economics of Aquaculture Production,economics aquaculture production level management input depending inputs especially feeding fertilization liming pond culture systems classified extensive semi intensive investment each other differ system when food base exclusively dependent nature without supplementation either feeds fertilizer one attracts less cost often productive profitable there occasional supplementary,"2.1.2 Level of Management Input
 Depending on the level of management inputs (especially in
feeding, fertilization and liming), pond culture systems can be
classified as extensive, semi-intensive or i n t e n s i v e . R e t u r n s o n
investment for each other differ depending on the level of input.
1. Extensive Culture System: When food base of a pond is
 exclusively dependent on nature without supplementation
 (either by feeds or fertilizer) the culture system is an extensive
 one. Extensive culture attracts less cost, but are often less
 productive and less profitable.
2. Semi-Intensive Culture System: In this system,
 there is occasional supplementary feed addition
 and natural food supply is augmented with manure. This attracts
 more cost, but better productivity and profit are assured
 compared with the extensive culture system.
3. Intensive Culture System: This system demands the highest
 level of management input. Protein rich feeds are intensively
 applied following appropriate recommended rates. The ponds
 are occasionally disinfected against para site and diseases.
 Fish grow very fast when intensively managed and grow least in
 extensive management. Intensive culture system requires high
 expertise. It also demands high level of supervision. Investment
 cost is comparatively higher but commensurate higher
 productivity and profit are certain.",Economics of Aquaculture Production,https://naerls.gov.ng/wp-content/uploads/2022/11/Economics-of-Aquaculture-Production.pdf,7,official_naerls_bulletin
naerls_0251,livestock_fisheries_or_specialty_crop,Economics of Aquaculture Production,economics aquaculture production fish culture practices classified monoculture polyculture integrated practice culturing only one species pond units der farmer may grow example tilapia clarias disadvan tage will know management than other cultured however pur pose determines investment cost growing type could limit maximum exploitation natural,"2.1.3 Fish Culture Practices
 Culture practices can be classified as monoculture,
polyculture or Integrated. 1. Monoculture: This is the practice of culturing only
 one species of fish in one or more pond units. Un
 der monoculture; the farmer may grow for example
 only Tilapia or Clarias in the pond. One disadvan
 tage of this practice is that the farmer will only know
 more about the management of that fish than other
 species that can be cultured. However, the pur
 pose of culture determines the investment cost.
 Growing one type of fish could limit the maximum
 exploitation of natural and supplementary food in
 the pond, thereby affecting pond optimal utiliza
 tion.",Economics of Aquaculture Production,https://naerls.gov.ng/wp-content/uploads/2022/11/Economics-of-Aquaculture-Production.pdf,8,official_naerls_bulletin
naerls_0252,livestock_fisheries_or_specialty_crop,Economics of Aquaculture Production,economics aquaculture production polyculture practice culturing than one species fish same pond clarias tilapia yield high because food items properly utilized since different exploit levels well managed ponds highly profitable utilization maximized less risk project failure assured integrated culture involves rearing other animals vegetable gardening,"2. Polyculture: This is the practice of culturing more than one
 species of fish in the same pond e.g. Clarias and Tilapia.
 Fish yield under polyculture can be high because food
 items in the pond are properly utilized since the different
 fish species exploit food at different levels. Well managed
 ponds under polyculture can he highly profitable since food
 utilization is maximized and less risk of project failure is
 assured. 3. Integrated Culture: This involves rearing fish with other
 animals or vegetable gardening. Integration of fish culture
 with livestock/gardens can maximize production space
 and productivity. Understanding the know-how of
 managing such integration is important to a farmer in order
 to maximize profitability of this culture integration.
 7",Economics of Aquaculture Production,https://naerls.gov.ng/wp-content/uploads/2022/11/Economics-of-Aquaculture-Production.pdf,8,official_naerls_bulletin
naerls_0253,livestock_fisheries_or_specialty_crop,Economics of Aquaculture Production,economics aquaculture production scale homested backyard ponds fishpond managed augment family protein intake size such pond could vary according land space available homestead commercial fish farms usually area less than half hectare culture earthen farm will demand attention farmer since income generation rnajor purpose behind,"2.1.4 Scale of Production
 1. Homested/Backyard Ponds. This is a fishpond that is
 managed to augment family protein intake. The size of such a
 pond could vary according to land space available- e.g. from
 25m to l00m . Such ponds can be homestead/backyard or
 2 2 2. Commercial Fish Ponds/Farms: This usually has an area of
 land not less than half a hectare under culture (for earthen
 ponds). Such a farm will demand more attention from the fish
 farmer, since income generation is the rnajor purpose behind
 its establishment A large capital base is also required for
 commercial farms. However concrete ponds of 100-200m 2 3.0 COMMONLY CULTURED FISH SPECIES
 Generally the purpose of rearing fish is to have enough to eat
 and generate additional income especially in commercial farms.
 Not all fish -species perform creditably well in culture. For a
 profitable venture, the fish farmer’s ideal candidate species
 must have some of the following qualities.",Economics of Aquaculture Production,https://naerls.gov.ng/wp-content/uploads/2022/11/Economics-of-Aquaculture-Production.pdf,9,official_naerls_bulletin
naerls_0254,livestock_fisheries_or_specialty_crop,Economics of Aquaculture Production,economics aquaculture production fast grower heterobranchus clarias accept utilize supplementary feeds properly tilapia iii hardy resistance disease tolerant poor water quality easy breed captivity attract low cost vii acceptable marketable consumers carp heterotis,"i. Fast grower e.g Heterobranchus and Clarias
 ii. Accept and utilize supplementary feeds properly. e.g
 Tilapia or clarias.
 iii. Hardy and resistance to disease, e.g Clarias
 iv. Tolerant to poor water quality e.g Clarias
 v. Easy to breed in captivity e.g. Tilapia
 vi. Attract low production cost (Tilapia/Clarias)
 vii. Acceptable (marketable) to consumers, e.g. Carp and
 Heterotis, Tilapia and Clarias.
 8",Economics of Aquaculture Production,https://naerls.gov.ng/wp-content/uploads/2022/11/Economics-of-Aquaculture-Production.pdf,9,official_naerls_bulletin
naerls_0255,livestock_fisheries_or_specialty_crop,Economics of Aquaculture Production,economics aquaculture production nigeria certain fish species found only freshwater bodies rivers lakes well culture table some other inhabit marine environment cultured brackish water lagoons estuaries commonly ponds common name scientific tilapia oreochromis niloticus melanopleura guineensis sartherodon galilaeus mud cat claria gariepinus carp cyprinus carpia,"In Nigeria. certain fish species that are found only in freshwater bodies
(that is rivers and lakes) do well under culture (Table 1). Some other
species that inhabit the marine environment can be cultured in brackish
water (lagoons and estuaries) (Table 2). Table 1: Commonly Cultured Fish Species In Freshwater Ponds In Nigeria
 COMMON NAME SCIENTIFIC NAME
 Tilapia* Oreochromis, niloticus
 Tilapia melanopleura
 Tilapia guineensis
 Sartherodon galilaeus
 Mud cat-fish………….. Claria gariepinus
 Common Carp*……… Cyprinus, carpia
 Spotted Cat-fish**….. Synodontis filamentosus
 Redmud Catfish……… Heterobranchus bi-dorsalis
 Niger perch**………. Lates nilotus
 African bony tongue**. Heterotis nilotcus
 Grey cat-fish…………. Chrysichthys nigrodigitatus
 Trunk-fish**………….. Gymnarchus niloticus
 Silver catfish…………. Bagrus bayad
 African Carp**………... Labeo coubie
 Moon fish**…………. Citharinus citherus",Economics of Aquaculture Production,https://naerls.gov.ng/wp-content/uploads/2022/11/Economics-of-Aquaculture-Production.pdf,10,official_naerls_bulletin
naerls_0256,livestock_fisheries_or_specialty_crop,Economics of Aquaculture Production,economics aquaculture production casual labor maintenance wages transportation fuel etc consultancy cost where necessary other consumables often show levels return profit accrue fish farm profitability each option determined strength weakness any acuaculture system difference total revenue include items such sold harvest consumed home given gift,"* Casual labor/maintenance wages.
 * Transportation maintenance {fuel, etc)
 * Consultancy cost where necessary.
 * Other consumables. This is often used to show the levels of cost, return and profit that
accrue to a fish farm. The profitability of each option is determined to
show the strength and weakness of any acuaculture system. It is the
difference between the total revenue and total cost of production. The
revenue include items such as fish sold, harvest consumed at
home/farm, those given as gift and change in inventory.
Below (Table 6) is an empirical cost and returns analysis of a typical for
a two-fish combination under polyculture- This could also be dune for
the monoculture and multi-species combination in polycultur. Based
on the assumption that the two-fish types have been accepted as the
most feasible. Other profitability ratios can then be derived. Of course it
could be derived for the other aquaculture types and comparison
made. These could be used to determine the efficiency of the
enterprise chosen.
These ratios serve different purposes on the farm. For instance, if a
farmer uses labour on hired basis, the rate of return on operating cost is
very essential. These indicators are useful for both the fish farmers and
other stakeholders in the fishing industry -",Economics of Aquaculture Production,https://naerls.gov.ng/wp-content/uploads/2022/11/Economics-of-Aquaculture-Production.pdf,11,official_naerls_bulletin
naerls_0257,livestock_fisheries_or_specialty_crop,Economics of Aquaculture Production,economics aquaculture production trial domestic effluents prevent pollution subsequent death fish could easily wiped out leading great economic losses farmers security natural man induced enemies exist include snakes frogs turtles etc these cause substantial farmer since they predators cleaning surroundings pond site bush grasses will,"trial, and domestic effluents to prevent pollution and subsequent
 death of fish. Fish could easily be wiped out by pollution leading
 to great economic losses to farmers. 4. Security
 Natural and man-induced enemies of fish exist Natural enemies
 include snakes, frogs. turtles, etc. These can cause substantial
 losses to a farmer since they are predators of fish. Cleaning the
 surroundings of pond site of bush and grasses will minimize risk
 of attack by predators. Human poaching on ponds can also
 result in great losses. Efforts must be made to provide adequate
 security.",Economics of Aquaculture Production,https://naerls.gov.ng/wp-content/uploads/2022/11/Economics-of-Aquaculture-Production.pdf,12,official_naerls_bulletin
naerls_0258,livestock_fisheries_or_specialty_crop,Economics of Aquaculture Production,economics aquaculture production natural disaster disasters may within ability farmer control exercising caution make fish avoid limit impact barest minimum fishponds should sited flood plains hilly lands subject flooding when constructing pond adequate provision made well compacted wall clay inflow outflows spillway take care possible,"5. Natural Disaster
 Natural disasters may not be within the ability of a farmer to
 control, but exercising caution can make a fish farmer to avoid or
 limit its impact to the barest minimum. Fishponds should not be
 sited in flood plains and hilly lands that are subject to flooding.
 When constructing a. pond, adequate provision should be made
 for a well-compacted pond wall (clay), inflow and outflows, and
 spillway to take. care of possible flood. 6. Management practices
 Abuse of aspects of management practices can make a
 farmmer incur great economic losses making the whole fish
 culture enterprise un-interesting. Recommended stocking,
 feeding, fertilization and liming rates should be adhered to, for
 profitable fish culture business.",Economics of Aquaculture Production,https://naerls.gov.ng/wp-content/uploads/2022/11/Economics-of-Aquaculture-Production.pdf,12,official_naerls_bulletin
naerls_0259,livestock_fisheries_or_specialty_crop,Economics of Aquaculture Production,economics aquaculture production market size could appear long potential investor good management pay back period loan still achieved most fish semi intensive extensive system harvested within months farmer then hervest periodically planned culture growth cycle reach table possible marketing products fortunately risk pronounced nigeria unsaturated,"market size could appear long to a potential investor. But with
 good management, the pay back period on loan could still be
 achieved. Most fish under semi-intensive and extensive system
 can be harvested within period of 9-12 months. A farmer can
 then hervest periodically as planned under intensive culture, a
 growth cycle of 6 months for fish to reach table size of 1-1.5kg id
 possible. 8 Marketing of Products.
 Fortunately, marketing risk is not pronounced in aquaculture in
 Nigeria. Fish products have an unsaturated market demand
 with annual demand-supply deficit of between 35-45%.
 However, the fish farmer should be aware of the attitude of
 consumers within the locality to the species of fish that the
 farmer wants to culture. This is more important to a large-scale
 farmer that is interested in quick investment turnover. Fish
 species that are likely to attract high market prices should be
 grown. Such include Gymnarchus niloticus, Clarias gariepinus
 and, Heterotis niloticus etc.",Economics of Aquaculture Production,https://naerls.gov.ng/wp-content/uploads/2022/11/Economics-of-Aquaculture-Production.pdf,13,official_naerls_bulletin
naerls_0260,livestock_fisheries_or_specialty_crop,Economics of Aquaculture Production,economics aquaculture production right condition very profitable following checklist questions help determine whether enterprise feasible particular situation does over look other aspect accounting principles dealt later bulletin answering yes cost items issues raised would guarantee success just automatic failure advisable contact your local extension agent,"5.0 FA C T O R S T O C O N S I D E R F O R P R O F I TA B L E
 AQUACULTURE
 Under the right condition, aquaculture can be very profitable.
 The following checklist of questions can help determine whether
 an aquaculture enterprise is feasible for a particular situation or
 not. This does not over look the other aspect of accounting
 principles that are dealt with later in the bulletin. Also answering
 “yes” to cost of items/issues raised would not guarantee
 success just as answering “no” does not guarantee automatic
 failure. It is very advisable to contact your local extension agent
 for more technical details.",Economics of Aquaculture Production,https://naerls.gov.ng/wp-content/uploads/2022/11/Economics-of-Aquaculture-Production.pdf,13,official_naerls_bulletin
naerls_0261,livestock_fisheries_or_specialty_crop,Economics of Aquaculture Production,economics aquaculture production management role central success any business enterprise involves integration manpower materials money judicious way such anticipated profits assured practicing potential aquaculturists should guided following questions you already suitable pond site ponds most machinery equipment needed necessary financial resources profit higher than other,"5.1 Management
 The role of management is central to the success of any
 business enterprise. Management involves the integration of
 manpower, materials and money in a judicious way, such that
 anticipated profits can be assured. Practicing and potential
 aquaculturists should be guided by the following questions.
 ! Do you already have suitable pond or a site suitable for
 ponds?
 ! Do you have most of the machinery and equipment
 needed?
 ! Do you have the necessary financial resources?
 ! Is the potential of profit higher in aquaculture than that of
 other possible enterprises?
 ! Will the expected profit be adequate compensation for your
 labor, management and risk?
 ! Will investment and operating capital interest rates permit a
 reasonable profit?
 ! Is mono culture, polyculture or integrated the most suitable
 for your
 ! condition?
 ! Will you be able to forego income until you sell your fish
 crop? Are you able to absorb occasional losses?
 ! Are you willing to devote daily the time and effort required?",Economics of Aquaculture Production,https://naerls.gov.ng/wp-content/uploads/2022/11/Economics-of-Aquaculture-Production.pdf,14,official_naerls_bulletin
naerls_0262,livestock_fisheries_or_specialty_crop,Economics of Aquaculture Production,economics aquaculture production marketing fish farming market key role play management decisions taken any aspect which affect customers part must considered point view strategies farmers involve following procedures identify changing demands places match need select ideal candidate species culture fast growers hardy good feed converters,"5.2. Marketing
 In fish farming. market has key role to play in the management
decisions taken on any aspect. Management decisions, which affect
customers, are part of marketing and must be considered from
marketing point of view.
Marketing strategies for fish farmers involve the following procedures.
1. Identify changing demands of market places
2. Match production to market need
3. Select ideal candidate fish species for culture i.e. fast growers,
 hardy, and good feed converters•
4. Evaluate market acceptance of fish species to be grown
5. Attempt satisfying buying pattern of consumers. More demand
 should lead to farm expansion.
6. Match production and consumers needs to available resources.
7. Apply the marketing mix concept. (4ps)
 a) Product planning and development
 b) Place for transfer of product to consumer i.e. ideal selling
 location.
 c) Promotion of product sales by advertisement and other
 sales promotion
 d) Price determination and pricing policy",Economics of Aquaculture Production,https://naerls.gov.ng/wp-content/uploads/2022/11/Economics-of-Aquaculture-Production.pdf,15,official_naerls_bulletin
naerls_0263,livestock_fisheries_or_specialty_crop,Economics of Aquaculture Production,economics aquaculture production relevant questions marketing fish you know any established market your will planned sales time available there suitable arrangements harvesting flexible harvest during off season alternative strategy which hope fall back case problem current arrangement,"Relevant questions in marketing the fish are: -
 v Do you know any established market for your fish?
 v Will the market for your fish at the planned sales time be
 available?
 v Are there suitable arrangements for harvesting your fish?
 v Can you be flexible and harvest fish during the off-season?
 v Is there an alternative marketing strategy which you hope to fall
 back to in case there is a problem with current arrangement?",Economics of Aquaculture Production,https://naerls.gov.ng/wp-content/uploads/2022/11/Economics-of-Aquaculture-Production.pdf,15,official_naerls_bulletin
naerls_0264,livestock_fisheries_or_specialty_crop,Economics of Aquaculture Production,economics aquaculture production physical conditions good required fish grow well culture prerequisites successful enterprise topography soil structure regular water supply security issues important consider these questions meeting adequate area suitable pond construction will retain there enough supplies replace any loss liable flooding drains proper drainage,"5.3 Physical Conditions
 Good physical conditions that are required for fish to grow well
 under culture are prerequisites to successful enterprise.
 Topography, soil structure, regular water supply, and security
 issues are important. Consider these questions in meeting
 adequate physical. conditions
 v Is the topography of the area suitable for pond construction?
 v Will the soil retain water?
 v Are there enough water supplies to replace any water loss?
 v Is the pond area liable to flooding?
 v Are the drains adequate for proper water drainage?
 v Can wild fish be prevented from entering the pond?
 v Is the pond bottom stump-free to prevent difficulties in
 harvesting?
 v Is the pond close to your residence for prompt management and
 monitoring?",Economics of Aquaculture Production,https://naerls.gov.ng/wp-content/uploads/2022/11/Economics-of-Aquaculture-Production.pdf,16,official_naerls_bulletin
naerls_0265,livestock_fisheries_or_specialty_crop,Economics of Aquaculture Production,economics aquaculture production major factors indispensable land labor capital source fingerlings adequacy feed inputs drugs availability technical support extension consutancy storage facilities important farmers should face challenges following questions enhanced good quality feeds readily available competitive prices you reliable supply other vaccines your,"5.4 Production
Major factors of production that are indispensable in economics are:
land, labor and capital. In aquaculture, the source of fingerlings,
adequacy of feed inputs and drugs, availability of technical support
(extension and consutancy) and feed storage facilities are also
important production factors.
Farmers should face the challenges of the following questions for
enhanced production: -
 ! Are good quality feeds readily available at competitive
 prices?
 ! Do you have reliable supply of drugs and other
 vaccines?
 ! Is the source of your fingerlings reliable?",Economics of Aquaculture Production,https://naerls.gov.ng/wp-content/uploads/2022/11/Economics-of-Aquaculture-Production.pdf,16,official_naerls_bulletin
naerls_0266,livestock_fisheries_or_specialty_crop,Economics of Aquaculture Production,economics aquaculture production you dependable labor your feed storage facility good one know extension agent fishery officer area record keeping many times major problem most farm enterprise lack reliable economic data best source either commercial pilot experimental farms there forms records them simply list input,"! Do you have dependable labor?
 ! Is your feed storage facility a good one?
 ! Do you know the extension agent/fishery officer in
 your area? 6.0 RECORD KEEPING
Many at times the major problem of most farm enterprise is lack of
reliable economic data. The best source of data is farm record either in
commercial, pilot or experimental farms. There are many forms of
records, but most of them simply list the input and output operation
both in physical (kg) and monetary terms. The collection and analysis
of data on costs and returns based on farm records provide among
others the information necessary to:
 ! determine the relative profitability of various production
 techniques or systems,
 ! compare the productivity of major inputs, such as
 land, labor, and capital, with that of alternative production
 activities and
 ! improve the efficiency of the farm operation.",Economics of Aquaculture Production,https://naerls.gov.ng/wp-content/uploads/2022/11/Economics-of-Aquaculture-Production.pdf,17,official_naerls_bulletin
naerls_0267,livestock_fisheries_or_specialty_crop,Economics of Aquaculture Production,economics aquaculture production seasonal records other hand annualized data show marketing trends over years such enable farmer respectively assess farm performance project future possible new investments there two types record namely daily important operations fully evaluated therefore necessary keep simple comprehensive per pond kept number,"Seasonal records on the other hand are annualized data to show
production and marketing trends over the years Such records enable a
farmer to respectively assess farm performance and project future
production trends for possible new investments.
There are two types of farm record, namely, daily and seasonal
records. Daily records are important so that the performance of the
farm operations can be fully evaluated. It is therefore necessary to
keep this record as simple and comprehensive as possible. A record
per pond can be kept. On the other hand, records on a number of ponds
in similar condition could be kept• In any case, each record can he kept
in a separate book or on separate pages of the same record book.",Economics of Aquaculture Production,https://naerls.gov.ng/wp-content/uploads/2022/11/Economics-of-Aquaculture-Production.pdf,17,official_naerls_bulletin
naerls_0268,livestock_fisheries_or_specialty_crop,Economics of Aquaculture Production,economics aquaculture production where computers handy separate file kept each pond number ponds case may however always advisable keep back copies such files elsewhere either hard time soft copy flash discs diskettes cds etc types information records farms discussed below input there two kinds inputs,"Where computers are handy separate file can be kept for each pond
or a number of ponds as the case may be. However, it is always
advisable to keep back- up copies of such files elsewhere either in hard
copies from time to time or in a soft copy on flash discs, diskettes, CDs,
etc. Types of information that can be kept in records of aquaculture
farms are discussed below: 6.1 Input records
There are two kinds of inputs: -variable and fixed, Variable inputs are
those which vary with the level of production such as fingerlings,
feeds, fertilizers, labor, drugs fuel, electricity and water. Variable inputs
often have variable costs. Fixed inputs on the other hand, are those
that do not change with the level of farming activity. Included in this
category are items such as rent on land, tax, interests, insurance
premiums, depreciation on fixed assets, and staff salaries. It is very
important to describe each of the variable input and or cost in as much
detail as possible. For example, if polyculture is practiced, then the
stocking materials should be classified by stocked species and by
sizes such as fingerlings, juveniles and adult fish. Feeds that are used
should be well specified in relation to the kind, e•g. pellet, rice meal,
ground-nut cake etc. In the ease of fertilizer, the kind should also be
specified e.g. poultry or pig manure, inorganic fertilizer etc. Table 3
shows a typical example of how each could he recorded in terms of
amount, unit and total cost.
Table 3: Daily records of a Typical Fish Farm
Date Item Kind Quantity Unit cost (N) Total Cost
 Variable Inputs
 -Fingerlinsgs Clarias etc 250 10.00 2500
 -Feed Rice Bran 3 bags 150.00 450.00
 -Fertilizer Poultry Manure 3 Trucks 200.00 600.00
 -Water Up Stream 40,000lt 0.20 8,000.00
 -Fuel/Electricity Diesel 3000 Litres 22 6,6,000.00",Economics of Aquaculture Production,https://naerls.gov.ng/wp-content/uploads/2022/11/Economics-of-Aquaculture-Production.pdf,18,official_naerls_bulletin
naerls_0269,livestock_fisheries_or_specialty_crop,Economics of Aquaculture Production,economics aquaculture production practices other activities such pond fertilization stocking feeding maintenance harvesting marketing these require labor case very important keep separate record kind should always specified terms adult children male female all wage payments recorded too one variable farmer family must adequately table labour,"Aquaculture practices other activities such as pond fertilization,
stocking, feeding, pond maintenance, harvesting and marketing.
These activities require labor. In that case it is very important to keep a
separate record for labor. The kind of labor should always be specified
in terms of adult, children, male, female. All wage payments should be
recorded too. One other important variable is farmer’s family labor.
This must be adequately recorded. (Table 4)
 Table 4: Labour Input Record for a Typical Fish Farm
 Date Economic Activity Kind of Labour Duration (Day, Wage Rate Total Labour
 2 3 Hour) (per Man- Cost 4=x5
 4 day N) 5
 Pond Preparation Adult Male 3 Man-days 150.00 450.00
 Feeding Adult Female 4 hours 15.00 60.00
 Harvest Male Children 5 hours 12.00 60.00
 Total 570.00",Economics of Aquaculture Production,https://naerls.gov.ng/wp-content/uploads/2022/11/Economics-of-Aquaculture-Production.pdf,19,official_naerls_bulletin
naerls_0270,livestock_fisheries_or_specialty_crop,Economics of Aquaculture Production,economics aquaculture production list fixed assets initial current cost estimated years economic life needed calculating depreciation easiest commonest straight line method asset divided expected span where there salvage value deducted before annual calculated same replacement should instead original purchase important note shared other far activities,"A list of fixed assets with their initial or current cost and their estimated
years of economic life is needed for calculating depreciation• The
easiest and commonest is the straight-line method. In this, the cost of
the asset is divided by the expected economic life span of the asset.
Where there is a salvage value, it is deducted from the initial cost
before annual depreciation is calculated. Where an asset has been
used for same years, the current replacement cost should be used
instead of its original cost of purchase. It is important to note that if the
fixed asset is shared between aquaculture and other far, activities, an
appropriate proportion should be determined for the fixed asset before
computing depreciation. Table 5 below shows hypothetical fixed asset
and depreciation.",Economics of Aquaculture Production,https://naerls.gov.ng/wp-content/uploads/2022/11/Economics-of-Aquaculture-Production.pdf,19,official_naerls_bulletin
naerls_0271,livestock_fisheries_or_specialty_crop,Economics of Aquaculture Production,economics aquaculture production table fixed asset record fish farm item year cost current salvage depreciable estimated proportion depreciation purchase market value balance economic life yrs farming pond water pump office,"Table 5: Fixed Asset Record of a Fish Farm
 Item Year of Cost (N) Current Salvage Depreciable Estimated Proportion Depreciation
 purchase market Value (N) Balance Economic Used for
 value (N) Life(yrs) fish
 Farming
 1 2 3 4 5 6 7 8=5/6x7
 Pond 1996 2000.00 800.00 150.00 1850.00 10 100 185
 Water 1997 1100.00 160,000.0 200.00 900.00 5 80 144
 Pump 1996 150,000.00 100,000.00 50,000.00 40 50 625
 Office",Economics of Aquaculture Production,https://naerls.gov.ng/wp-content/uploads/2022/11/Economics-of-Aquaculture-Production.pdf,19,official_naerls_bulletin
naerls_0272,livestock_fisheries_or_specialty_crop,Economics of Aquaculture Production,economics aquaculture production output record following important items should included date harvest species harvested amount unit price disposition product when determining computing gross revenue farm cash credit sales recorded addition computed values home consumed products well given out get advisable current market prices fish inventory,"6.2 Output Record
The following are important items that should be included in output
record: Date of harvest, species harvested, (with amount and unit
price), and the, disposition of product. When determining or computing
gross revenue on the farm, cash and credit sales of the product should
be recorded. In addition computed values of home-consumed products
as well as those given out should be recorded. To get the computed
values of the home consumed or those given out, it is advisable to use
the current market prices of the fish. It is also important to have a record
of inventory at each period of accounting. Thus beginning and closing
inventory should be kept. At the end of each cycle or the year, the
quantity and value of production by species and the operation cost by
items of each fishpond or a group of ponds in similar conditions should
be summarized and presented in a single sheet The purpose of this is
to be able to know at a glance the farm’s production situation.
These records are important for various reasons as stated below:
 1. Records help the farmer to establish a number of
 facts or efficiency standard which form the basic tools
 of diagnosis and planning
 2. Records can provide the farmer with information on
 production situation in the farm
 3. A good record provides an effective mechanism for
 monitoring and evaluating the farm
 4. Records provide information for appraisal which may
 show the strength or weakness of management
 pattern the farmer adopted on the farm.
 5. Records give data that may be used to formulate
 plans and provide estimates
 6. Records could be used for meeting some
 legal/contractual arrangements",Economics of Aquaculture Production,https://naerls.gov.ng/wp-content/uploads/2022/11/Economics-of-Aquaculture-Production.pdf,20,official_naerls_bulletin
naerls_0273,livestock_fisheries_or_specialty_crop,Economics of Aquaculture Production,economics aquaculture production records add credibility claim many business organizations may create spirit competition among farmers workers could form true basis giving incentives cost components consider items earlier explained composed fixed variable costs while include such salaries staff interest payment loans depreciation assets taxes rents,"7. Records add credibility to the claim of many
 business organizations
 8. Records may be used to create the spirit of
 competition among farmers/workers, it could also
 form the true basis for giving incentives to workers. 7.0 COST COMPONENTS TO CONSIDER
The cost items as earlier explained are composed of the fixed and
variable costs. While the fixed cost include items such as salaries of
staff, interest payment on loans depreciation on assets, taxes and
rents on land. The items of variable cost include payments for casual
labor, feeds, fingerlings, fuel and other consumables.
In a typical fish farm, the fixed arid variable cost items are outlined
below. A) Fixed cost items.
 * Land (purchase) taxes and rents)
 * Pumps/tanks and accessories and ether farm
 equipment.
 * Farm structure (buildings, pond structure, etc)
 * Brood stock acquisition
 *
 * Interest payment on loans,
 * Depreciation on assets.",Economics of Aquaculture Production,https://naerls.gov.ng/wp-content/uploads/2022/11/Economics-of-Aquaculture-Production.pdf,21,official_naerls_bulletin
naerls_0274,livestock_fisheries_or_specialty_crop,Economics of Aquaculture Production,economics aquaculture production casual labor maintenance wages transportation fuel etc consultancy cost where necessary other consumables farm business analysis often show levels return profit accrue fish profitability each option determined strength weakness any acuaculture system difference total revenue include items such sold harvest consumed home,"* Casual labor/maintenance wages.
 * Transportation maintenance {fuel, etc)
 * Consultancy cost where necessary.
 * Other consumables. 8.0 FARM BUSINESS ANALYSIS
This is often used to show the levels of cost, return and profit that
accrue to a fish farm. The profitability of each option is determined to
show the strength and weakness of any acuaculture system. It is the
difference between the total revenue and total cost of production. The
revenue include items such as fish sold, harvest consumed at
home/farm, those given as gift and change in inventory.
Below (Table 6) is an empirical cost and returns analysis of a typical for
a two-fish combination under polyculture- This could also be dune for
the monoculture and multi-species combination in polycultur. Based
on the assumption that the two-fish types have been accepted as the
most feasible. Other profitability ratios can then be derived. Of course it
could be derived for the other aquaculture types and comparison
made. These could be used to determine the efficiency of the
enterprise chosen.
These ratios serve different purposes on the farm. For instance, if a
farmer uses labour on hired basis, the rate of return on operating cost is
very essential. These indicators are useful for both the fish farmers and
other stakeholders in the fishing industry -",Economics of Aquaculture Production,https://naerls.gov.ng/wp-content/uploads/2022/11/Economics-of-Aquaculture-Production.pdf,22,official_naerls_bulletin
naerls_0275,livestock_fisheries_or_specialty_crop,Economics of Aquaculture Production,economics aquaculture production item tilapia claris total cost unit quantity value price operating labor man days feed seed fingerlings clarias fertilizer lime other variable fixed salaries months depreciation taxes interest payment revenue output gross income profitability net rate return investment per day,"No Item Tilapia – Claris % of Total
 Cost
 1 Cost Unit Quantity Value
 price
 (N)
 A. Operating Cost
 Labor 120 126 Man-days 15,000 12.4
 Feed 5 2600kg 12,500 10.3
 Seed/fingerlings - - - -
 Tilapia 5 2,400 No 12,000 9.9
 Clarias 15 3,000 No 45,000 37.3
 Fertilizer 30 400kg 12,000 9.9
 Lime - - - -
 Other - - - -
 Total Variable Cost - - 96,500 80.0
 Fixed Cost - - - -
 B Salaries 2,000 12 months 24,000 19.9
 Depreciation - - - -
 Taxes - - - -
 Interest Payment - - - -
 Total Cost - - 120,500 100
 2. Production and Revenue Output
 Tilapia 20 600 12,000 -
 Clarias 100 1200 120,000 -
 Gross Income - - 132,000 -
 3 Profitability
 Net Income (132-120.5) ‘000 11,500
 Rate of Return on Investment 9.5%
 Rate of Return on Operating cost 11.9%
 Production per man day 14.4Kg
 Value of production per man -day N1056",Economics of Aquaculture Production,https://naerls.gov.ng/wp-content/uploads/2022/11/Economics-of-Aquaculture-Production.pdf,23,official_naerls_bulletin
naerls_0276,livestock_fisheries_or_specialty_crop,Economics of Aquaculture Production,economics aquaculture production payback method simply time taken expected enterprise fully recover initial investment order words choice fitly pay exact amount invested project depreciation interest tax charges usually included computation example consider options shown table below years option since end fifth year enough cash generated,"9.1 Payback Method: -It is simply the time taken for expected
enterprise to fully recover the initial investment. In order words, it is the
time taken for the investment choice to fitly pay the exact amount
invested in the project. Depreciation. interest and tax charges are
usually not included in this computation. For example, consider the
options shown in Table 7 below. The payback time is 5 years for option
I, since by end of the fifth year enough cash has been generated to
recover the initial investment of N 2,900.00 with N 600.00 to spare. For
option ll, the payback time is 3 years. By the end of 3 years enough
profit has been made to recoup the initial investment ofN2,900.00. With
regards to option 111, (Tilapia-Bargus-Clarias) the payback time is 6
years. The payback method is useful for closing the project, which
repays the initial investment in the shortest time. According to this
method therefore, Option II(Tilapia — Clarias) is preferable as the initial
investment is recovered within 3 years as against 5 years for option I
(monoculture of Tilapia) and 5 years for Option (polyculture of TilapiaBagrus Clarias). Payback period method builds on the need to avoid
risk by valuing early returns highly. But then, returns beyond the
payback period are ignored, hence some very profitable opportunities
may be forgone.",Economics of Aquaculture Production,https://naerls.gov.ng/wp-content/uploads/2022/11/Economics-of-Aquaculture-Production.pdf,24,official_naerls_bulletin
naerls_0277,livestock_fisheries_or_specialty_crop,Economics of Aquaculture Production,economics aquaculture production table illustration payback periods different stocking combinations option iii tilapia clarias bargrus year cumulate net cash flow,"Table 7: Illustration of Payback Periods for different stocking combinations
 Option Option II Option III Tilapia
 Tilapia Tilapia-Clarias Bargrus-Clarias
 N N N
 Year 0 (2,900) (2,900) (2,900)
 Year 1 700 1,000 510
 Year 2 700 1,000 510
 Year 3 700 1,000 510
 Year 4 700 2,000 510
 Year 5 700 2,500 510
 Year 6 700 0 510
 Year 7 800 0 510
 Year 8 900 0 450
 Year 9 0 0 510
 Year 10 0 0 900
 Cumulate Net Cash Flow 3000 4,600 1,000",Economics of Aquaculture Production,https://naerls.gov.ng/wp-content/uploads/2022/11/Economics-of-Aquaculture-Production.pdf,24,official_naerls_bulletin
naerls_0278,livestock_fisheries_or_specialty_crop,Economics of Aquaculture Production,economics aquaculture production other advantages method simple cash flow easily understood farmers values early returns keeping liquidity hand situation storage projects needing small capital outlays payback expected life identified without spending much time complex studies helps isolate poor long pay back where risky project quick,"The other advantages of this method are;
a. It is a simple cash flow, easily understood by farmers
b. It values early returns and keeping liquidity (cash at hand) in a
 situation of cash storage
c. Projects needing small capital outlays that payback early in their
 expected life are easily identified without spending much time
 on more complex studies
d. It helps to isolate poor projects that have a long pay back time.
e. This method helps in a situation where a risky project needing
 quick recovery of fund is concerned. It thus saves time by
 automatically accepting or rejecting many possible
 investments.
Nevertheless, one of the major disadvantages of this method is that it
does not take into account the time value of money.",Economics of Aquaculture Production,https://naerls.gov.ng/wp-content/uploads/2022/11/Economics-of-Aquaculture-Production.pdf,25,official_naerls_bulletin
naerls_0279,livestock_fisheries_or_specialty_crop,Economics of Aquaculture Production,economics aquaculture production peak profit method involves presenting level profits best year percentage return sum invested figures table option tilapia highest obtained which original investment tilapiaclarias ill bagrus clasias respectively therefore assumes reliable guide average profitability project some disadvantages though projects reach early while may,"9.2 The Peak-Profit Method:
This involves presenting the level of profits in the best year as a
percentage return on the sum invested. Using the figures in Table 7 for
Option Il, (Tilapia), the highest profit was obtained in the 8th year
(N900.00) which is 3% of the original investment. For Option (TilapiaClarias) and Ill (Tilapia-Bagrus-Clasias) their peak-profit was 51.0%
(5 year) and 20.4% (10 year) respectively. Therefore Option II (Tilapia-
 th th This method assumes that peak profit is a reliable guide to average
profitability of a project. The use of this method has some
disadvantages though. Some projects reach their peak profit early
while it may take a considerable time for others. A project with a low,
early and consistent profit that give higher profit later can be a good
option as early profit may be re-invested. Therefore, overall profit
maximization may likely involve more than maximizing peak profit.",Economics of Aquaculture Production,https://naerls.gov.ng/wp-content/uploads/2022/11/Economics-of-Aquaculture-Production.pdf,25,official_naerls_bulletin
naerls_0280,livestock_fisheries_or_specialty_crop,Economics of Aquaculture Production,economics aquaculture production net present value sometimes called excess future cash flows minus initial capital cost surplus profits expected repayment principal interest based understanding naira today better higher than tomorrow consider three options outlay streams incomes shown columns table profit capitalized exchanging receipts single discounted,"9.3 Net Present Value
This is sometimes called excess present value. It is the present value of
future net cash in flows minus the initial capital cost. That is, the
present value of the surplus profits expected after repayment of
principal and interest. This is based on the understanding that a Naira
today is better/higher than a Naira tomorrow. Consider the three
options with an initial capital outlay of N 2,900.00, and the streams of
incomes as shown in columns 2,4 and 6 in Table 8. If the streams of
profit are capitalized i.e exchanging the streams of future receipts for a
single, discounted value, we can then compare the projects more
easily. Given some time preference rate, each year’s net cash flow can be
reduced to a present value by multiplying it by l/(l+r) Where r = Interest
 n.",Economics of Aquaculture Production,https://naerls.gov.ng/wp-content/uploads/2022/11/Economics-of-Aquaculture-Production.pdf,26,official_naerls_bulletin
naerls_0281,livestock_fisheries_or_specialty_crop,Economics of Aquaculture Production,economics aquaculture production rate year considered process known discounting may difficult calculate above formula luckily there tables which gives value wide range values figure obtained discount factor present all annual net cash flows then summed give total initial investment subtracted result called npv example assuming,"Rate and n is the year considered. This process is known as
discounting. This may be difficult to calculate using the above formula.
Luckily there are tables which gives the value of 1/(1+r) for a wide
 n range of values of r and n. The figure obtained is known as the discount
factor. The present values of all the annual net cash flows can then be
summed up to give the Total Present Value. If the initial investment is
subtracted from the total present value, the result is called the Net
Present Value (NPV). For example, assuming that the three aquaculture projects with initial
capital outlay of N 2,900.00 gave different returns (profit) for different
years as outlined in Table 8, the Net Cash flows have to be brought to
their present values (discounted). These values can then be compared
and a choice made depending on how favourable the venture to be
chosen is. This has been done and presented in Table 8 below,",Economics of Aquaculture Production,https://naerls.gov.ng/wp-content/uploads/2022/11/Economics-of-Aquaculture-Production.pdf,26,official_naerls_bulletin
naerls_0282,livestock_fisheries_or_specialty_crop,Economics of Aquaculture Production,economics aquaculture production table net present value npv three system year discount project tilapia iii factor clarias bagrus ncf cumulative total less initial investment,"Table 8 Net Present Value (NPV) of three aquaculture system
 Year Discount Project 1 Tilapia Project II Tilapia- Project III Tilapia
 factor Clarias Bagrus-Clarias
 20% NCF PV NCF PV NCF PV
 0 1 2 3=1x2 4 5=4x1 6 7=6x1
 1 1 (2900) (2,900) (2,900) (2,900) (2,900) (2,900)
 2 0.8333 700 583.31 1,000 833.3 510 424.98
 3 0.5787 700 405.09 1,000 578.7 510 295.14
 4 0.4823 700 337.61 2,000 964.6 510 245.97
 5 0.4019 700 281.33 2,000 803.8 510 204.97
 6 0.3399 700 237.93 - - 510 173.35
 7 0.2791 700 195.37 - - 450 125.60
 8 0.1938 800 186.08 - - 510 118.63
 9 0.1615 - - - - 900 174.42
 10 0.1615 - - - - 700 113.05
 Cumulative NCF 2,800 NA 4,100 NA 2,020 NA
 Total Present Value NA 2,712.8 NA 3,071 NA 2,230.25
 Less Initial Investment NA 2,900.00 NA 2,900.00 NA 2,900.00
 Net Present Value NA -187.2 NA 171 NA -669.75",Economics of Aquaculture Production,https://naerls.gov.ng/wp-content/uploads/2022/11/Economics-of-Aquaculture-Production.pdf,27,official_naerls_bulletin
naerls_0283,livestock_fisheries_or_specialty_crop,Economics of Aquaculture Production,economics aquaculture production when training net cash flow accounted clear only option tilapia clarias repay capital cost interest percent ten years most favored therefore chosen case average explanation purposes discount factor say per cent may show different picture options worthy note reasonable rates takes rate,"When the training of the net cash flow is accounted for, it is clear that
only Option II (Tilapia-Clarias) can repay the capital cost with an
interest of 2O percent in ten years. Option II is the most favored and
therefore chosen. In this case an average of 20% has been used for
explanation purposes. Using a discount factor of say 16 per cent may
show a different picture of the options. It is worthy to note that a
reasonable discount rates that takes the rate of inflation and interst
into consideration is preferred. This is because different rates
give.different ranking between projects. It should-be noted that when
using the Net Present Value, a negative figure shows that the project
considered is not worth investing in but if a choice must be made the
one with the lowest negative value is chosen. The major disadvantage",Economics of Aquaculture Production,https://naerls.gov.ng/wp-content/uploads/2022/11/Economics-of-Aquaculture-Production.pdf,27,official_naerls_bulletin
naerls_0284,livestock_fisheries_or_specialty_crop,Economics of Aquaculture Production,economics aquaculture production inability give adequate indication what choice make case different options another simpler tool could benefit cost ratio shows accrued benefits project expended funds less than one viable perhaps most commonly method capital investment analysis considers net earning over entire life span simply,"of this is its inability to give an adequate indication of what choice to
make in the case of different options. Another simpler tool that could be
used is the Benefit cost ratio. It shows the ratio of the accrued benefits
of the project to the expended funds. A ratio of less than one shows that
the project is not viable. This is perhaps the most commonly used method of capital investment
analysis. It considers net earning over the entire life span of the
investment. Simply put, it is the rate at which the net present worth of
the cash flow equal zero. It could be represented mathematically using
our example in Table 8, we can calculate the IRR which could be
termed a response to a question in the mind of the investor. This
question is, what interest rate will this option (II) earn considering the
fact that it has a positive Net Present Value that is highest among the
three options? We equally have a question such as what is the earring
power of the money invested in this option? This is termed IRR. It is
calculated using the following method (It uses two discount factors as
follows).",Economics of Aquaculture Production,https://naerls.gov.ng/wp-content/uploads/2022/11/Economics-of-Aquaculture-Production.pdf,28,official_naerls_bulletin
naerls_0285,livestock_fisheries_or_specialty_crop,Economics of Aquaculture Production,economics aquaculture production irr tilapia clarias project therefore major advantage outcome analysis often stated percentages actual rate returns could seen found interpolation discount say per cent increase deserved implication result above every naira invested will generate options iii respectively formula thus confirming our earlier choice,"The IRR for the Tilapia-Clarias project is therefore 27%. The major
advantage of this is that the outcome of this analysis is often stated in
percentages. The actual rate of returns as could be seen is that found
by an interpolation between discount rate to say 10 per cent or by
increase it to 25 per cent as deserved. The implication of the result
above is that every naira invested in the project will generate 27k.
The IRR for Options I and III, are 18% and 14% respectively using the
above formula and thus confirming our earlier choice using other
methods. It should be noted that, it is usually a project that has an IRR
above the cost of borrowing of capital that is accepted, Projects are
ranked in order of the value of IRR. It is not that this method is error
proof, but major problems that could arise due to trial and error can be
overcome especially by using good electronic calculators. Another
problem is that of over simplification in assuming a uniform return that
is constant over a period of time and constant inflation rate that is dealt
with through the process of discounting.",Economics of Aquaculture Production,https://naerls.gov.ng/wp-content/uploads/2022/11/Economics-of-Aquaculture-Production.pdf,29,official_naerls_bulletin
naerls_0286,livestock_fisheries_or_specialty_crop,Economics of Aquaculture Production,economics aquaculture production fish culture interesting enterprise highly profitable prospective investors should know basic investment analysis will guide them taking decision what bulletin tried provide detail preparation feasibility projects financial institutions some non governmental organization adequate information assist farmers hoped long way helping keep records,"Fish culture is an interesting enterprise that can be highly profitable.
Prospective investors should know the basic investment analysis that
will guide them in taking decision. This is what this bulletin has tried to
provide, With detail preparation of feasibility of projects, financial
institutions and some non-governmental organization will have
adequate information to assist prospective fish farmers. It is hoped that
the information in this bulletin will go a long way in helping fish farmers
to keep production and financial records for sustainable and profitable
enterprises.",Economics of Aquaculture Production,https://naerls.gov.ng/wp-content/uploads/2022/11/Economics-of-Aquaculture-Production.pdf,30,official_naerls_bulletin
naerls_0287,livestock_fisheries_or_specialty_crop,Economics of Aquaculture Production,economics aquaculture production amos sustainable fish culture practice kano stale nigeria economic analysis unpublished thesis dept agric econs abu zaria bolorunduro awelewa fishpond sit selection construction naerls extension bulletin fisheries series abdullahi water quality management ponds norman hilton farm planning early stages development fao agricultural,"Amos T. T. (2000). Sustainable Fish Culture Practice in Kano Stale
 Nigeria: An Economic Analysis. Unpublished Ph.D thesis. Dept
 of Agric. Econs ABU., Zaria. 120p Bolorunduro P.I. and .J. Awelewa (1994). Fishpond Sit Selection and
 Construction. NAERLS Extension Bulletin No.98 Fisheries
 Series No.2 20p Bolorunduro P.I. and A. Abdullahi (1996) Water Quality
 Management in Fish Ponds. NAERLS Extension Bulletin No 98
 Fisheries Series No 3.52p Norman Hilton. (1983). Farm Planning in the Early Stages of
 Development FAO Agricultural Services Bulletin No 1.105p Olukosi, J O. and Erhabor P.O. (1987). Introduction to Farm
 Management Economics. Agitab Publishers Ltd, Zaria. 95p Shell, E. W. (1983). Fish Farming Research. Alabama Agricultural
 Experiment Station. Auburn University, Alabanta. 108p.",Economics of Aquaculture Production,https://naerls.gov.ng/wp-content/uploads/2022/11/Economics-of-Aquaculture-Production.pdf,31,official_naerls_bulletin
naerls_0288,livestock_fisheries_or_specialty_crop,Feed Formulation and Feeding Practices in Nigeria Fish Culture,feed formulation feeding practices nigeria fish culture key feature scientific technical bulletins they usually contain information put together different sources address subject matter bulletin works various authors consulted order present fairly documented simple farmers art these referenced duly acknowledged management naerls funds publication while publicity,"A key feature of scientific (technical) bulletins is that they usually
contain information that are put together from different sources to address a
subject matter. For this bulletin, the works of various authors was consulted in
order to present fairly documented information that is simple to farmers in the
art of fish feeding. These sources of information are referenced and duly
acknowledged.
 The Management of NAERLS funds the publication, while the
Publication and Publicity Programme together with the Publication Review
Committee painstakingly did the editorial work and organization of the work
to make it presentable to the intended audience. These are acknowledged.",Feed Formulation and Feeding Practices in Nigeria Fish Culture,https://naerls.gov.ng/wp-content/uploads/2022/11/Feed-Formulation-and-Feeding-Practices-in-Nigeria-Fish-Culture.pdf,2,official_naerls_bulletin
naerls_0289,livestock_fisheries_or_specialty_crop,Feed Formulation and Feeding Practices in Nigeria Fish Culture,feed formulation feeding practices nigeria fish culture table content acknowledgment introduction feedstuffs choosing trial error method pearson square supplementary nutrients requirement nutrient composition processing production pellets ground ingredients examples compoundment habits quantity methods golden rules bibliography,"TABLE OF CONTENT
Acknowledgment......................................................................................... 2
Table of Content............................................................................................ 3
1.0 Introduction...................................................................................... 4
2.0 Feedstuffs in fish culture............................................................... 5
3.0 Choosing the feedstuffs................................................................ 8
 3.1 Trial and Error Method................................................... 8
 3.2 Pearson’s Square Method............................................... 9
4.0 Supplementary feed formulation............................................... 12
4.1 Nutrients Requirement of the Fish............................................. 12
 4.2 Nutrient Composition of Feedstuffs........................... 13
 4.3 Processing of the Feedstuffs................................... 13
 4.4 Feed Formulation............................................................. 13
 4.5 Production of Pellets and Ground Ingredients........ 15
 4.6 Examples in Feed Compoundment........................ 15
5.0 Feeding the Fish.............................................................................. 17
 5.1 Fish Feeding Habits........................................................ 17
 5.2 Quantity of Feed............................................................... 18
 5.3 Methods of Feeding Fish............................................... 20
 5.4 Golden rules in Feeding Fish ................................. 24
6.0 Bibliography................................................................................... 26",Feed Formulation and Feeding Practices in Nigeria Fish Culture,https://naerls.gov.ng/wp-content/uploads/2022/11/Feed-Formulation-and-Feeding-Practices-in-Nigeria-Fish-Culture.pdf,3,official_naerls_bulletin
naerls_0290,livestock_fisheries_or_specialty_crop,Feed Formulation and Feeding Practices in Nigeria Fish Culture,feed formulation feeding practices nigeria fish culture introduction food consists natural artificial supplementary feeds when balanced diet eat they grow fast stay healthy waters well fertilized ponds microscopic plants phytoplankton animals zooplankton insects crustaceans copepods molluscs examples foods available sufficient quantities provide adequate nutrition growth,"1.0 Introduction
 Fish food consists of natural food and artificial (supplementary) feeds.
 When fish have balanced diet to eat, they grow fast and stay healthy. In
 natural waters and well-fertilized ponds, microscopic plants
 (phytoplankton), microscopic animals (zooplankton), insects,
 crustaceans, copepods and molluscs are examples of natural foods.
 When natural foods are not available in sufficient quantities to provide
 adequate nutrition for fish growth, feeds that are manufactured or
 grown outside of the fishpond may be fed at regular intervals (daily,
 weekly, etc.). These feeds supplement natural foods. They are not
 nutritionally complete, and will not adequately support fish growth in
 the absence of natural foods. Natural food organisms in the water will
 provide essential nutrients. In the absence of natural foods,
 nutritionally complete manufactured feeds that contain all essential
 nutrients must be fed to fish. This is applicable to commercial oriented
 fishfarms or high technology based culture systems. Some examples
 of supplementary feeds that are acceptable to fish are commercially
 produced rations for chickens and pigs. Rice brans, cassava leaves,
 kitchen refuse, oil seed cakes or other agricultural products and by
 products. These are used in extensive or semi-intensive culture
 system.
 Artificial feeds are well-compounded mixture of feedstuffs and can be
 in mash or pellets form that could be fed to fish. Mash feeds are good
 for fries and pellets (0.8m-1mm) for fingerlings, juveniles (2mm-
 3mm)and adults (4.5mm) depending on pellet sizes. Although the use
 of artificial feeds may be costly, especially the commercially
 compounded ration, they have the following advantages in fish
 culture:
 1. Enable high stocking density (stocking maximization)
 especially in Polyculture system.
 2. They promote faster growth of fish, since food will al
 ways be available.",Feed Formulation and Feeding Practices in Nigeria Fish Culture,https://naerls.gov.ng/wp-content/uploads/2022/11/Feed-Formulation-and-Feeding-Practices-in-Nigeria-Fish-Culture.pdf,4,official_naerls_bulletin
naerls_0291,livestock_fisheries_or_specialty_crop,Feed Formulation and Feeding Practices in Nigeria Fish Culture,feed formulation feeding practices nigeria fish culture high yield guaranteed relative stocking density uneaten artificial feeds pond water will biologically degraded acts fertilizer promote plankton growth farmer while study behavior monitor health generally major factors affecting rate temperature quantity adequacy quality method frequency therefore seen,"3. High fish yield is guaranteed relative to the stocking density.
 4. Uneaten artificial feeds in the pond water will be biologically
 degraded. This acts as fertilizer to promote plankton growth.
 5. A fish farmer while feeding the fish can study the behavior
 of fish and monitor their health.
 Generally in fish culture, the major factors affecting fish growth are
 stocking rate, stocking density, the water temperature, the quantity
 (adequacy) and quality of feeds, and the feeding method and
 frequency. It can therefore be seen that foods and feeds availability
 and the feeding practices used by farmers will determine to a large
 extent the success or otherwise of a fish culture enterprise.
 Recommended dietary crude protein (CP) requirements for fast and
 healthy growth of fish vary with fish species. Generally requirements
 are:- semi-intensive culture with natural foods (20-25%CP), intensive
 culture for fingerlings (40-48%CP) and juveniles/adult fish in
 intensive culture (30-35%). The dietary protein requirement of some
 locally cultured fish species are shown in Table 1.",Feed Formulation and Feeding Practices in Nigeria Fish Culture,https://naerls.gov.ng/wp-content/uploads/2022/11/Feed-Formulation-and-Feeding-Practices-in-Nigeria-Fish-Culture.pdf,5,official_naerls_bulletin
naerls_0292,livestock_fisheries_or_specialty_crop,Feed Formulation and Feeding Practices in Nigeria Fish Culture,feed formulation feeding practices nigeria fish culture feedstuffs classified major groups energy protein supplements these containing less than crude they essentially plant origin examples cassava wheat offal rice bran maize guinea corn etc made either animal materials higher quality sources,"2.0 Feedstuffs in Fish Culture.
 Feedstuffs are classified into major groups in fish culture - energy
 feedstuffs and protein supplements.
 1. Energy Feedstuffs.
 These are feedstuffs containing less than 20% crude protein.
 They are essentially of plant origin. Examples are cassava,
 wheat offal, rice bran, maize, guinea corn, etc. 2. Protein Supplements.
 These are feedstuffs containing 20% crude protein or more.
 They are made either of plant or animal materials. Protein of
 animal origin are of higher quality than those of plant
 origin. Examples of animal protein sources in fish culture are",Feed Formulation and Feeding Practices in Nigeria Fish Culture,https://naerls.gov.ng/wp-content/uploads/2022/11/Feed-Formulation-and-Feeding-Practices-in-Nigeria-Fish-Culture.pdf,5,official_naerls_bulletin
naerls_0293,livestock_fisheries_or_specialty_crop,Feed Formulation and Feeding Practices in Nigeria Fish Culture,feed formulation feeding practices nigeria fish culture meal bone blood etc soybean groundnut cake cottonseed some examples plant protein materials wide range local feedstuffs such agricultural products animal meals farm available farmers utilize table conversion ratio presents dry weight needed produce one unit wet low,"fish meal, bone meal, blood meal, etc. Soybean meal, groundnut cake
and cottonseed cake are some examples of plant protein materials.
A wide range of local feedstuffs such as agricultural by-products,
animal meals, and on farm products are available in Nigeria for
farmers to utilize in fish culture (Table 2). The conversion ratio in
Table 2 presents the dry weight of feed needed to produce one unit wet
weight of fish. A low conversion ratio means that fish will convert the
feed into flesh more efficiently. High ratios indicate less efficient
conversion. For example it takes about 4 to 6kg of ground maize, but
10 to 20kg of cassava peel to produce 1kg of fish flesh. .
 Table 1: Dietary Protein requirements of some locally cultured fish species
 Local Names
 Fish Ibo Yoruba Hausa %Crude
 Protein
 requirement.
 Tilapia Ikpopo Epere Tarfasa
 (Oreochromis
 niloticus)
 Fry 50-55
 Fingerlings 35 - 40
 Juveniles 30 - 35
 Adult 25 - 30
 Catfish Alala Abori Tarwada
 (Clarias
 gariepinus)
 Fry 50 - 55
 Fingerlings 40-45
 Juveniles 35-40
 Catfish Echim Aro Ramboshi
 (Heterobranchus
 bidorsalis)
 Fry 50 -55
 Fingerlings 42 - 45
 Adult 35 - 40
 Common Carp
 (Cyprinus
 Caprio)
 Fry 50-52
 Fingerlings 38
 Juveniles 30-35
 Adult 25-30
 Grass Carp
 (Ctenopharynglo
 n idella)
 Fry 50
 Fingerlings 41 - 43
 Juveniles 30
 Adult 25
 Source - NIFFR Extension Guide Series No. 4",Feed Formulation and Feeding Practices in Nigeria Fish Culture,https://naerls.gov.ng/wp-content/uploads/2022/11/Feed-Formulation-and-Feeding-Practices-in-Nigeria-Fish-Culture.pdf,6,official_naerls_bulletin
naerls_0294,livestock_fisheries_or_specialty_crop,Feed Formulation and Feeding Practices in Nigeria Fish Culture,feed formulation feeding practices nigeria fish culture table nutrient composition some local feedstuffs expected conversion ratio flesh protein fat fibre carbo dry mineral hydrate matter maize white yellow guinea corn palm kernel cake cotton seed rice bran husk groundnut industrial kulikuli raw soyabean meal toasted,"Table 2: Nutrient Composition of some local feedstuffs and expected conversion ratio of
 feed to fish flesh
___________________________________________________________________________________
Feedstuffs % Protein %Fat %Fibre %Carbo- %Dry %Mineral Conversion
 Hydrate Matter Ratio
___________________________________________________________________________________
Maize (white) 9.3 5.0 2.4 70.9 88.0 1.8 5
Maize (Yellow) 10.8 3.6 3.5 71.2 88 1.9 5
Guinea Corn 11.2 2.5 2.3 74.1 88 1.8 5
Palm kernel Cake 19.1 7.6 43.2 17.9 - 5.5 8
Cotton Seed Cake 40.1 8.3 31.9 12.4 91 5.1 5
Rice Bran/Husk 9.9 4.4 40.2 8.7 91 21.8 5
Groundnut Cake 48.0 13.2 8.1 18.9 93 6.3 5
(Industrial)
Groundnut Cake 40.6 23.4 6.0 19.0 93 6.2 5
(Kulikuli)
Raw Soyabean 40.7 22.0 6.3 16.6 90 6.4 4
Soyabean Meal 46.2 24.8 4.7 17.2 90 7.9 4
(toasted slightly)
Soyabean Meal 48.1 23.9 4.1 20.7 90 7.9 4
(toasted severaly)
Fish Meal (Tilapia) 57.7 1.8 5.2 - 92 33.6 2
Clupeid (large size) 71.3 8.0 1.1 - 92 20.2 2
Clupeid (Small size) 68.5 8.0 0.4 - 92 17.8 2
Cow Blood Meal 86.0 0.7 2.1 6.5 92 5.0 2
Millet 9.0 5.0 0.7 83.2 90 2.3 5
Flour Mill Sweepings 12.5 14.5 7.5 58.0 - - -
Brewers Waste 22.8 17.8 18.8 46.4 93 - 10
Cassava (Peeled) 2.6 0.5 0.4 94.1 88 2.4 18
Cassava (peels only) 5.3 1.2 21.0 66.6 88 6.0 18
Cassava (Unpeeled) 2.7 0.5 3.1 91.0 88 2.7 18
Cassava leaves 14.7 8.4 15.6 45.2 88 16.1 18
Mucuna 28.5 0.7 9.5 57.2 91 4.0 4
Water leaf 21.1 1.5 10.3 87.4 - 4.6 -",Feed Formulation and Feeding Practices in Nigeria Fish Culture,https://naerls.gov.ng/wp-content/uploads/2022/11/Feed-Formulation-and-Feeding-Practices-in-Nigeria-Fish-Culture.pdf,7,official_naerls_bulletin
naerls_0295,livestock_fisheries_or_specialty_crop,Feed Formulation and Feeding Practices in Nigeria Fish Culture,feed formulation feeding practices nigeria fish culture choosing feedstuffs single ingredients may fed supplement available natural food pond however combining make better quality supplemental would grow well containing crude protein which animal sources when abundant stocked low densities content suitable commercial operations where higher table,"3.0 Choosing the Feedstuffs.
 Single feed ingredients may be fed to fish to supplement available
 natural food in a pond. However, combining ingredients may make
 better quality supplemental feed. Fish would grow well on a feed
 containing 20 to 30% crude protein, of which 7 to 10% of the protein is
 from animal sources. When natural food is abundant and fish are
 stocked at low densities, a 20 to 25% protein content is suitable. A
 30% or more crude protein content is more suitable for commercial
 operations where fish are stocked at higher densities.
 From Table 2, it is possible to choose a feed mixture of desired protein
 level when preparing supplemental feed. Two simple methods can be
 used to determine how much of a selected ingredient should be used
 for making a fish feed with a desired crude protein content. These are
 discussed below:",Feed Formulation and Feeding Practices in Nigeria Fish Culture,https://naerls.gov.ng/wp-content/uploads/2022/11/Feed-Formulation-and-Feeding-Practices-in-Nigeria-Fish-Culture.pdf,8,official_naerls_bulletin
naerls_0296,livestock_fisheries_or_specialty_crop,Feed Formulation and Feeding Practices in Nigeria Fish Culture,feed formulation feeding practices nigeria fish culture would contain crude protein listed ingredients were combined indicated make containing approximately weight since content pearson square method may two preferable trial error examples formulations shown example find proportions rice bran meal tilapia required ease calculations figures rounded,"This feed would contain 28.4kg of crude protein if 100kg of the listed
ingredients were combined as indicated. This would make a feed containing
approximately 28% crude protein by weight since
28.4kg x 100kg = 28.4% protein content.
100 3.2 Pearson’s Square Method.
 This method may be used for two or more feed ingredients and is
 preferable to the trial and error method. Examples of feed formulations
 with two and more ingredients are shown.
 Example 1: - Two Ingredients.
 Find the proportions of rice bran and fish meal (Tilapia) required to
 make a feed containing 30% crude protein. For ease of calculations
 the %CP figures are rounded up e.g. 57.7 = 58.
1. Draw a square (see Pearson’s Square 1 Diagram)
2. Place the desired protein level at the center of the square. In this case,
 30%.
3. Place the two ingredients on the two left corners of the square along
 with the protein content of each.
4. Calculate the difference in crude protein content of the two ingredients
 (58 and 10) and record this number (48) near the lower left corner of
 the square.
5. Subtract the desired protein level (30%) of the feed from the protein
 content of each ingredient. Ignore positive or negative signs. The
 difference between percentages of protein in rice bran and in the feed
 (20) represents the amount of fish meal needed. The difference
 between fish meal and the feed (28) represents the amount of rice bran
 needed.
6. Add the differences obtained at the right corners of the square
 (20 and 28) and record their sum (48) near the bottom right
 corner. The sum in the right corner should equal the difference in
 protein content recorded near the lower left corner of the square.",Feed Formulation and Feeding Practices in Nigeria Fish Culture,https://naerls.gov.ng/wp-content/uploads/2022/11/Feed-Formulation-and-Feeding-Practices-in-Nigeria-Fish-Culture.pdf,9,official_naerls_bulletin
naerls_0297,livestock_fisheries_or_specialty_crop,Feed Formulation and Feeding Practices in Nigeria Fish Culture,feed formulation feeding practices nigeria fish culture divide differences obtained step which were sum then multiply each obtain percentage ingredient needed thus meal rice bran combined make containing crude protein described composed example find proportions soybean cake yellow maize brewers waste content draw square place,"7. Divide the differences obtained in step 5, which were 20 and by 28 by
 the sum obtained in step 6, which was 48 and then multiply each by
 100 to obtain the percentage of each ingredient needed for the feed.
 Thus, 42kg of fish meal and 58kg of rice bran are combined to make
 100kg of fish feed containing 30% crude protein. The feed can also be
 described as being composed of 42% fish meal and 58% rice bran. In this example, find the proportions of soybean meal cake, fish meal, yellow
maize and brewers waste needed to make a fish feed with a 30% crude protein
content.
1) Draw a square and place the desired protein level (30%) at the center of
 the square. (Pearson’s Square 2 Diagram).
2) Group the ingredients into energy sources (crude protein less than
 20%) and protein supplements (crude protein greater than 20%).
3) Calculate an average for the crude protein (CP) contents of each group
 of ingredients (Table 1).",Feed Formulation and Feeding Practices in Nigeria Fish Culture,https://naerls.gov.ng/wp-content/uploads/2022/11/Feed-Formulation-and-Feeding-Practices-in-Nigeria-Fish-Culture.pdf,10,official_naerls_bulletin
naerls_0298,livestock_fisheries_or_specialty_crop,Feed Formulation and Feeding Practices in Nigeria Fish Culture,feed formulation feeding practices nigeria fish culture energy sources yellow maize brewers waste total average note slightly higher crude protein content feedstuff place averages obtained above left corners square calculate difference supplements record near lower corner answer case subtract desired level combined opposite diagonal ignore,"Energy Sources:
Yellow Maize = 11%CP
Brewers Waste = 23%CP*
 _______________________________
 Total = 34%CP
 Average: 34÷2 = 17%CP
* Note that Brewers waste has a slightly higher crude protein content as an
energy feedstuff.
4) Place the averages obtained above at the left corners of the square.
5) Calculate the difference in crude protein content between the protein
 supplements and energy sources and record this near the lower left
 corner of the square. The answer in this case is 35.
6) Subtract the desired protein level (30%) of the feed from the combined
 protein content of the protein supplements and energy sources and
 place the difference in the opposite diagonal corners. Ignore positive
 or negative signs. Results are 22 and 13, respectively for the protein
 supplements and energy sources.
7) Add these differences and record the sum near the lower right corner of
 the square. In this case, the answer is 35 on the left and 35 on the right
 side.
8) Divide the left side sum (35) into each difference obtained in step 6 (13
 and 22) and multiply by 100 to calculate the percentage of protein
 supplement and energy source needed for the feed. The respective
 answers are 37% and 63%.
9) One half of the protein supplement (18.5%) is provided by fish",Feed Formulation and Feeding Practices in Nigeria Fish Culture,https://naerls.gov.ng/wp-content/uploads/2022/11/Feed-Formulation-and-Feeding-Practices-in-Nigeria-Fish-Culture.pdf,11,official_naerls_bulletin
naerls_0299,livestock_fisheries_or_specialty_crop,Feed Formulation and Feeding Practices in Nigeria Fish Culture,feed formulation feeding practices nigeria fish culture meal one half provided soybean oil cake energy sources yellow maize brewer waste thus make containing crude protein combination ingredients including following proportions would mixed supplementary successful farmer must acquainted information nutrient requirement essential nutrients required include amino,"meal and one half is provided by soybean oil cake. One half of the energy
sources (31.5%) is provided by yellow maize and one half is provided by
brewer’s waste meal.
Thus, to make 100kg of fish feed containing 30% crude protein from a
combination of ingredients including fish meal, soybean meal cake, yellow
maize and brewer’s waste the following proportions would be mixed
Fish 18.5kg
Soybean meal cake 18.5kg
Yellow Maize 31.5kg
Brewer’s Waste 31.5kg 4.0 Supplementary feed Formulation
 For a successful fish feed formulation, a fish farmer must be
 acquainted with the following information:
4.1 Nutrient requirement of the fish.
 Essential nutrients required by fish include
 1. Protein and amino acid - for body building, growth main
 tenance and reproduction.
 2. Carbohydrates - for needed energy in body activities.",Feed Formulation and Feeding Practices in Nigeria Fish Culture,https://naerls.gov.ng/wp-content/uploads/2022/11/Feed-Formulation-and-Feeding-Practices-in-Nigeria-Fish-Culture.pdf,12,official_naerls_bulletin
naerls_0300,livestock_fisheries_or_specialty_crop,Feed Formulation and Feeding Practices in Nigeria Fish Culture,feed formulation feeding practices nigeria fish culture fats fatty acids energy normal body functioning lipid function sparing nutrient protein synthesis vitamins minerals growth maintenance reproduction composition feedstuffs these either supplements refer table some locally available processing most anti nutritional factors which will harmful substances alter,"3. Fats and fatty acids - for energy and normal body functioning.
 Lipid also function as sparing nutrient for protein synthesis.
 4. Vitamins and minerals - for growth maintenance and
 reproduction.
4.2 Nutrient Composition of Feedstuffs
 These are either energy feedstuffs or protein supplements. Refer to
 Table 2 for some locally available feedstuffs used in fish culture.
4.3 Processing of the Feedstuffs
 Most feedstuffs have anti-nutritional factors, which will be harmful to
 fish. The anti-nutritional factors are substances, which alter the
 nutritional value of the feedstuffs and at the same time affect the health
 of fish. They may be inherent in the foodstuffs or contaminants on the
 feedstuffs. They prevent easy digestion of protein in the feed. The
 best way to destroy anti-nutritional factors is to heat treat the
 feedstuffs. Heat destroys such factors e.g. tripsin inhibitors in raw
 soybean or groundnut and gossypol in cottonseed.
4.4 Feed Formulation
 This is the method of combining selected ground feed ingredients in
 varying proportions to comply with predetermined nutrient
 requirements. When feedstuffs for desired % crude protein content
 have been chosen (as in section 3.0 of this bulletin), they can be
 prepared/compounded through a process of milling, mixing and
 pelleting.Milling can be carried out with the hammer milling (Figure
 1).",Feed Formulation and Feeding Practices in Nigeria Fish Culture,https://naerls.gov.ng/wp-content/uploads/2022/11/Feed-Formulation-and-Feeding-Practices-in-Nigeria-Fish-Culture.pdf,13,official_naerls_bulletin
naerls_0301,livestock_fisheries_or_specialty_crop,Feed Formulation and Feeding Practices in Nigeria Fish Culture,feed formulation feeding practices nigeria fish culture mixing ingredients including premixes performed hand before adding warm hot water stirring form dough cereals formular adequate bind particles mixture cassava starch may added binder mechanical mixer large scale production figure some companies fabricating pelleting machines locally product,"Mixing of ingredients including the premixes can be performed by hand
before adding warm/hot water with stirring to form dough. If cereals in the
formular are not adequate to bind the particles of the feed mixture, cassava
starch may be added as a binder. A mechanical mixer can be used for large
scale feed production (Figure 2). Some companies are fabricating pelleting machines locally. The Product
Research and Development Agency (PRODA), Enugu fabricated some
attached with hammer mill for ease of feed production. The common kitchen
hand cranker can also be used for pelleting by small-scale farmers. (Figure
3).",Feed Formulation and Feeding Practices in Nigeria Fish Culture,https://naerls.gov.ng/wp-content/uploads/2022/11/Feed-Formulation-and-Feeding-Practices-in-Nigeria-Fish-Culture.pdf,14,official_naerls_bulletin
naerls_0302,livestock_fisheries_or_specialty_crop,Feed Formulation and Feeding Practices in Nigeria Fish Culture,feed formulation feeding practices nigeria fish culture pelleting pellets should dried sun oven packed water impermeable bags nylon prevent attack mould other pests producing ground ingredients get good quality particle size uniform fine grinding preferable leaf meals before iii measured mixed thoroughly desired proportions determine,"After pelleting, the pellets should be dried in the sun or oven and
 packed in water impermeable bags e.g. nylon bags. This is to
prevent attack by mould and other pests.
4.5 Producing of Pellets and Ground Ingredients
 i Get good quality feed ingredients
 ii Particle size of ground ingredients should be uniform. Fine
 grinding is preferable. Leaf meals should be sun or oven dried
 before grinding.
 iii Measured ingredients should be mixed thoroughly in desired
 proportions.
 iv Determine what pellet type to produce i.e. whether floating or
 sinking types for surface feeders or bottom feeding fish
 respectively. Sand may serve as sinker when added to pellet.
 For floating pellet, add or spray oil.
 v Particle size of pellets for most fish range from 2mm-9mm in
 diameter.
 vi Dry rations, such as rice bran, ground maize and leaf meals,
 may be stored in a cool, dry place for several weeks. Portions
 may be taken as needed to feed fish.
 vii Moist rations can be prepared daily by adding about 350ml of
 water per kg of ingredients to form a dough-like mixture. This
 ration may be stored in plastic bags or containers and divided
 for morning and afternoon feeding.
 Examples in Feed Compoundment
 The examples illustrated below are based on the use of standardized
 weight measures (kilogram and litre) and equivalents, using local
 measures (Tiya and milk-tin). Table 3 shows the standardization of
 home gadgets.",Feed Formulation and Feeding Practices in Nigeria Fish Culture,https://naerls.gov.ng/wp-content/uploads/2022/11/Feed-Formulation-and-Feeding-Practices-in-Nigeria-Fish-Culture.pdf,15,official_naerls_bulletin
naerls_0303,livestock_fisheries_or_specialty_crop,Feed Formulation and Feeding Practices in Nigeria Fish Culture,feed formulation feeding practices nigeria fish culture table standardization home gadgets volume weight water equivalent litre mudu milk tin tiya tiyas gallon bucket gallons kerosine head pan example prepare vitamin premix tins blood meal wood ash red pepper total juvenile adult soyabean maize bonemeal salt,"Table 3. Standardization of Home Gadgets.
Volume Weight of Water Equivalent
1 litre of water 1 kg of water
1 mudu of water (8 milk tin) 1 kg of water
1 tiya of water (16 milk tin) 2 kg of water
2 tiyas (1 gallon) 4 kg of water
1 bucket (4 gallons) 16 kg of water
1 kerosine tin (5 gallons) 20 kg of water
1 head pan (3 gallons) 12kg of water Example 1. To prepare Vitamin Premix
 KG. Milk Tins
Blood meal - 2.6 18
Fish meal - 1.0 8
Wood Ash - 0.5 10
Red Pepper - 0.5 6
Total - 4.6kg 42 Milk tins Example 3. 35% CP for Juvenile/Adult Fish
 KG Tiya/M.tin
Soyabean - 80.00 32.00 tiya
Maize - 17.00 6.8
Bonemeal - 2.25 0.5 tiya (1 mudu)
Salt - 0.50 2.00 m.tin
Vit. Premix - 0.25 1.90 (2m.tin)
 Source . Aduku (1992).",Feed Formulation and Feeding Practices in Nigeria Fish Culture,https://naerls.gov.ng/wp-content/uploads/2022/11/Feed-Formulation-and-Feeding-Practices-in-Nigeria-Fish-Culture.pdf,16,official_naerls_bulletin
naerls_0304,livestock_fisheries_or_specialty_crop,Feed Formulation and Feeding Practices in Nigeria Fish Culture,feed formulation feeding practices nigeria fish culture feeds provided increase yields especially beneficial when fertilization practiced pond does respond well iii stocked high density confined cage pen other media held tanks usually satisfy energy requirements quantity would consume depends various factors such appetite initiated hunger,"5.0 Feeding the Fish
 Feeds are provided to increase fish yields, and are especially
 beneficial;
 i. When fertilization is not practiced
 ii When a pond does not respond well to fertilization
 iii. When fish are stocked at high density in a pond
 iv. When fish are confined in a cage, pen or other culture media.
 v When fish are held in tanks.
 Fish usually feed to satisfy their energy requirements. The quantity of
 feed fish would consume depends on various factors such as the fish
 appetite initiated by hunger for food, the feed quantity as well as its
 palatability. All things being equal, a well-fed fish will grow well and
 a poorly fed fish will have retarded growth and prone to diseases.
 Farmers must supply fish under culture with nutritious diet on regular
 (daily or weekly) basis at the required level (recommended rates).",Feed Formulation and Feeding Practices in Nigeria Fish Culture,https://naerls.gov.ng/wp-content/uploads/2022/11/Feed-Formulation-and-Feeding-Practices-in-Nigeria-Fish-Culture.pdf,17,official_naerls_bulletin
naerls_0305,livestock_fisheries_or_specialty_crop,Feed Formulation and Feeding Practices in Nigeria Fish Culture,feed formulation feeding practices nigeria fish culture habits generally species different some carnivores they mainly flesh foods like fingerlings crustaceans worms water environment tiger hydrocynus forksali omnivores both plant animal materials tilapia while herbivores mostly grass carp most able food accept supplementary feeds polyculture system,"5.1 Fish Feeding Habits.
 Generally, fish species have different feeding habits.
 Some fish are carnivores i.e. they feed mainly on flesh foods like
 fingerlings crustaceans and worms in the water environment e.g. the
 Tiger fish, Hydrocynus forksali. Some are omnivores i.e. they feed on
 both plant and animal materials e.g. Tilapia. While some are
 herbivores i.e. feed mostly on plant materials e.g. Grass carp. Most
 fish under culture are able to feed on plant and animal food materials
 and accept supplementary feeds.
 In a polyculture system, fish species can exploit different levels of the
 pond for food. Surface feeders include the Tilapias, mid water feeders
 include Clarias while Heterotis is a typical bottom feeder. A fish
 culturist should take these feeding habits into consideration in
 planning pond stocking.",Feed Formulation and Feeding Practices in Nigeria Fish Culture,https://naerls.gov.ng/wp-content/uploads/2022/11/Feed-Formulation-and-Feeding-Practices-in-Nigeria-Fish-Culture.pdf,17,official_naerls_bulletin
naerls_0306,livestock_fisheries_or_specialty_crop,Feed Formulation and Feeding Practices in Nigeria Fish Culture,feed formulation feeding practices nigeria fish culture quantity rates may adjusted monthly basis estimating biomass total weight pond there several ways determining two most common catch small number weigh them average sample multiply stocked calculate then daily recommended least samples per hectare farm should randomly,"5.2 Quantity of Feed
 Feeding rates may be adjusted on a monthly basis by estimating the fish
 biomass (total weight of fish in a pond). There are several ways of
 determining this. The two most common ways are:
 i. Catch small number of fish and weigh them. Use the average weight
 of the sample to multiply the number of fish stocked to calculate the
 fish biomass in the pond. Then feed them at 3-5% of the biomass
 daily.
 It is recommended that at least 100 fish samples per hectare of fish
 farm should be randomly taken. Then use the following equation to
 estimate the quantity of feed required for daily ration.
 F = WxSxP
 1000 x 100 kg/ha/day
 Where,
 F = Weight of feed
 W = Weight of fish
 S = Stocking rate
 P = Percentage body weight
 Example
 A farmer has 3000 fingerlings in an hectare of fish farm with average
 weight of 15g. The quantity of daily ration at 5% body weight can be
 calculated as follows.
 F = 15 x 3000 x 5 = 2.25kg/ha/day
 1000 x 100",Feed Formulation and Feeding Practices in Nigeria Fish Culture,https://naerls.gov.ng/wp-content/uploads/2022/11/Feed-Formulation-and-Feeding-Practices-in-Nigeria-Fish-Culture.pdf,18,official_naerls_bulletin
naerls_0307,livestock_fisheries_or_specialty_crop,Feed Formulation and Feeding Practices in Nigeria Fish Culture,feed formulation feeding practices nigeria fish culture growth rate will differ depending amount natural food pond type supplementary given species size stocking water temperature table shows what percentage body weight should fed tilapia certain information may rough guide determine rates following formula calculating daily ration,"Growth rate will differ depending on the amount of natural food in the
pond, the type and amount of supplementary feed given, fish species and
size, the stocking rate, and the water temperature. Table 4 shows what
percentage of body weight should be fed to Tilapia of a certain size. This
information may be used as a rough guide to determine feeding rates. The
following formula can be used in calculating the daily ration (based on
Table 4). F = S x W x P kg/ha/day
 100
 Where,
 F = Weight of feed
 S = Stocking rate
 W = Average Weight of Fish (determined from average
 length reading)
 P = Percentage Body Weight
 Example.
 A farmer has 3000 fingerlings of Tilapia in a hectare of fish farm with
 average length of 16cm. The quantity of daily ration at 5% body
 weight can be determined thus:
 F = 3000 x 90 x 5 = 13.5kg/ha/day
 100
 Note:- The value for w (average weight) is read from value for average
 length in Table 4.",Feed Formulation and Feeding Practices in Nigeria Fish Culture,https://naerls.gov.ng/wp-content/uploads/2022/11/Feed-Formulation-and-Feeding-Practices-in-Nigeria-Fish-Culture.pdf,19,official_naerls_bulletin
naerls_0308,livestock_fisheries_or_specialty_crop,Feed Formulation and Feeding Practices in Nigeria Fish Culture,feed formulation feeding practices nigeria fish culture approximate length weight relationships tilapia appropriate rates size average individual percentage body fed daily,"Approximate length/weight relationships for tilapia and appropriate feeding rates.
________________________________________________________________________
_____
 Fish Size (cm) Average Individual Percentage of Body
 weight
 Fish Weight (g) Fed Daily
 2.0 1 ---------------------------
 3.0 5
 7.5 10
 9.5 20 5%
 11.0 30
 12.0 40
 13.0 50 ---------------------------
 14.0 60
 14.5 70
 15.0 80 4%
 16.0 90
 16.5 100 ---------------------------
 17.0 110
 17.5 120
 18.0 130
 18.5 140
 19.0 150 3%
 19.5 160
 20.0 175
 20.5 185
 21.0 200 --------------------------
________________________________________________________________________",Feed Formulation and Feeding Practices in Nigeria Fish Culture,https://naerls.gov.ng/wp-content/uploads/2022/11/Feed-Formulation-and-Feeding-Practices-in-Nigeria-Fish-Culture.pdf,20,official_naerls_bulletin
naerls_0309,livestock_fisheries_or_specialty_crop,Feed Formulation and Feeding Practices in Nigeria Fish Culture,feed formulation feeding practices nigeria fish culture methods fed supplementary feeds two ways manually mechanically manual carried out process called broadcasting throwing pond hand either one spot over wide area figure good method because farmer observe behavior practice however labor intensive especially large farms very,"5.3 Methods of Feeding Fish
 Fish can be fed supplementary feeds in two ways - Manually or
 Mechanically.
 1. Manual Feeding
 This is carried out by a process called broadcasting i.e.
 throwing feeds into the pond by hand either on one spot in the
 pond or over a wide area (Figure 4). Broadcasting is a good
 method of feeding fish because the farmer can observe the
 behavior of the fish. This practice is however labor intensive,
 especially in large fish farms. It is however very suitable for
 small-holder aquaculturists. When a farmer feeds the fish
 from one spot in the pond, feeding frames can be placed at one
 or 2 spots in the pond to minimize feed wastage (Figure 5).",Feed Formulation and Feeding Practices in Nigeria Fish Culture,https://naerls.gov.ng/wp-content/uploads/2022/11/Feed-Formulation-and-Feeding-Practices-in-Nigeria-Fish-Culture.pdf,21,official_naerls_bulletin
naerls_0310,livestock_fisheries_or_specialty_crop,Feed Formulation and Feeding Practices in Nigeria Fish Culture,feed formulation feeding practices nigeria fish culture mechanical suitable large scale commercial farms method capital intensive performed feeders which could either demand type automatic feeder makes feeds available operates simple funnel shaped device metal trigger hanging water measured amount placed released when shakes figure,"2. Mechanical Feeding
 This is suitable for large-scale commercial fish farms. The method
 is capital intensive and is performed by mechanical feeders, which
 could either be demand type or automatic.
 i Demand Feeder.
 This makes feeds available to fish on “demand”. It operates
 through a simple funnel shaped device with a metal trigger
 hanging into the water. A measured amount of feed is placed in
 the funnel and the feed is released when the fish shakes the
 metal trigger (Figure 6).",Feed Formulation and Feeding Practices in Nigeria Fish Culture,https://naerls.gov.ng/wp-content/uploads/2022/11/Feed-Formulation-and-Feeding-Practices-in-Nigeria-Fish-Culture.pdf,22,official_naerls_bulletin
naerls_0311,livestock_fisheries_or_specialty_crop,Feed Formulation and Feeding Practices in Nigeria Fish Culture,feed formulation feeding practices nigeria fish culture golden rules rule always same time place become trained learn when where they fed two feedings per day normal half daily amount given mid morning early afternoon never overfeed give only much will consume minutes less uneaten pollute,"5.4 Golden Rules in Feeding Fish
 RULE 1: Always feed fish at the same time and place.
 Fish become trained and learn when and where they are fed. Two
 feedings per day are normal. Half of the daily amount is given about
 mid-morning and half in the early afternoon.
 RULE 2: Never overfeed the fish
 Give only as much feed as the fish will consume in 20 minutes or less.
 Uneaten feed will pollute the water and increase the cost of raising
 your fish. When accumulated uneaten feed decomposes water may
 become low in dissolved oxygen. In such ponds, fish will usually be
 seen at the pond surface in the predawn hours gulping air. They will
 die if the oxygen concentration in the water becomes too low. Steps
 must be taken to exchange or aerate the pond water. Feeding should be
 temporarily suspended when dissolved oxygen is low to improve
 water quality.
 Signs of overfeeding are listed below.
1. An obvious inability of the fish to consume all of the feed
 offered within a 20-minute period. A farmer can walk into the
 feeding area of his pond 20 minutes after feeding and feel the
 pond bottom. If a large amount of feed is stirred up, too much
 feed is being offered. Feed may also be placed on trays or plat
 forms, which are lowered into the water. These platforms can
 then be pulled up after feeding to determine the quantity of feed
 consumed.
2. A foul smell in the water when the bottom sediments are disturbed. A
 handful of bottom sediment picked up from the feeding area should not
 be black and foul smelling.
3. An overabundance of phytoplankton. Overfeeding can make
 plankton become so abundant that a submerged object can only be
 seen at depths less than 25cm. This should be a warning sign to
 farmers that indicates possible overfeeding.",Feed Formulation and Feeding Practices in Nigeria Fish Culture,https://naerls.gov.ng/wp-content/uploads/2022/11/Feed-Formulation-and-Feeding-Practices-in-Nigeria-Fish-Culture.pdf,24,official_naerls_bulletin
naerls_0312,livestock_fisheries_or_specialty_crop,Feed Formulation and Feeding Practices in Nigeria Fish Culture,feed formulation feeding practices nigeria fish culture rule harvest day stop hours before they harvested allows them clean intestines makes better able survive stress handling transportation will save regulate quantities cold season daily ration should halved during temperature most floating pellets such continuous addition pond,"RULE 3: Do not feed on harvest day
Stop feeding fish 24 to 48 hours before they are harvested. This allows them to
clean their intestines and makes them better able to survive the stress of
handling and transportation. It will also save feed. RULE 4 Regulate feed quantities at cold season
The daily ration for fish should be halved during cold season (<20 c temperature)
 o Most fish will not feed on floating pellets at such season, continuous feed addition to
the pond, since there will be low feed utilization.
At such periods sinking pelletes are preferable. Most tropical fish are off-feed
when temperature is below 20 c o",Feed Formulation and Feeding Practices in Nigeria Fish Culture,https://naerls.gov.ng/wp-content/uploads/2022/11/Feed-Formulation-and-Feeding-Practices-in-Nigeria-Fish-Culture.pdf,25,official_naerls_bulletin
naerls_0313,livestock_fisheries_or_specialty_crop,Feed Formulation and Feeding Practices in Nigeria Fish Culture,feed formulation feeding practices nigeria fish culture bibliography aduku practical livestock feeds production tropics asekome publishers zaria bolorunduro management technical paper training adp subject matter specialists monthly technology review meetings method formulating com pounded locally available ingredients small scale producers poultry eyo niffr extension guide,"Bibliography
1. Aduku,.A.O (1992). Practical Livestock Feeds Production in the
 tropics. Asekome and Co.Publishers, Zaria. 2. Bolorunduro P.I (1994) Feeding and Management of Fish in P o n d s .
 Technical Paper for training of ADP Subject Matter Specialists in
 Monthly Technology Review Meetings. 3. Bolorunduro P.I. (1995) Practical Method of Formulating Com
 pounded Feeds using Locally Available Ingredients for Small Scale
 Producers of Poultry and Fish. Technical paper for training of
 ADP Subject Matter Specialists in Monthly Technology Review
 Meetings. 4. Eyo. A.A. (1996). Fish Feed Formulation NIFFR Extension
 Guide Series NO. 4. In collaboration with GTZ and NAERLS. 5 Eyo. A.A. (1996). Feeding Practices in Fish Farming. NIFFR
 Extension Guide Series NO. 7. In collaboration with GTZ and
 NAERLS. 6 ICA (1991) International Centre for Aquaculture and Aquatic
 Environments. Feeding your Fish. Water Harvesting Manuals.
 GTZ. Auburn University.",Feed Formulation and Feeding Practices in Nigeria Fish Culture,https://naerls.gov.ng/wp-content/uploads/2022/11/Feed-Formulation-and-Feeding-Practices-in-Nigeria-Fish-Culture.pdf,26,official_naerls_bulletin
naerls_0314,livestock_fisheries_or_specialty_crop,Fish Culture in Ponds,fish culture ponds relevant scientific information pooled together bulletin were sourced mainly national institute freshwater fisheries research niffr new bussa special thanks assistance providing needed results work other authors indexed bibliography greatly acknowledged support director management naerls painstaking publication review committee efforts publicity programme all,"Relevant scientific information pooled together for this bulletin were
sourced mainly from the National Institute For Freshwater Fisheries Research
(NIFFR) New Bussa, special thanks go to NIFFR’s for assistance in providing
the needed results of their research work. Other authors indexed in the
bibliography are greatly acknowledged.
 The support of the Director and Management of NAERLS, the
painstaking work of the Publication Review Committee of NAERLS, and the
efforts of the Publication and Publicity Programme all combined made this
bulletin production possible.",Fish Culture in Ponds,https://naerls.gov.ng/wp-content/uploads/2022/11/Fish-Culture-in-Ponds.pdf,2,official_naerls_bulletin
naerls_0315,livestock_fisheries_or_specialty_crop,Fish Culture in Ponds,fish culture ponds table content acknowldgment contents introduction pond systems construction design level management input practices scale production commonly cultured species site selection homestead commercial farm land survey hints fertilization stocking liming feeding control diseases predators cropping harvesting keepng records bibliography,"TABLE OF CONTENT
 Acknowldgment................................................................ 2
 Table of Contents............................................................... 3
1.0 Introduction........................................................................ 4
2.0. Pond Culture Systems........................................................ 4
 2.1. Construction design.............................................. 4
 2.2. Level of Management Input.................................. 8
 2.3. Fish culture practices............................................ 8
 2.4. Scale of production............................................... 10
3.0. Commonly cultured fish species...................................... 10
4.0. Site Selection.................................................................... 13
 4.1. Homestead Fish pond............................................ 13
 4.2. Commercial Fish Farm.......................................... 13
5.0. Land survey and fish farm design..................................... 15
6.0. Hints on pond construction.............................................. 16
7.0. Pond Fertilization.............................................................. 17
8.0. Stocking............................................................................ 18
9.0. Liming Practices............................................................... 21
10.0. Feeding pond fish............................................................. 24
11.0. Control of diseases/predators.......................................... 26
12.0. Cropping/Harvesting pond fish........................................ 28
13.0. Keepng farm records....................................................... 29
 Bibliography...................................................................... 31",Fish Culture in Ponds,https://naerls.gov.ng/wp-content/uploads/2022/11/Fish-Culture-in-Ponds.pdf,3,official_naerls_bulletin
naerls_0316,livestock_fisheries_or_specialty_crop,Fish Culture in Ponds,fish culture ponds introduction involves controlled cultivation harvesting either family consumption sales market although over thirty years old nigeria yet develop relatively when compared arable agriculture livestock production wide range practices exist culturing cultured marine sea water brackish mixture freshwater lagoons rivers streams lakes inland,"1.0. Introduction
Fish culture involves the controlled cultivation and harvesting of fish for either
family consumption or sales in the market. Although fish culture is over thirty
years old in Nigeria, it is yet to develop relatively when compared with arable
agriculture and livestock production.
A wide range of practices exist in culturing fish. Fish can be cultured in marine
(sea water), brackish (mixture of sea and freshwater i.e. lagoons) or freshwater
(rivers, streams and lakes in the inland), Depending on the facilities designed
to serve as enclosures in rearing, fish can be grown in earthen ponds, concrete
tanks, cages, pens, or run-ways. The level of mangement practices can make a
fish farm to be extensive or intensive system. When species combinations are
taken into consideration, culture systems can be either monoculture (rearing
only one type of fish) or polyculture (rearing two or more species of fish
together).
A fish pond is an enclosure (earthen or concrete) built to retain water for the
purpose of growing fish. Wooden troughs, fibre glass and plastic tanks are
other media of growing fish. Growing fish in ponds from which they cannot
escape allows feeding, breeding, growing and harvesting of the fish in a wellplanned way.",Fish Culture in Ponds,https://naerls.gov.ng/wp-content/uploads/2022/11/Fish-Culture-in-Ponds.pdf,4,official_naerls_bulletin
naerls_0317,livestock_fisheries_or_specialty_crop,Fish Culture in Ponds,fish culture ponds pond systems classified mainly following criteria construction design level management input practices scale production earthen these constructed digging soil carefully selected site good enough retain water figure where structure weak adequate dug out reinforced concrete make suitable,"2.0. POND CULTURE SYSTEMS
Fish ponds can be classified mainly using the following criteria:-
 (a) Construction design
 (b) Level of management input
 (c) Fish culture practices
 (d) Scale of production
2.1. Construction Design
 1. Earthen Ponds: These are constructed by digging soil in a
 carefully selected site that is good enough to retain water for
 fish culture. (Figure 1a) Where the soil structure is weak to
 retain adequate water, dug out earthen ponds can be reinforced
 with concrete to make it suitable for fish culture.
 3",Fish Culture in Ponds,https://naerls.gov.ng/wp-content/uploads/2022/11/Fish-Culture-in-Ponds.pdf,4,official_naerls_bulletin
naerls_0318,livestock_fisheries_or_specialty_crop,Fish Culture in Ponds,fish culture ponds conrete embarkment these pond constructed ground above surface concrete wall fig raise place porous sandy soil within living premises barrage type building across stream running low valley ensures enough water retention growth diversion supplied diverted river channel called such known relief rosary,"2. Conrete/Embarkment Ponds: These are pond constructed on
 the ground, that is above the ground surface with concrete wall
 (Fig. 1b). Concrete ponds can be used to raise fish in a place
 with porous or sandy soil or within living premises.
3. Barrage Ponds: This is a type of pond constructed by
 building a wall across a stream running in a low valley. The
 wall ensures enough water retention for fish growth (Fig. 1c)
4. Diversion Ponds: Ponds supplied by water diverted from a
 river/stream through a channel are called diversion ponds.
 Such pond, is also known as Relief Pond (Fig. 1d)
5. Rosary Ponds: These are ponds built in a string and each
 drains into the other and are all managed as a single unit due to
 their water connection.
6. Parallel Ponds: These are ponds located in an area with each
 having its own inlet and outlet. (Fig. 1f).",Fish Culture in Ponds,https://naerls.gov.ng/wp-content/uploads/2022/11/Fish-Culture-in-Ponds.pdf,5,official_naerls_bulletin
naerls_0319,livestock_fisheries_or_specialty_crop,Fish Culture in Ponds,fish culture ponds level management input depending inputs especially feeding fertilization liming pond systems classified extensive semi intensive system when food base exclusively naturally occcuring without supplementation either feeds fertilizer one practice popular small scale producers there occasional supplementary addition natural productivity augumented manures demands,"2.2. Level of Management Input
Depending on the level of management inputs, especially in feeding,
fertilization and liming, pond culture systems can be classified as Extensive,
Semi-Intensive or Intensive.
1. Extensive Culture System: When food base in a pond is
exclusively naturally occcuring without supplementation ( either by feeds or
fertilizer), the culture system is an extensive one. This practice is popular with
small-scale producers
2. Semi-Intensive Culture System In this system, there is
occasional supplementary feeds addition and natural productivity is
augumented with manures.
3. Intensive Culture System This demands a higher level of
management input. Feeds and fertilizers are intensively applied following
appropriate recommended rates. Suitable liming materials like agricultural
lime are also applied to stimulate productivity and disinfect the pond of
parasite and diseases. Fish grow very fast when intensively managed and
grow least in extensive management. Most commerical farms adopt this
approach.
4 Hyper intesive culture system: Th system demands the highest leel of
management inpouts. Ths culture environment is completely under control.
Feeding is totally with highly formulated pellets. Mechanical, and automoted
feeders are used. The main features are intensive recyclatory with biofiltration
tanks. Highest fish yield obtained in this system.
2.2 Fish Culture Practices
Pond can be classified as monoculture or polyculture.
1. Monoculture: This is the practice of culturing only one species of fish
in a pond unit (Fig. 2a). Under monoculture, a farmer may grow only Clarias
in the pond. He will be able to know more about the management of Clarias
than other fish species.",Fish Culture in Ponds,https://naerls.gov.ng/wp-content/uploads/2022/11/Fish-Culture-in-Ponds.pdf,8,official_naerls_bulletin
naerls_0320,livestock_fisheries_or_specialty_crop,Fish Culture in Ponds,fish culture ponds scale production homestead rackyard pond managed augument family protein intake size such could vary according land space available commercial farms usually area less than hectare farm will demand attention farmer since income generation major purpose behind establishment concrete tanks units intensive,"2.4. Scale of Production
1. Homestead/Rackyard Ponds: This is a fish pond that is managed to
augument family protein intake. The size of such a pond could vary according
to land space available e.g. 10m x 10m.
2. Commercial Fish Ponds/Farms: This , usually have an area of land not less
than 0.25 hectare under culture. Such a farm will demand more attention from
the fish farmer, since income generation is the major purpose behind its
establishment. Concrete tanks units of not less than 200m can also be intensive
 2",Fish Culture in Ponds,https://naerls.gov.ng/wp-content/uploads/2022/11/Fish-Culture-in-Ponds.pdf,10,official_naerls_bulletin
naerls_0321,livestock_fisheries_or_specialty_crop,Fish Culture in Ponds,fish culture ponds commonly cultured species generally purpose rearing enough eat generate additional income especially commercial farms all perform creditably well profitable venture farmer ideal candidate must either these qualities fast grower heterobranchus accept utilize properly supplementary feeds tilapia iii hardy resistance disease clarias tolerant,"3.0. COMMONLY CULTURED FISH SPECIES
Generally the purpose of rearing fish is to have enough to eat and generate
additional income especially in commercial farms. Not all fish species
perform creditably well in culture. For a profitable venture, the fish farmer’s
ideal candidate species must have either of these qualities:-
i. Fast grower e.g. Heterobranchus
ii. Accept and utilize properly, supplementary feeds e.g. Tilapia
iii. Must be hardy and resistance to disease, e.g. Clarias
iv. Must be tolerant to poor water quality e.g. Clarias
v. The fish must be easy to breed in captivity. E.g. Tilapia
vi. It must attract low production cost (Tilapia/Clarias)
vii. Acceptable and marketable to consumers, e.g. Carp Clarias.",Fish Culture in Ponds,https://naerls.gov.ng/wp-content/uploads/2022/11/Fish-Culture-in-Ponds.pdf,10,official_naerls_bulletin
naerls_0322,livestock_fisheries_or_specialty_crop,Fish Culture in Ponds,fish culture ponds common name scientific tilapia oreochromis niloticus nilotica guineensis melanopleura sarotherodon galilaeus mud cat clarias garinpinus carp cyprinus carpio spotted synodontis filamentosus red heterobranchus dorsalis niger perch lates african bony tongue heterotis grey chrysichthys nigrodigitatus trunk gymnarchus bagrus bayad moon labeo coubie citharinus,"COMMON NAME SCIENTIFIC NAME
 Tilapia* Oreochromis niloticus (Tilapia nilotica)
 Tilapia guineensis
 Tilapia melanopleura
 Sarotherodon galilaeus
 Mud Cat-fish* Clarias (garinpinus)
 Common Carp* Cyprinus Carpio
 Spotted Cat-fish** Synodontis filamentosus
 Red mud cat-fish** Heterobranchus bi-dorsalis
 Niger perch * * Lates niloticus
 African bony tongue* * Heterotis niloticus
 Grey cat-fish* * Chrysichthys nigrodigitatus
 Trunk-fish* * Gymnarchus niloticus
 African Carp* * Bagrus bayad
 Moon fish* * Labeo coubie
 Cat-fish* * Citharinus citerus
from the
  Fingerlings readily available in hatcheries
  Fingerlings not readily available in hatcheries, but can be collected
 from the wild.
Source – Ita E,O, 1989. Flat head grey mullet * Mugil cephalus
 Tilapia* Tilapia Zilli
 Tilapia guinensis
 Tilapia melanotheron
 Atlantic Tarpon * * Megalops atlanticus",Fish Culture in Ponds,https://naerls.gov.ng/wp-content/uploads/2022/11/Fish-Culture-in-Ponds.pdf,11,official_naerls_bulletin
naerls_0323,livestock_fisheries_or_specialty_crop,Fish Culture in Ponds,fish culture ponds homestead pond house backyard suitable fig earthen concrete purpose soil site should able retain water commercial farm farming first requirement choice land establishment such must sited near topography construction source river stream spring well borehole free pollutants medium culturing result supply guaranteed,"4.1. Homestead Fish Pond For homestead fish culture, the house
backyard is suitable. (Fig. 3). Earthen/Concrete pond can be used for this
purpose. Soil at site of the earthen pond should be able to retain water. 4.2. Commercial Fish Farm In commercial fish farming, the first
requirement is the choice of a suitable land for the establishment of the farm.
Such a land must be sited near water with suitable topography for pond
construction (Fig. 4). The water source can be river/stream, spring, well or
borehole. The water must be free from pollutants. Water is the medium for
culturing fish; as a result the supply of water must be guaranteed throughout
the culture period. The topography of the land should not be too hilly or too
flat. A slightly depressed marshy land that can retain water for a long time is
ideal for pond construction.",Fish Culture in Ponds,https://naerls.gov.ng/wp-content/uploads/2022/11/Fish-Culture-in-Ponds.pdf,13,official_naerls_bulletin
naerls_0324,livestock_fisheries_or_specialty_crop,Fish Culture in Ponds,fish culture ponds soils too porous sandy soil clayey good water retention capacity very low while pond high proportion clay above composition will turbid concentration suspended solids dangerous suitable which loam simple test includes following dig deep take sample depth wet handful earth rub palms,"Soils that are too porous (sandy soil) or too clayey are not good for fish culture.
In sandy soils, the water retention capacity is very low, while pond soil with
high proportion of clay (above 40% composition) will be turbid
(concentration of suspended solids). This is dangerous for fish. A suitable
soil is that which has a good proportion of clay and loam (i.e. 40%:60%)
simple test of soil for water retention includes the following:-
1. Dig the soil to about 10cm deep and take a soil sample at that depth. Wet a
handful of the earth with water and rub it on the palms. If it forms a continuous
thread, then it can retain water and is good for fish pond construction (Fig. 5).
2. Squeeze a little amount of the moist soil, if it holds shape, them it is good
and suitable for pond (Fig. 5).
3. A bucket full of water can also be poured into the dug hole. If the
percolation rate (rate of disappearance of the water) is fast, (i.e. within 1min)
the site is not good enough for fish pond construction.
Soil experts can also be consulted for analysis in case of large scale farming
with huge capital investment.",Fish Culture in Ponds,https://naerls.gov.ng/wp-content/uploads/2022/11/Fish-Culture-in-Ponds.pdf,14,official_naerls_bulletin
naerls_0325,livestock_fisheries_or_specialty_crop,Fish Culture in Ponds,fish culture ponds land survey farm design once suitable acquired should surveyed registered surveyor topographic map produced permit other structures varies nature slope gentle enough good valley chanelling water stream river construction storage reservoir may necessary most sloping valleys channelization practicable hence might block course,"5.0. LAND SURVEY AND FISH FARM DESIGN
 Once a suitable land has been acquired, it should be surveyed by a
registered surveyor and a topographic map produced to permit the design of
fish ponds and other structures.
 The design of a fish farm varies with the nature of the land. If the slope
is gentle enough (a good valley of 1:2 slope) to permit chanelling of water
from the stream or river into the farm, the construction of a storage reservoir
may not be necessary. In most gentle sloping valleys, channelization may not
be practicable hence it might be necessary to block the course of water in order
to raise the water level. This is to permit diversion of water into ponds lined
along (parallel to) the course of the river or stream. Such a dam may not
necessarily form a stroage reservoir suitable for fish production because of the
fast flowing nature of the river during the flood season and the difficulty of
screening off the fish.",Fish Culture in Ponds,https://naerls.gov.ng/wp-content/uploads/2022/11/Fish-Culture-in-Ponds.pdf,15,official_naerls_bulletin
naerls_0326,livestock_fisheries_or_specialty_crop,Fish Culture in Ponds,fish culture ponds hints pond construction conducting feasibility study planning type size build site selected work start refer naerls bulletin selection details depending nature surrounding land could manual mechanical marshy lands heavy aquipment advisable due risks difficulties such equipment kinds terrain large farm may require,"6.0. HINTS ON POND CONSTRUCTION
 After conducting a feasibility study and planning on the type and size
of pond to build on the site selected, construction work can start (refer to
NAERLS Bulletin Fish Pond Site Selection and Construction for details).
Depending on the nature of the surrounding land, the construction could be
manual or mechanical. In marshy lands, the use of heavy aquipment is not
advisable. The is due to the risks and difficulties of using such equipment in
those kinds of terrain. Construction of a large farm may require the services of
an Aquaculture Engineer or a Technical expert from any Fisheries institution.
 The main parts of any fish pond to be constructed are the dam walls
(dikes), the water inlet and outlet system (Fig.7). Pond dikes must be well
compacted to prevent leakages. Concrete ponds are preferable in areas where
the soil is too sandy for earthen ponds or enough land is not available or the
pond is required within the living premises. Cost of construction of concrete
ponds vary with the size of pond, location, availability and cost of labour,
source of water and cost of inputs such as cements, sand, gravel, plastic pipes,
solid blocks, etc.",Fish Culture in Ponds,https://naerls.gov.ng/wp-content/uploads/2022/11/Fish-Culture-in-Ponds.pdf,16,official_naerls_bulletin
naerls_0327,livestock_fisheries_or_specialty_crop,Fish Culture in Ponds,fish culture ponds pond fertilization two types fertilizers these organic manures inorganic agricultural application rates shown table fertilizer helps enriching water nutrients plankton production which feed there should regular keep colour green bright incates fertile rich deep indicates over fertility farmier guide against excessive manure,"7.0. POND FERTILIZATION
 Two types of fertilizers can be used for pond fish culture. These are
organic manures and inorganic or agricultural fertilizers. Application rates of
these fertilizers are shown in Table 3.
Fertilizer helps in enriching water nutrients for plankton production on which
fish feed. There should be regular application of fertilizer to keep the water
colour green. Bright green colour incates that the pond is fertile (rich in
organic nutrients).Deep green colour of ponds water indicates over fertility. A
farmier should guide against excessive fertilizer/manure application. To
avoid depletion of dissolved oxygen in pond water The consequence of such
is massive fish death.",Fish Culture in Ponds,https://naerls.gov.ng/wp-content/uploads/2022/11/Fish-Culture-in-Ponds.pdf,17,official_naerls_bulletin
naerls_0328,livestock_fisheries_or_specialty_crop,Fish Culture in Ponds,fish culture ponds table recommended fertilizer application rate type appplication comments organic cow manure month applied bottom new before filling possible poultry ducks per combined layers pigs ratio males pig week females inorganic basic slag one lime triple super phosphate twice monthly ammonium sulphate four,"TABLE 3: Recommended Fertilizer Application Rate in Ponds
 FERTILIZER TYPE APPPLICATION COMMENTS
 RATE
 ORGANIC
 1. Cow Manure 500kg/ha/month 3,000kg/ha to be applied to bottom
 of new ponds before filling, if
 possible.
 2. Poultry Manure 112-224kg/ha/wk Or 1,000 ducks per ha. In combined
 culture or 350 layers per ha.
 Or 100 pigs/ha at ratio of 1:3 males
 3. Pig Manure 560-1680kg/ha/week to females in combined culture. INORGANIC
 1. Basic slag (15% of 36kg/ha/month To be applied one week after
 0
 P2 5) application of lime.
 2. Triple Super
 Phosphate (T.S.P) 60kg/ha/month Applied twice monthly 3. Ammonium Sulphate 300-400kg/ha/month Applied twice monthly
 (A.S.)
 To be applied monthly for four
 4. Mixture of TSP and 133-238kg/ha/month months
 A.S.
 Source - Ita E. O. 1989.",Fish Culture in Ponds,https://naerls.gov.ng/wp-content/uploads/2022/11/Fish-Culture-in-Ponds.pdf,18,official_naerls_bulletin
naerls_0329,livestock_fisheries_or_specialty_crop,Fish Culture in Ponds,fish culture ponds stocking introduction fingerlings adult new pond environment two sources possible collected wild rivers streams lakes etc hatcheries existing where already adapted condition closer source getting better reduce bearest minimum mortality during transportation should water they hardy species like clarias hetero branchus transported,"8.0. STOCKING
Stocking is the introduction of fish (fingerlings or adult fish) into the new pond
environment. Two sources of stocking are possible. Fish can be collected
from the wild (rivers, streams, lakes, etc) or from hatcheries/existing fish
ponds where fish are already adapted to culture condition. The closer the
source of getting the fish to the pond, the better; to reduce to the bearest
minimum fish mortality during transportation. Fish should be collected with
the water of the environment they have been used to. Hardy fish species like
Clarias and Hetero branchus can be transported in plastic basins over a short
and fair distance (Fig. 8). For longer distances, fish fingerlings should be
transported in polythene bags containing water and oxygen (Fig. 9).",Fish Culture in Ponds,https://naerls.gov.ng/wp-content/uploads/2022/11/Fish-Culture-in-Ponds.pdf,18,official_naerls_bulletin
naerls_0330,livestock_fisheries_or_specialty_crop,Fish Culture in Ponds,fish culture ponds one week survive well then pond fully stocked recommended stocking rate ratio species another male female density number per square metre water avoid over crowding should practised will ease management problems enhance success some combination nigeria shown table recommen ded rates fingerlings,"one week. If the fish survive well, then the pond can be fully stocked.
 Recommended stocking rate of fish (ratio of one species to another or
male to female) and stocking density (number of fish per square metre of pond
water) to avoid over-crowding, should be practised. This will ease
management problems and enhance the success of the fish culture. Some
combination of fish under culture in Nigeria are shown in Table 4. TABLE 4: Species Combination and Recommen ded Stocking Rates (Fingerlings) per
 hectare.
 Freshwater Brackish Water 1. MONOCULTURE
 Tilapia spp. 10,000 - 20,000 10,000 - 20,000
 Clarias (mudfish) 3,000 - 5,000 -
 Heterotis 500 - 1,000 -
 Carp 3,000 - 6,000 -
 Migil species - 10,000 - 20,000
 Grey Cat fish 7,000 - 8,000 -
 2. POLYCULTURE
 Tilapia + Carp 2,000 – 3,000+2500 -
 Tilapia + Clarias 40,000- 6,600 -
 Tilapia + Tarpon - 6,000 + 4,500
 Tilapia + Mulet - 8,000 + 10.000
 Tilapia + Mugil - 10,000 + 10,000
 Tilapia + Mugil + -
 Grey Cat Fish - 10,000 +2,500+1,000",Fish Culture in Ponds,https://naerls.gov.ng/wp-content/uploads/2022/11/Fish-Culture-in-Ponds.pdf,20,official_naerls_bulletin
naerls_0331,livestock_fisheries_or_specialty_crop,Fish Culture in Ponds,fish culture ponds liming practices what process application agricultural industrial limes pond soils water acidic may necessary soil tested laboratory analysis kit determine whether required why should limed important following reasons lime corrects acidity suitable range hydrogen ion concentration considered gro makes available phosphorus added,"9.0. LIMING PRACTICES
 (a) What is Liming?
 Liming is the process of application of agricultural/industrial limes to
 fish ponds. If pond soils/or water are not acidic, liming may not be
 necessary. Soil and water may be tested in a laboratory or with a water
 analysis kit to determine whether liming is required. (b) Why Should A Pond Be Limed?
 Liming of fish ponds is important for the following reasons:-
1. Lime corrects the acidity of pond water to the suitable PH range(Hydrogen
 Ion Concentration). A of 5 – 9 is considered suitable for fish gro
2. Lime makes available phosphorus added in fertilizer for plant use.
 Phosphorus promotes the growth of algae (the microscopic plants) which
 are the base of natural fish food production in ponds.
3. Lime acts as disinfectants of pond bottom, especially in newly constructed
 ponds or ponds in fallow.
4. Lime helps in reducing water turbidity i.e. in settling soil particles in
 muddy ponds.",Fish Culture in Ponds,https://naerls.gov.ng/wp-content/uploads/2022/11/Fish-Culture-in-Ponds.pdf,21,official_naerls_bulletin
naerls_0332,livestock_fisheries_or_specialty_crop,Fish Culture in Ponds,fish culture ponds how apply lime applied pond bottom before impoundment filling water flooded pre application following steps should followed applying prepared lumps break fine powder matching bag spread evenly fig iii disc harrow rake mix soil manually,"(c) How to Apply Lime
 Lime can be applied to pond bottom before impoundment (in filling
 with water) or to a flooded pond.
 Pre-Impoundment Application
 The following steps should be followed in applying lime to a
 prepared pond.
i. If lime is in lumps, break the lumps to fine powder by matching on the
 bag.
ii. Spread the lime evenly on the pond bottom (Fig. 10)
iii. A disc harrow or rake can be used to mix the lime with the pond soil
 manually.",Fish Culture in Ponds,https://naerls.gov.ng/wp-content/uploads/2022/11/Fish-Culture-in-Ponds.pdf,21,official_naerls_bulletin
naerls_0333,livestock_fisheries_or_specialty_crop,Fish Culture in Ponds,fish culture ponds precaution wear protective clothes shoes preferably rain boots applying lime pond bottom much possible avoid inhaling dust dangerous health application take bath post impoundment already infilled water then following steps tie mouth sack containing material bag pole allow sip freely fig hours,"Precaution
1. Wear protective clothes and shoes (preferably rain boots) in applying
 lime to pond bottom.
2. As much as possible, avoid inhaling the lime dust. This is dangerous to
 health.
3. After application, take a bath. Post-Impoundment Application.
If the pond is already infilled with water, then take the following steps.
1. Tie the mouth of the sack containing the lime material.
2. Tie the bag to a pole and allow the lime to sip freely into water (Fig.
 11).
3. After about 48 hours (2 days) retrieve the sack from the pond. By this
 time, the lime material must have sipped completely into the pond.",Fish Culture in Ponds,https://naerls.gov.ng/wp-content/uploads/2022/11/Fish-Culture-in-Ponds.pdf,22,official_naerls_bulletin
naerls_0334,livestock_fisheries_or_specialty_crop,Fish Culture in Ponds,fish culture ponds source dfrri feeding pond feed variety foods these include food produced natural environment feeds given supplement living organisms they water where live phytoplankton microscopic plants zooplankton animals large aquatic like insects crustacea molluscs aguatic all examples fig fertilization increases abundance,"Source: DFRRI (1988)
10.0. FEEDING OF POND FISH
Fish feed on a variety of foods. These include food produced from the natural
pond environment and feeds given as supplement to the pond. (a) Natural Fish Foods
Living organisms are natural fish foods and they are produced in the water
where the fish live. Phytoplankton (microscopic plants), zooplankton
(microscopic animals), and large aquatic organisms like insects, crustacea,
molluscs, and aguatic plants are all examples of natural foods (Fig. 12)
Fertilization increases their abundance..",Fish Culture in Ponds,https://naerls.gov.ng/wp-content/uploads/2022/11/Fish-Culture-in-Ponds.pdf,24,official_naerls_bulletin
naerls_0335,livestock_fisheries_or_specialty_crop,Fish Culture in Ponds,fish culture ponds supplementary feeds when natural foods availanble sufficient quantity provide adequate nutrition growth manufactured grown outside pond may fed regular intervals daily weekly etc these supplement should include finely divided artificiel food like egg yoke bloodmeal meal shrimp flour bean oil cakes bone,"(b)Supplementary Feeds
When natural foods are not availanble in sufficient quantity to provide
adequate nutrition for fish growth, feeds that are manufactured or grown
outside of the fish pond may be fed at regular intervals (daily, weekly, etc).
These feeds supplement natural foods. Supplementary feeds should include
finely divided artificiel food like egg yoke, bloodmeal, fish meal, shrimp
flour, bean flour, oil cakes, bone meals, cereal brans, etc. Adult fish prefer
feeds available in pellet form. Sinking pellets are more suitable to bottom
feeders like Clarias and Heterotis spp., while for Tilapia, floating pellets are
suitable. Pelleted feed of not more than 3.2mm in diameter is suitable for fish
species. It is recommended to feed fish with pellets since the whole nutrients
in the food will be readily taken by the fish. Good quality feed for fish
farming purpose should have the following proximate composition.
 - Protein - 35%
 - Minerals and Vitamins 32 – 33%
 - Fat - 11%
 - Carbohydrate 6 - 10%
Feed ingredients should be free of toxicants, e.g. Haemagglutinins in raw
soyabeans and Gossypol in cotton seed meal. These toxicants can be removed
by roasting the feed stuffing redients. The following are hints for feeding fish
in ponds:
1. In polyculture, the feeding habits of fish species stocked should be
 considered. A combination of species like Tillapia, Clarias and
 Heterotis in the same pond will require sinking and floating
 pellets/crushed meals.
2. Feed fish at definite points in the pond. This will make the fish to
 respond more to feeding spots.
3. Feed fish on daily basis – best times are morning before 7.00 am and
 evening around 6.00pm. Irregular feeding will retard the growth rate
 of fish.
4. Avoid overstocking of pond with feeds. Overstocking can result",Fish Culture in Ponds,https://naerls.gov.ng/wp-content/uploads/2022/11/Fish-Culture-in-Ponds.pdf,25,official_naerls_bulletin
naerls_0336,livestock_fisheries_or_specialty_crop,Fish Culture in Ponds,fish culture ponds water pollution death feed according recommended rates formular preparing varying percentages rich protein feeds shown table formulae various crude levels palm corn bran rice soya nut total kenel meal bean cake weigh protei source niffr annual report,"in water pollution and death of fish. Feed fish according to the recommended
rates.
The recommended feed formular in preparing varying percentages of rich
protein feeds is as shown in Table 6.
Table 6: Feed Formulae for Preparing Feeds of Various Crude Protein Levels % Palm Corn Bran Rice Bran Fish Soya G/nut Total
 Crude Kenel (kg) (kg) Meal bean Cake Weigh
 Protei Cake (kg) Meal (kg) t (kg)
 n (kg) (kg)
 20 45.30 45.30 - 3.1 3.1 3.1 99.99
 20 - 35.80 35.80 - 11.20 11.20 100.00
 35 - 24.0 24.0 17.3 17.3 17.3 99.99
 40 21.2 21.2 - 19.2 19.2 19.2 100.00
Source – NIFFR 1989. Annual Report..",Fish Culture in Ponds,https://naerls.gov.ng/wp-content/uploads/2022/11/Fish-Culture-in-Ponds.pdf,26,official_naerls_bulletin
naerls_0337,livestock_fisheries_or_specialty_crop,Fish Culture in Ponds,fish culture ponds control diseases predators common caused mostly parasites maintaining hygienic pond environment best preventive method checking outbreak occur due overcrowding high density stocking poor water quality resulting kill erratic feeding practices starved highly susceptible attack intrusion most act intermediate host over fertilization leading,"11.0 CONTROL OF DISEASES AND PREDATORS
 (a) Common Fish Diseases
 Fish diseases are caused mostly by fish parasites.
 Maintaining a hygienic pond environment is the best
 preventive method of checking diseases outbreak. Diseases
 can occur in fish pond due to:-
 1. Overcrowding, i.e. high density stocking.
 2. Poor water quality resulting in fish kill
 3. Erratic feeding practices. Starved fish are highly
 susceptible to diseases attack.
 4. Intrusion of predators into the pond. Most predators
 act as intermediate host to fish parasites.
 5. Over fertilization of pond water leading to high density
 algal bloom can reduce the amount of dissolved
 oxygen (DO), affecting fish health.",Fish Culture in Ponds,https://naerls.gov.ng/wp-content/uploads/2022/11/Fish-Culture-in-Ponds.pdf,26,official_naerls_bulletin
naerls_0338,livestock_fisheries_or_specialty_crop,Fish Culture in Ponds,fish culture ponds broadly diseases classified bacterial viral fungal iii protozoan worms crustacean environmental vii nutritional fredators predators natural enemies common should prevented causing losses include water snakes turtles frogs birds king fisher duck etc crocodiles crabs wild carnivorous intruding such ensure regular clearing pond,"Broadly, diseases can be classified into:-
 i. Bacterial and viral
 ii. Fungal
 iii. Protozoan
 iv. Worms
 v. Crustacean
 vi. Environmental, and
 vii. Nutritional
(A) Fish Fredators
Predators are natural enemies of fish. Common fish predators that should be
prevented from causing fish losses in ponds include water snakes, turtles,
frogs, water birds (king fisher and water duck, etc), crocodiles, crabs, etc.
Wild carnivorous fish intruding into ponds are also predators and as such
should be prevented.
 1. Ensure regular clearing of pond site. Predators hide in bushes.
 2. As much as possible, the farmer should fence the pond site.
 3. Most aquatic predators get into the pond through flood water.
 Measures should be taken to protect the pond from flood water.
 4. Hunt the predators, using traps or point blank killing.
Common fish diseases, causative factors or agents, symptoms and treatment
recommended are highlighted in Table 7.",Fish Culture in Ponds,https://naerls.gov.ng/wp-content/uploads/2022/11/Fish-Culture-in-Ponds.pdf,27,official_naerls_bulletin
naerls_0339,livestock_fisheries_or_specialty_crop,Fish Culture in Ponds,fish culture ponds table common diseases causative agents symptoms recommended treatment disease factor agent bacterial infectious pseudomonas puntata swelling belly antibiotic such abdominal dropsy chloramphenicol feed injection fungal gill branchimyces red spots avoid dense stocking branchiomyiosis anguimis remove affected appears fussy isolate treat saprolegnia grey,"Table 7: Common Fish Diseases, Causative Agents, Symptoms and Recommended Treatment
DISEASE CAUSATIVE SYMPTOMS TREATMENT
 FACTOR/AGENT
1. Bacterial
 Infectious Pseudomonas Puntata Swelling of belly Antibiotic such as
 abdominal dropsy chloramphenicol. 1gm/kg of
 (I.A.D.) feed or 5ml injection 2. Fungal
a) Gill or Branchimyces Red spots on the gill Avoid dense stocking.
 Branchiomyiosis anguimis Remove affected fish.
 Appears as fussy, Isolate the fish and treat
b) Saprolegnia Saprolegnia grey whitish with CuS04 dust.
 infection blotches on skin",Fish Culture in Ponds,https://naerls.gov.ng/wp-content/uploads/2022/11/Fish-Culture-in-Ponds.pdf,28,official_naerls_bulletin
naerls_0340,livestock_fisheries_or_specialty_crop,Fish Culture in Ponds,fish culture ponds protozoan ichtyophthirriasis icthyophthirius red patches gill difficult treat when skin parasites dermis drain lime pond worm diseases leeches piscicola geomatra covered put leach cause solution lysol dactylogyrus vastator excessive weakness water seconds fluke gills swells turn salt per grey litre disease caused,"3. Protozoan
 Ichtyophthirriasis Icthyophthirius Red patches on gill Difficult to treat when
 & skin parasites are in the dermis.
 Drain & lime the pond.
4. Worm Diseases
a) Fish Leeches Piscicola geomatra Skin covered with Drain the pond. Put fish in
 the leach cause solution of 1m1 Lysol and
 Dactylogyrus vastator excessive weakness 5l of water for 5 seconds.
b) Fish Fluke Drain the pond. Treat fish
 Gills swells and turn in salt solution of 25gm per
 grey litre of water for 10 seconds.
5. Disease Caused.
 By Crusacean
 Argutus Infection Argutus foliaceus The string of the Drain and lime pond. Treat
 fish lice cause red fish in solution of KMn04
 patches on the fish or Lysol both 1gm/1tr. Of
 skin water for 40 seconds.
6. Environmental
 Diseases Apply 500kg of a
a) Acidic water Low PH below 5 Fish skin covered with CaCo3ha/ha of pond.
 whitish film, gills turn
 brownish. Mortality of
 fish
 Apply lime in a
b) Alkaline water High PH above 9 Mortality of fish sufficient quantity
 according to PH level.",Fish Culture in Ponds,https://naerls.gov.ng/wp-content/uploads/2022/11/Fish-Culture-in-Ponds.pdf,28,official_naerls_bulletin
naerls_0341,livestock_fisheries_or_specialty_crop,Fish Culture in Ponds,fish culture ponds drain pond change water low asphyxia regularly come out gasp atmospheric aerate air device available mass mortality flush fresh wide open mouth high velocity gillss apart enteritis abdomen pressed balance diet fed nutritional lightly yeloow red proportion disease liquid flows protein vitamin,"Drain pond and change
 water
b) Low DO Asphyxia Fish regularly come out
 to gasp for atmospheric Aerate the pond if
 air. device is available or
 Mass mortality of fish flush fresh water by
 with wide open mouth high velocity into the
 and gillss wide apart. pond
 Enteritis If abdomen is pressed Use balance diet fed
7. Nutritional lightly a yeloow-red with high proportion of
 Disease liquid flows from the protein or vitamin to
 anus Intestine is red correct nutritional
 congested and highly deficiency.
 inflamed",Fish Culture in Ponds,https://naerls.gov.ng/wp-content/uploads/2022/11/Fish-Culture-in-Ponds.pdf,28,official_naerls_bulletin
naerls_0342,livestock_fisheries_or_specialty_crop,Fish Culture in Ponds,fish culture ponds cropping harvesting pond system three types practised routine management test partial harvest total croping should cropped routinely monitor growth health examination returned water scoop net suitable fig wounding gears gull,"12.0. CROPPING (HARVESTING) POND FISH
 In fish pond culture system, three types of cropping are practised in
 routine management.
 (a) Test cropping
 (b) Partial harvest
 (c) Total pond harvest
 (A) Test Croping: Fish pond should be test cropped routinely to
 monitor fish growth and health. After examination, test cropped fish
 should be returned to the pond water. A scoop net is suitable for test
 cropping (Fig. 14). Wounding gears e.g Gull not should not e used for
 test harvesting.",Fish Culture in Ponds,https://naerls.gov.ng/wp-content/uploads/2022/11/Fish-Culture-in-Ponds.pdf,29,official_naerls_bulletin
naerls_0343,livestock_fisheries_or_specialty_crop,Fish Culture in Ponds,fish culture ponds partial harvesting when different age group same species combination reared together pond bound mature table sizes times harvest should done appropriate mesh size matured selected market sale family consumption while undersized ones returned periodical enables farmer generate revenue periodically draw net most,"(B) Partial Harvesting When different age group of the same fish species or
different species combination are reared together in pond, the fish are bound to
mature to table sizes at different times. Partial harvest of pond should be done
with appropriate mesh size. Matured fish can be selected for market sale or
family consumption while undersized ones should be returned to the pond.
Periodical harvesting of pond fish enables a farmer to generate revenue
periodically. Draw net is most suitable for harvesting pond fish.",Fish Culture in Ponds,https://naerls.gov.ng/wp-content/uploads/2022/11/Fish-Culture-in-Ponds.pdf,29,official_naerls_bulletin
naerls_0344,livestock_fisheries_or_specialty_crop,Fish Culture in Ponds,fish culture ponds total harvest rear over years totally drained whole harvested pond management point view carried out end production cycle cases emergency like diseases outbreak draw net drag most suitable cropping fig nets should cleaned spread sun dry each harvesting operation preserve prolong operational,"(C) Total Harvest: Ponds that have been used to rear fish for over 10 years
can be totally drained and the whole fish harvested. Total pond harvest from
management point of view can be carried out at the end of a production cycle
or in cases of emergency like diseases outbreak. A Draw Net or Drag Net is
most suitable for total cropping of pond fish. (Fig. 15). Nets should be
cleaned and spread in the sun to dry after each harvesting operation. This is to
preserve and prolong their operational life span. 13.0. KEEPING FARM RECORDS
It is important for prospective fish farmers to keep record of events and
statement of expenditures and income throughout the production cycle of
the fish pond.",Fish Culture in Ponds,https://naerls.gov.ng/wp-content/uploads/2022/11/Fish-Culture-in-Ponds.pdf,30,official_naerls_bulletin
naerls_0345,livestock_fisheries_or_specialty_crop,Fish Culture in Ponds,fish culture ponds log book should contain information following location pond nature soil site ownership type whether private cooperative communal area depth sources water supply date commencement construction completion thickness dam wall agricultural economic activities practised around impoundment fingerlings breeders stocking rate species stocked analysis,"(a) The Log Book This should contain information on the following:-
1. Location of fish pond
2. Nature of soil at site
3. Pond ownership type (whether private, cooperative/communal)
4. Pond area and depth
5. Sources of water supply
6. Date of commencement of construction
7. Date of completion of construction
8. Thickness of dam wall
9. Agricultural/Economic activities practised around
10. Date of pond impoundment
11. Sources of Fingerlings/breeders
12. Stocking rate
13. Species of fish stocked
14. Date of stocking
15. Water analysis result (where possible)
16. Fertilizers applied/fertilization practice
17. Limes/liming practices
18. Supplementary feeds applied, including sources and forms (i.e.
 pellets or grounded).
19. Water management practices
20. Diseases identified
21. Record of fish mortality
22. Staff strength on farm
23. Number of days of contact with advisors, i.e. Extension/Research
 staff.
(B) Total Expenditure This includes cost.
 i. Fixed Cost
 1. Land
 2. Pumps/Tanks and farm equipment
 3. Farm structures
 4. Brood stocks.
 30",Fish Culture in Ponds,https://naerls.gov.ng/wp-content/uploads/2022/11/Fish-Culture-in-Ponds.pdf,31,official_naerls_bulletin
naerls_0346,livestock_fisheries_or_specialty_crop,Fish Culture in Ponds,fish culture ponds variable cost seed fertilizers limes feeds labour maintenance medication transportation consultancy income statement projection record conclusive harvest financial analysis project profitability easily arrived proper records expenditure details estimation refer naerls extension bulletin economics aquaculture production bibliography annual report national institute freshwater fisheries,"ii. Variable Cost
 1. Fish seed
 2. Fertilizers
 3. Limes
 4. Feeds
 5. Labour/maintenance
 6. Medication
 7. Transportation
 8. Consultancy (c) Income Statement
Income projection/record can be conclusive after harvest. Financial analysis
for project profitability can be easily arrived at with proper records of
expenditure and income.
For details on profitability estimation, refer to NAERLS Extension Bulletin
No 107, Economics of Aquaculture Production. BIBLIOGRAPHY
Annual Report 1989. National Institute for Freshwater Fisheries Research,
 New Bussa, Nigeria 45p
Bard. J.P., et. al. 1976. Hand Book of Tropical Fish Culture. Centre
 Technique forestier Tropical, France 165p.
Ita E.O. 1980. Principles and practices of integrated commercial fish farming
 in Nigeria. Technical report series No. 19, National Institute for
 Freshwater Freshwater Fisheries Research, New Bussa.
Viveen W.J.A., et. al. 1986. Practical manual for the Culture of African
 Catfish (Clarias gariepinus) 93P.",Fish Culture in Ponds,https://naerls.gov.ng/wp-content/uploads/2022/11/Fish-Culture-in-Ponds.pdf,32,official_naerls_bulletin
naerls_0347,livestock_fisheries_or_specialty_crop,Fish Pond Fertilization Techniques,fish pond fertilization techniques all sources information pooled together properly documented bibliography bulletin greatly acknowledged staff livestock fisheries technology transfer programme contributed one way other ensure manuscripts were produced minimal errors publication review committee publicity management naerls roles ensuring contained meaningfully disseminated publishing,"All sources of information that have been pooled together and properly
documented in bibliography of the bulletin are greatly acknowledged.
Staff of Livestock and Fisheries Technology Transfer Programme contributed
in one way or the other to ensure that the manuscripts of the bulletin were
produced with minimal errors. The Publication Review Committee, the
Publication and Publicity Programme and the Management of NAERLS are
greatly acknowledged for their roles in this bulletin ensuring that the
information contained are meaningfully disseminated by publishing.",Fish Pond Fertilization Techniques,https://naerls.gov.ng/wp-content/uploads/2022/11/Fish-Pond-Fertilization-Techniques.pdf,2,official_naerls_bulletin
naerls_0348,livestock_fisheries_or_specialty_crop,Fish Pond Fertilization Techniques,fish pond fertilization techniques table content acknowledgment contents introduction reasons fertilizing ponds types fertilizers chemical how apply fertilizer why may respond well some general considerations organic manure work integrated culture application methods annual important notes farmers conclusion bibliography,"TABLE OF CONTENT
Acknowledgment........................................................................ 2
Table of Contents........................................................................ 3
1.0 Introduction..................................................................... 4
2.0 Reasons for fertilizing ponds............................................ 5
3.0. Types of fertilizers............................................................. 7
 3.1 Chemical fertilizers............................................... 9
 3.1.1 How to apply chemical fertilizer........................... 10
 3.1.2 Why pond may not respond well to fertilization... 13
 3.1.3 Some general considerations on
 chemical fertilization............................................ 15
 3.2 Organic fertilizers (manure).................................. 16
 3.2.1 how Organic fertilizers work................................. 17
 3.2.2 Pond fertilization in integrated culture................. 17
 3.2.3 Application methods for annual manure.............. 16
4.0 Important notes to farmers............................................... 19
5.0 Conclusion........................................................................ 22
 Bibliography...................................................................... 23",Fish Pond Fertilization Techniques,https://naerls.gov.ng/wp-content/uploads/2022/11/Fish-Pond-Fertilization-Techniques.pdf,3,official_naerls_bulletin
naerls_0349,livestock_fisheries_or_specialty_crop,Fish Pond Fertilization Techniques,fish pond fertilization techniques introduction unique environment created man must managed properly achieve profitale production farmers different countries increased yields ponds inorganic organic fertilizers manure microscopic green plants called algae phyto plankton form base food chain all need light proper temperature nutrients growth sufficient present,"1.0 INTRODUCTION
A fish pond is a unique environment created by man. It must be managed
properly to achieve profitale production. Fish farmers in different countries
have increased fish yields in ponds by using inorganic and organic fertilizers
or manure.
Microscopic green plants called algae or phyto- plankton form the base of the
food chain for fish. All green plants need light, proper temperature and
nutrients for growth. If sufficient light and proper temperature are present, the
nutrients in chemical fertilizers (nitrogen, phosphorous, and potassium) are
readily assimilated by phytoplankton and their abundance increases. Manures
contain the same nutrient. The concern of every fish farmer would therefore
be how to ensure abundant production of natural foods to meet the demands of
the fish for maximum growth and production.
The type of soil a fish pond is located in determines to a large extent pond
fertility, fish production and ease of management of a fish culture enterprise.
Soils in fish ponds play three vital roles:
i. Supply of the necessary nutrients to grow the desired quantity and
 quality of fish food.
ii. As a medium for holding pond water and providing a base for nutrient
 growth
iii. Production of the bottom algae.
A relationship exists between soil types and growth of algae in most fish
ponds. Soils with high clay (50% clay, 22% silt) and silt content (42% clay,
44% silt) are most desirable for fish ponds Soils of the loam, silty loam, clay
loam or soils with high clay content are relatively more fertile than sandy soils.
Undesirable soils can be improved upon through the addition of organic matter
which is regarded as the reservoir of nitrogen in the soil. As nitrogen in organic
matter is released, algae use it to grow. The growth of these fish foods is
generally determined by the fertility of the pond bottom soils and this can be
improved upon by fertilization. It is therefore very essential that practicing
and prospective fish farmers know the types and quantities of fertilizers
suitable for fish pond to guarantee proper fish growth, yield and enhanced
revenue.",Fish Pond Fertilization Techniques,https://naerls.gov.ng/wp-content/uploads/2022/11/Fish-Pond-Fertilization-Techniques.pdf,4,official_naerls_bulletin
naerls_0350,livestock_fisheries_or_specialty_crop,Fish Pond Fertilization Techniques,fish pond fertilization techniques generally agriculture fertilizers increase farm productivity order make farming ventures profitable essence fertilizing augment minerals needed plant adequately available soil culture important increasing both inorganic chemical organic animal materials useful fishponds stimulate natural following some major benefits derived water microscopic green,"Generally, in agriculture fertilizers are used to increase farm productivity in
order to make farming ventures profitable. The essence of fertilizing is to
augment minerals needed by the plant, but not adequately available in the soil.
 In fish culture, fertilizers are also important in increasing pond
productivity. Both inorganic (chemical) fertilizers and organic (plant and
animal materials) fertilizers are useful in fishponds to stimulate and augment
natural productivity. The following are some of the major benefits that can be
derived in fertilizing pond water.
i Microscopic green plants called algae or phytoplankton form the base of
 the food chain for fish. Fertilizers, when applied serves as nutrients for
 their growth. As phytoplanktons multiply they are eaten directly by some
 fish or by other mostly microscopic aquatic animals called zooplankton.
 However, some fish feed directly on zooplankton. Planktons serve as food
 for larger aquatic animals that are in turn eaten by fish.
ii. When ponds are well fertilized a farmer spends less on artificial feeds in
 augmenting food in fishponds.
iii. Since the essence of business ventures is profit, a farmer stands to gain in
 applying fertilizers to fish ponds. Large size fish will be harvested as
 opposed to stunted fish when nutrients and food in pond water are not
 adequate.
iv. Fertilizers increase the chances of maximizing pond productivity in terms
 of fish species stocked under polyculture. Different fish may have
 different food preferences some can filter plankton, others eat aquatic
 insects and others may feed on decomposing materials (Figure1).",Fish Pond Fertilization Techniques,https://naerls.gov.ng/wp-content/uploads/2022/11/Fish-Pond-Fertilization-Techniques.pdf,5,official_naerls_bulletin
naerls_0351,livestock_fisheries_or_specialty_crop,Fish Pond Fertilization Techniques,fish pond fertilization techniques farmer measures effect abundance phytoplankton when abundant water will greenish color plankton serve measure deep green indicates excessive occurrence may dangerous properly managed since dissolved oxygen photosynthesis activities expense availability light coloration optimal case endangered brownish pale such situation augur well,"A farmer measures the effect of fertilization by the abundance of
phytoplankton. When phytoplankton is abundant, the pond water will be
greenish in color. Plankton abundance can serve as a measure of fertilization.
Deep green color indicates excessive plankton occurrence. This may be
dangerous if not properly managed, since dissolved oxygen (DO) in water
may be used up for photosynthesis activities by phytoplankton at the expense
of its availability to fish. Light green coloration of pond water indicates
optimal fertilization. In this case fish are not endangered. Brownish or pale
coloration indicates under-fertilization of pond water. Such a situation will
not augur well for fish growth.
Plankton abundance can be measured in pond water through the use of a
Secchi disk.",Fish Pond Fertilization Techniques,https://naerls.gov.ng/wp-content/uploads/2022/11/Fish-Pond-Fertilization-Techniques.pdf,6,official_naerls_bulletin
naerls_0352,livestock_fisheries_or_specialty_crop,Fish Pond Fertilization Techniques,fish pond fertilization techniques secchi disk standard way measure visibility transparency water measures diameter painted black white opposing quarters shown figure farmer make round lid good wood attach wooden stick rope marked off centimeters plankton density measured lowering observer back sun while viewing directly above,"The use of Secchi disk is a standard way to measure visibility (transparency) in
water. The disk measures 20cm in diameter and painted black and white in
opposing quarters as shown in Figure 2. The farmer can make the disk from a
round can lid or good wood and attach it to a wooden stick or a rope marked off
in centimeters. Transparency or plankton density is measured by lowering the
disk into the water with the observer’s back to the sun while viewing the disk
directly from above. The depth at which the disk just disappears from sight is
the Secchi disk reading.",Fish Pond Fertilization Techniques,https://naerls.gov.ng/wp-content/uploads/2022/11/Fish-Pond-Fertilization-Techniques.pdf,7,official_naerls_bulletin
naerls_0353,livestock_fisheries_or_specialty_crop,Fish Pond Site Selection and Construction,fish pond site selection construction acknowledgement introduction general considerations selecting sites ponds water source supply nature soil land availability topography vegetation other planning constructing surveying clearing marking out area measuring wall evacuating embankment building drainage structure maintenance possible problems solutions cost items,"Acknowledgement............................................................. 2
1.0 Introduction........................................................................ 3
2.0 General considerationS in selecting sites for fish ponds.... 5
 2.1 Water source and supply.......................................... 6
 2.2 Nature of soil/Land availability............................... 6
 2.3 Topography.............................................................. 8
 2.4 Vegetation of the site............................................... 9
 2.5 Other considerations................................................ 9
3.0 Planning the pond............................................................... 11
4.0 Constructing the pond........................................................ 13
 4.1 Surveying and clearing land site.............................. 13
 4.2 Marking out area of pond........................................ 13
 4.3 Measuring and marking out the wall....................... 13
 4.4 Evacuating the pond................................................ 13
 4.5 Embankment/pond wall building............................. 14
 4.6 Drainage structure.................................................... 15
5.0 Pond structure maintenance................................................ 17
6.0 Possible construction problems and solutions.................... 18
7.0 Fish pond construction cost items...................................... 19",Fish Pond Site Selection and Construction,https://naerls.gov.ng/wp-content/uploads/2022/11/Fish-Pond-Site-Selection-and-Construction.pdf,3,official_naerls_bulletin
naerls_0354,livestock_fisheries_or_specialty_crop,Fish Pond Site Selection and Construction,fish pond site selection construction introduction bulletin written assist prospective practicing farmers interested persons basics how identify good sites earthen farming profitable business rule game followed management information contained meant lead people interesting proper durable ponds enterprise enclosure concrete built retain water purpose growing table,"1.0 Introduction
 This bulletin is written to assist prospective and practicing fish
 farmers, and interested persons on the basics of how to identify good
 sites for earthen fish pond construction. Fish farming can be a
 profitable business, if the “rule of the game” are followed in its
 management. The information contained in the bulletin is meant to
 lead people to interesting fish farming through proper site selection
 and construction of durable ponds and profitable enterprise.
 A fish pond is an enclosure (earthen or concrete) built to retain
 water for the purpose of growing fish to table-size for household
 consumption and for sale to generate additional income. Culturing
 fish in ponds from which they can rarely escape allows feeding,
 breeding, growing and harvesting of the fish in a well-planned manner.
 Fish pond constructed in a proper way and managed under controlled
 conditions gives the highest possible fish production with respect to
 the size of the pond or reservoir. Fish pond can be constructed on
 either small-scale or large-scale basis. Small-scale fish rearing can be
 carried out in a suitable house backyard (Home-stead). The purpose
 for this could be to keep the fish for house-hold consumption or as a
 hobby. On the other hand fish culture may be on a large commercial
 scale covering a large area of land and made up of many ponds. This
 set up is often referred to as a fish farm. In addition to fish ponds there
 are other types of enclosures used for rearing fish. These include
 tanks, (concrete, fibregiass, platics) cages, pens, reservoirs and
 raceways.
 The practice of growing fish in ponds can be beneficial to a
 farmer. Such benefits include the following:
 1. By growing fish, an avenue is created for additional source of
 protein. Fish protein is among the richest animal proteins.
 Protein is necessary in human diet for repairs of body tissues
 and for healthy growth.",Fish Pond Site Selection and Construction,https://naerls.gov.ng/wp-content/uploads/2022/11/Fish-Pond-Site-Selection-and-Construction.pdf,4,official_naerls_bulletin
naerls_0355,livestock_fisheries_or_specialty_crop,Fish Pond Site Selection and Construction,fish pond site selection construction growing will provide farmer additional source income depending cycle harvesting assured regular sales harvested large farms employment opportunity created people maintain daily basis these paid work they processors sellers benefit form such lands part productive arable crops converted ponds therefore,"2. Growing fish will provide a farmer an additional source of
 income. Depending on the cycle of harvesting of the pond, the
 farmer can be assured of regular income from sales of
 harvested fish.
 3. In large fish farms, employment opportunity can be created for
 the people that maintain the pond on a daily basis. These
 people are paid for the work they do. Fish processors and
 sellers also benefit form such farms.
 4. Lands or part of lands that are not productive in growing arable
 crops can be converted to fish ponds. A farmer therefore
 maximizes the use of such lands.
 5. A fish pond can be easily managed by a family. Once the
 construction work is over, maintenance work and feeding, etc.
 require little labour, especially when the family resides close to
 the pond. In practice the labour requirements for such a pond
 are such that the owner could attend to his normal business and
 his fish pond would bring him an additional income with very
 little extra labour from members of his household.
 6. Food requirements necessary for fish to grow fast in ponds can
 easily be met by the fish farmer. Animal and compost manure
 can be used to make pond water fertile for production of natural
 fish foods. Also local source of feed ingredients for feeding
 fish include plant materials like rice brans, maize (and other
 grain) brans, cotton seed cake, groundnut cake, blood meal,
 bone meal, fish meal, palm kernel cake, etc, insects, worms and
 other smaller organisms.
2.0 General Considerations in Selecting SuitableSites.
 Every farmer or individual wants success in business enterprise.
 Considerations in growing fish in pond can be outlined below. These
 are general considerations. Technical aspects will be treated in details
 later in this bulletin as applied to pond excavation.",Fish Pond Site Selection and Construction,https://naerls.gov.ng/wp-content/uploads/2022/11/Fish-Pond-Site-Selection-and-Construction.pdf,5,official_naerls_bulletin
naerls_0356,livestock_fisheries_or_specialty_crop,Fish Pond Site Selection and Construction,fish pond site selection construction water source supply medium growth major limiting factor culture sources must free pollutants these substances either effluent solid forms toxic gives offensive odour brownish muddy filled domestic effluents suitable growing good includes flowing river stream tidal flow sea brackish lagoons,"2.1 Water Source and Supply
 Water is the medium for fish growth and it is the major limiting factor
 in fish culture. Water sources must be free from pollutants. These are
 substances either in effluent or solid forms that are toxic to fish. Water
 that gives offensive odour, brownish/muddy or filled with domestic
 effluents is not suitable for growing fish. Good sources of water for
 fish pond includes; flowing river/stream, tidal flow from the sea,
 brackish water from lagoons, spring water, borehole/well water, and
 good pipe borne water. If the water is too clear then it needs addition of
 manure/fertilizer; if muddy it required settling by application of lime,
 if smelly/brown, it is acidic and requires liming. Water supply must be
 regular to the fish pond. Pipe borne water must be stored in a tank or
 reservoir for at leeast 24hours before usage. This will allow the
 chlorine contaned to settle.
2.2 Nature of the Soil/Land Availability
 Land is a major factor of production. Fish ponds are built on land
 either by excavating the soil or by building embankment structures. A
 prospective fish farmer should therefore ensure that the land to be used
 is legally acquired, this is important since a fish pond structure can be
 maintained for as long as ten to fifteen years in production cycles. Soil
 at the site to be chosen must be tested for its capacity to retain water. A
 good soil for fish culture must be able to hold water. Soils may be
 classified into three major types for fish pond construction purpose:
 a. Pervious soil
 b. Impervious soil
 c. Peaty soil",Fish Pond Site Selection and Construction,https://naerls.gov.ng/wp-content/uploads/2022/11/Fish-Pond-Site-Selection-and-Construction.pdf,6,official_naerls_bulletin
naerls_0357,livestock_fisheries_or_specialty_crop,Fish Pond Site Selection and Construction,fish pond site selection construction lagoons even pervious would permanently soaked water then possible construct ponds complete excavation these sites since there will seepage soil must impervious soils consist silt clay mixture one both small percentage sand gravel such good retaining properties type suitable constructing,"lagoons, even if pervious, would be permanently soaked with
 water. It would then be possible to construct ponds by
 complete excavation in these sites since there will be no
 seepage as the soil must have been soaked with water.
b) Impervious Soil
 Impervious soils consist of silt or clay or a mixture of one or
 both of these with a small percentage of sand and or gravel.
 Such soils have good water retaining properties and sites with
 this type of soil are suitable for constructing fish ponds. Often
 the soil condition may be a mixture of (a) and (b) above. The
 selection would then depend on the amount of seepage. Where
 seepage is excessive the water retaining property of the pond
 bottom can be improved by spreading a layer of clay or silt, if
 they are available close by and if it is economical to do so.
 Alternatively a concrete ponds may be constructed in such
 places with complete flooring of pond wall and bottom
c) Peaty Soils
 Peaty soils have a high percentage of partly decomposed
 vegetation and are spongy in texture. The decomposed
 vegetation readily change the chemical nature of the pond
 water in a manner that reduces its productivity. Peaty soils are
 acidic, although such soils can be treated with lime to increase
 the PH to acceptable range (PH 6.5-8) and hence fish
 productivity.
 Both pervious and impervious soils may be divided into
 groups depending on their chemical nature: (i) alkaline and
 (ii) acidic soils. Alkaline soils (PH >8) are more productive for
 fish culture than acidic soils (PH<7) and should be preferred
 when selecting sites.
 A simple way of testing soil suitability for pond construction is
 as follows:",Fish Pond Site Selection and Construction,https://naerls.gov.ng/wp-content/uploads/2022/11/Fish-Pond-Site-Selection-and-Construction.pdf,7,official_naerls_bulletin
naerls_0358,livestock_fisheries_or_specialty_crop,Fish Pond Site Selection and Construction,fish pond site selection construction dig soil deep take sample depth wet handful water rub palms forms continuous thread then most likely retain culture fig squeeze little amount moist holds shape good suitable iii bucket full gradually poured dugged hole percolation rate speed disappearance fast,"(i) Dig the soil to about 10cm deep and take sample at that
 depth. Wet a handful of the soil with water and rub it
 on the palms. If it forms a continuous thread then it is
 most likely to retain water for fish culture (Fig. 1).
(ii) Squeeze a little amount of the moist soil, if it holds
 shape then it is good and suitable for pond (Fig. 1) (iii) A bucket full of water can also be gradually poured into
 the dugged hole. If the percolation rate (speed of
 disappearance of the water into the soil) is fast (i.e.
 within 1 minute) the site is not likely to retain water for
 fish pond. Soil experts can also be consulted for
 analysis in case of large-scale fish farming with huge
 capital investment. The advantage of detailed soil
 analysis is that information will be known on soil
 physical, chemical and biological properties. This
 wealth of information would ease the management of
 the pond after construction.",Fish Pond Site Selection and Construction,https://naerls.gov.ng/wp-content/uploads/2022/11/Fish-Pond-Site-Selection-and-Construction.pdf,8,official_naerls_bulletin
naerls_0359,livestock_fisheries_or_specialty_crop,Fish Pond Site Selection and Construction,fish pond site selection construction topography landscape refers shape land sloppy exposed soil erosion suitable supply water free flow gravity should lower level than source therefore select ponds mark out route channels detailed survey area carried helps plan layout such way keep earth work bearest,"2.3. Topography (Landscape)
 This refers to the shape of the land. Land that is sloppy but not exposed
 to soil erosion is suitable for fish pond. To supply water to the pond by
 free flow (gravity) the pond site should be at a lower level than the
 water source. Therefore to select the site for the ponds and mark out
 the route for the channels a detailed survey of the area should be
 carried out. The survey helps to plan the layout of the ponds in such a
 way as to keep the earth work to the bearest minimum. It is desirable
 that pond sites have a gentle slope (1:2) to permit large ponds to be
 constructed (Fig. 2). However if the land available is flat, dugout
 ponds should be constructed with a slanting bottom to facilitate
 complete drainage of the pond as management practice may required.",Fish Pond Site Selection and Construction,https://naerls.gov.ng/wp-content/uploads/2022/11/Fish-Pond-Site-Selection-and-Construction.pdf,9,official_naerls_bulletin
naerls_0360,livestock_fisheries_or_specialty_crop,Fish Pond Site Selection and Construction,fish pond site selection construction there risk stumps tearing nets harvesting therefore much possible lands thickly vegetated should avoided sites properly cleared savannah belt cheaper clear since fewer trees roots removed other considerations prospective farmer must bear mind starting project include following accessibility within reach,"there is the risk of the stumps tearing nets at harvesting. Therefore as
 much as possible lands that are thickly vegetated should be avoided or
 the sites should be properly cleared. Sites in the Savannah belt are
 cheaper to clear since there are fewer trees and roots to be removed.
2.5 Other Considerations
 Other considerations a prospective fish farmer must bear in mind in
 starting the project include the following:
 (i) Accessibility of the Project Site
 The site must be within reach for ease of management and
 supervision. Such a site will also facilitate marketing of
 products especially for large-scale operators.
 (ii) Security
 The project site must be kept to wade off thieves from
 harvesting the fish. Site must also be protected from natural
 enemies of fish like water snakes, water birds, frogs, etc. The
 pond water should be free from domestic interference and
 access to cattle. Hoofs of cattle can damage pond wall.
 (iii) Labour Availability
 Both skilled manpower and casual labourers must be available
 to manage the pond especially in large fish farms. Farmers
 should know the nearest location of research and extension
 staff in fisheries and other service providers. This formation
 can be obtained from the Ministry of Agriculture, Research
 Institutes or Fish Farmers Associations that are nearby.
 (iv) Availability of Inputs
 Fish farming inputs include fish seeds (fingerlings),
 supplementary feeds, fertilizers/manures, and other fish pond
 accessories. Prospective farmers should obtain information
 from the Ministry of Agriculture on how to source these inputs
 from the locality.",Fish Pond Site Selection and Construction,https://naerls.gov.ng/wp-content/uploads/2022/11/Fish-Pond-Site-Selection-and-Construction.pdf,10,official_naerls_bulletin
naerls_0361,livestock_fisheries_or_specialty_crop,Fish Pond Site Selection and Construction,fish pond site selection construction market products knowledge attitude consumers within locality species cultured important relevant large scale farming where farmer interested making additional income likely attract high prices should grown planning ponds assurance regular good source water supply land retain culture impetus needs how,"(v) Market for Products
 The knowledge of the attitude of consumers within the locality
 to the species of fish to be cultured is important. This is more
 relevant in large-scale fish farming where the fish farmer is
 interested in making additional income. Fish species that are
 likely to attract high market prices should be grown in the
 pond.
3.0 Planning the Ponds
 The assurance of a regular and good source of water supply and land
 that can retain water for fish culture is the impetus the farmer needs in
 planning how large the pond should be and how many of a particular
 unit or units should be constructed. Having done the survey of the
 land, it is easy to plan the layout of the ponds and channels on paper.
 The main objective should be to make the best possible use of the land
 (topography) at minimum construction cost. Experience has shown
 that each site has its own peculiarities and problems and solutions have
 to be found to overcome them. The following are useful hints in
 planning the ponds.
 1. The shape and size of the pond should fit in with the
 topography of the land. The topography may warrant a pond to
 be circular, square or rectangular.
 2. The bottom of the pond should be sloping to the point close to
 the embankment where drainage facilities (outlets) will be
 installed. The slope should be 1:2. The water inlet(s) to the
 pond should be placed preferably at the shallowest end.
 3. If more than one pond is constructed it is better to have
 independent water supply (inlets) to each pond and also
 separate outlets. By this it would be possible to drain the
 water from each pond without the water having to flow
 through a second pond. Such ponds are called parallel
 ponds (Fig. 3). The advantage of this construction is that,",Fish Pond Site Selection and Construction,https://naerls.gov.ng/wp-content/uploads/2022/11/Fish-Pond-Site-Selection-and-Construction.pdf,11,official_naerls_bulletin
naerls_0362,livestock_fisheries_or_specialty_crop,Fish Pond Site Selection and Construction,fish pond site selection construction case parasites diseases outbreak one water easily drained other ponds will affected figure parallel smaller easier manage than larger ones family owned advisable limits size each maximum supply adequate land available however units suitable homestead culture although single large could,"in case of parasites and diseases outbreak in one pond, its water
can be easily drained and the other ponds will not be affected. Figure 3: Parallel Ponds.
4. Smaller ponds are easier to manage than larger ones. For
 family owned ponds it is advisable to limits the size of each
 pond to a maximum of 0.2 ha if the water supply is adequate
 and land is available. However ponds of 0.01ha units are
 suitable for homestead fish culture. Although a single large
 pond could be cheaper to construct, the smaller size would
 facilitate stocking and harvesting programs for the family.
 Earthen ponds meant for commercial purposes should not have
 total area less than 0.25ha. A farmer needs such a size to attract
 loans from financial institutions for fish farming projects.
5. Pond depth can vary from 1 to 2 meters. Ponds should not be
 too shallow or too deep. Shallow ponds can easily be
 made muddy by action of wind or soil disturbance by
 human activities. Such ponds also will easily expose the
 fish to predation by their natural enemies. Ponds that
 are too deep will pose management problems to farmers",Fish Pond Site Selection and Construction,https://naerls.gov.ng/wp-content/uploads/2022/11/Fish-Pond-Site-Selection-and-Construction.pdf,12,official_naerls_bulletin
naerls_0363,livestock_fisheries_or_specialty_crop,Fish Pond Site Selection and Construction,fish pond site selection construction especially during harvesting period ponds average depth meters suitable culture most fresh water species nigeria generally should less than meter farmer graduated stick check level regularly ensure replacement lost evaporation seepage constructing once selected land surveyed depending nature area size,"especially during harvesting period. Ponds of average depth of
 between 1-2 meters are suitable for culture of most fresh water species
 in Nigeria. Generally water depth in pond should not be less than 1
 meter. A fish farmer can use graduated stick to check the water level
 regularly to ensure replacement of water lost to evaporation or
 seepage.
4.0 Constructing the Pond
 Once a suitable site has been selected and the land has been surveyed,
 depending on the nature of the area, the size and number of the ponds,
 construction can be done manually or mechanically. Manual labour
 can be used if a small size pond is planned or in swampy or marshy area
 where machines can not be used. Use of machine (Bulldozer scraper,
 etc) is advantageous where large ponds are to be constructed. In
 general, steps in pond construction can be outlined as follows:
4.1 Surveying and clearing land site
 For homestead ponds visual survey on water sources, topography and
 soil is sufficient. But for larger ponds, detailed survey by registered
 surveyors is necessary. Such survey is to determine land slopes and
 position of inlet and outlet structures.
4.2 Marking out area of pond
 This is length and breath measurement. Pegs and measuring tapes are
 used. The actual area to be dug is the inner core, while the outer core is
 the eventual pond dike.
4.3 Measuring and marking out the walls
 Wall or dikes (dam) for fish ponds should be up to 0.5m thick and 0.5m
 high above the ground level. Strong pond wall will prevent collapse of
 pond structure at flooding periods.
4.4 Excavating the pond
 This can be done manually or with machine Earth moved from
 the pond serves for construction of the dikes. The main parts of
 the pond to be constructed during excavation are the pond walls/",Fish Pond Site Selection and Construction,https://naerls.gov.ng/wp-content/uploads/2022/11/Fish-Pond-Site-Selection-and-Construction.pdf,13,official_naerls_bulletin
naerls_0364,livestock_fisheries_or_specialty_crop,Fish Pond Site Selection and Construction,fish pond site selection construction embankment wall building impound retain water most cases necessary construct embankments known dikes reinforced walls built above ground level should strong enough withstand pressure leak proof height least highest will reached within dimensions width crest base slopes would depend depth,"4.5 Embankment/Pond Wall Building
 To impound and retain water in a pond, in most cases, it is necessary to
 construct embankments. Embankments (also known as dikes) are
 reinforced walls built above the ground level. The embankments
 should be strong enough to withstand water pressure and should be
 leak proof. The height of the embankment should be at least 60cm
 above the highest water level that will be reached within the pond.
 The dimensions for the embankment i.e. the width of the crest and
 base, height and slopes would depend on depth of water to be retained
 in the pond and type of soil to be used, for the construction of the
 embankment. For 1m to 1.5m depth of water the crest should have a
 minimum width of 1m. Sandy soils, which are pervious, should not be
 used for the construction of embankment, as it would result in the loss
 of water by leakage. A mixture of impervious soils like clay or slit and",Fish Pond Site Selection and Construction,https://naerls.gov.ng/wp-content/uploads/2022/11/Fish-Pond-Site-Selection-and-Construction.pdf,14,official_naerls_bulletin
naerls_0365,livestock_fisheries_or_specialty_crop,Fish Pond Site Selection and Construction,fish pond site selection construction pervious soils like sand laterite best advantage such mixture remains firms both wet dry conditions drainage structure inlet built supply water where source diversion stream river construct junction channels concrete prevent eroding channel way fig predators other unwanted species getting,"pervious soils like sand or laterite is best. The advantage of such a
 mixture is that it remains firms both under wet and dry conditions.
4.6 Drainage structure
 a) Pond Inlet Structure
 The inlet structure is built to supply water into the pond.
 Where the source of water is by diversion from a stream/river,
 it is best to construct the junction of the diversion channels with
 concrete to prevent the water from eroding the channel way
 into the pond (Fig. 5). To prevent predators and other unwanted
 fish species from getting to the pond a screen can be used at the
 channel junction. For small ponds diverted from slow flowing
 water bodies plastic pipes can be used as diversion channels.
 Generally the inlet structure should be raised above desired
 level of water so that water falling into the pond can help in
 aeration. Large ponds are water fed through sluice gates.
 Sluice gates consist of concrete gate built fit into the grooves.
 The wooden boards are slipped in and out of the grooves to
 allow water in or stop water going into pond. One of the
 grooves is usually provided with screen to prevent wild-fish
 going into the pond.",Fish Pond Site Selection and Construction,https://naerls.gov.ng/wp-content/uploads/2022/11/Fish-Pond-Site-Selection-and-Construction.pdf,15,official_naerls_bulletin
naerls_0366,livestock_fisheries_or_specialty_crop,Fish Pond Site Selection and Construction,fish pond site selection construction outlet structure ponds emptied either partially fully especially during harvesting time when there excess water drained required level prevent wall weakened collapsing good drainage system enhanced built slope must before walls because most them base main should screened fine wire,"b) Pond Outlet Structure
 Fish ponds have to be emptied either partially or fully,
 especially during harvesting time. When there is excess water
 in the pond it has to be drained to required level to prevent pond
 wall from being weakened and collapsing. A good drainage
 system is enhanced when ponds are built on a good slope. The
 system must be built before the walls because most of them go
 through the base of the main pond wall. Drainage structure
 should be screened with fine wire mesh to prevent escape of
 fish. For large ponds, sluice and monk built on concrete base
 to prevent possible erosion are the drainage structure (Fig. 6).
 The monk functions only as an outlet structure. Monk consists
 of a vertical tower shaped like ‘U’ and it opens towards the
 pond. A pipe goes through the pond wall from the back of the
 monk to the outside. The two side walls of the monk have three
 parallel grooves, which are continuos with that on the concrete
 floor. The grooves are where the wooden boards can be slotted
 to stop water from seeping. The monk is much like a sluice
 gate, but it is not built into the pond wall. Monk should be
 constructed at least 0.5meters away form the foot of the wall in
 the deepest part of the pond and at least 40cm above the water
 level, but not more, as this will make the removal of boards
 difficult. The drainage pipes should be at least 0.3 meter below
 the pond and slopes at 45 for good draining.
 o",Fish Pond Site Selection and Construction,https://naerls.gov.ng/wp-content/uploads/2022/11/Fish-Pond-Site-Selection-and-Construction.pdf,16,official_naerls_bulletin
naerls_0367,livestock_fisheries_or_specialty_crop,Fish Pond Site Selection and Construction,fish pond site selection construction figure monk structure maintenance farmer should develop culture constructed whether large small resources invested constructing ponds well maintained serve years even following practical hints will help newly stocked species immediately such flooded water desired level observe weeks allow observation capacity,"Figure 6. Monk Structure
5.0 Pond Structure Maintenance
 A fish farmer should develop maintenance culture for the pond
 constructed, whether the pond is large or small, resources have been
 invested in constructing it. Fish ponds that are well maintained can
 serve the farmer for between 10 – 15 years or even more. The
 following are practical hints that will help in pond structure
 maintenance.
 i. Newly constructed pond should not be stocked with fish
 species immediately. Such a pond should be flooded with
 water to the desired level and observe for 1 – 2 weeks. This
 will allow for observation on the pond capacity to retain water,
 as well as monitoring the rate of water loss. The strength of the
 pond wall will also be known so also the efficiency of the inlet
 and outlet structures.
 ii. The crest of the pond and the pond surroundings
 should not be left bare, as this will encourage erosion
 during rainfall. Grasses like vetivar, carpet grass and bahama",Fish Pond Site Selection and Construction,https://naerls.gov.ng/wp-content/uploads/2022/11/Fish-Pond-Site-Selection-and-Construction.pdf,17,official_naerls_bulletin
naerls_0368,livestock_fisheries_or_specialty_crop,Fish Pond Site Selection and Construction,fish pond site selection construction grass planted around dam wall prevent erosion these will help maintain structural rigidity surrounding well grassed added advantage beautifying environment iii should cleared bushes natural enemies harmful man hide parasites mostly transferred ponds predators healthy make management practices interesting farmer,"Grass can be planted around dam wall to prevent erosion.
 These will also help the dam to maintain structural rigidity. A
 pond surrounding that is well-grassed will also have an added
 advantage of beautifying the environment.
 iii. Pond environment should be cleared of bushes. Natural fish
 enemies that are harmful to fish and man hide in bushes.
 Parasites of fish are mostly transferred to ponds through
 predators. A healthy pond environment will make fish pond
 management practices interesting to a farmer.
 iv. Regularly check the pond structures, and any noticed damages
 should be immediately amended. If for instance the
 embankment is leaking, it should be repaired immediately to
 forestall further expansion and possible breakdown of the
 entire structure.
 v. As much as possible prevent cattle and other large ruminants
 from exploiting the pond environment. Hoofs of animals can
 break pond wall constituting extra maintenance cost to
 farmers. Walls of concrete ponds should be regularly cleaned.
 This is because remnant foodstuff and phytoplanktons readily
 gets attach to the wall. Fish can easily contact skin diseases
 (lesions) by contact with such materials.
 vi. After an average production cycle of 12 – 18 months, pond
 water should be totally drained and expose to sunlight. This
 will help in disinfecting the pond.
6.0 Possible Construction Problems and Solutions
 1. Area of ponds (earthen or concrete) should not be less than
 25m , but ideally 100m . Smaller ponds don’t provide adequate
 2 2",Fish Pond Site Selection and Construction,https://naerls.gov.ng/wp-content/uploads/2022/11/Fish-Pond-Site-Selection-and-Construction.pdf,18,official_naerls_bulletin
naerls_0369,livestock_fisheries_or_specialty_crop,Fish Pond Site Selection and Construction,fish pond site selection construction ponds less than will enough water activities too deep above pose management problems especially harvesting bottom should slant such way provision difference made upper slope lower easy drainage either gravity bailing pumping during period wall dike reinforced boulders compacted well,"ponds (less than 1m) will not have enough water for fish
 activities. Ponds that are too deep (above 2m) pose
 management problems especially at harvesting.
 3. Pond bottom should slant in such a way that a provision of 0.2 –
 0.3m difference is made between the upper slope and lower
 slope. This is for easy pond drainage either by gravity or water
 bailing/pumping during harvesting period.
 4. Pond wall (dike) should be reinforced with boulders and
 compacted well for strength to withhold possible flooding.
 5. As much as possible pond wall should be planted with grasses
 and watered regularly. This helps in structural rigidity.
7.0 Fish Pond Construction Cost Items
 Construction cost items are difficult to estimate since prices of inputs
 vary from place to place and even year to year. Below is information
 that would help in arriving at useful estimate depending on the pond
 size, and area of location.
 1. Earthen Pond
 i. Cost of land acquisition
 ii. Cost of labour to excavate the land, to required depth
 iii. Cost of construction of pond well
 iv. Cost of fencing materials to prevent human and animal
 intrusion.
 v. Cost of pipes for water inlet and outlet (and other
 accessories).
 vi. Cost of fingerlings to be purchased
 vii. Cost of feeds – e.g. Grains brans, Groundnut cake etc.
 viii. Cost of fertilizer/manure/lime
 ix. Cost of harvesting net/gear",Fish Pond Site Selection and Construction,https://naerls.gov.ng/wp-content/uploads/2022/11/Fish-Pond-Site-Selection-and-Construction.pdf,19,official_naerls_bulletin
naerls_0370,livestock_fisheries_or_specialty_crop,Fish Pond Site Selection and Construction,fish pond site selection construction board kimpe lazard lemasson lessent handbook tropical culture centre technique forester france bolorunduro management training paper orientation workshop livestock extension agents unified agricultural system nigeria held naerls abu zaria june,"Board J. P; de kimpe, Js Lazard; J. Lemasson and P. Lessent (1976)
 Handbook of Tropical Fish Culture, Centre Technique Forester
 Tropical, France 165p. Bolorunduro, P.I. (1993). Fish pond site selection, construction and
 management. Training paper at orientation workshop for Livestock
 Extension Agents under the unified Agricultural Extension System in
 Nigeria, held in NAERLS, ABU, Zaria 21 – 25 June.10P
 st th",Fish Pond Site Selection and Construction,https://naerls.gov.ng/wp-content/uploads/2022/11/Fish-Pond-Site-Selection-and-Construction.pdf,21,official_naerls_bulletin
naerls_0371,livestock_fisheries_or_specialty_crop,Fish Pond Site Selection and Construction,fish pond site selection construction methods feeding fed supplementary feeds two ways manually mechanically manual carried out process called broadcasting throwing hand either one spot over wide area figure good method because farmer observe behavior practice however labor intensive especially large farms very suitable small,"5.3 Methods of Feeding Fish
 Fish can be fed supplementary feeds in two ways - Manually or
 Mechanically.
 1. Manual Feeding
 This is carried out by a process called broadcasting i.e.
 throwing feeds into the pond by hand either on one spot in the
 pond or over a wide area (Figure 4). Broadcasting is a good
 method of feeding fish because the farmer can observe the
 behavior of the fish. This practice is however labor intensive,
 especially in large fish farms. It is however very suitable for
 small-holder aquaculturists. When a farmer feeds the fish
 from one spot in the pond, feeding frames can be placed at one
 or 2 spots in the pond to minimize feed wastage (Figure 5).",Fish Pond Site Selection and Construction,https://naerls.gov.ng/wp-content/uploads/2022/11/Fish-Pond-Site-Selection-and-Construction.pdf,22,official_naerls_bulletin
naerls_0372,livestock_fisheries_or_specialty_crop,Fish Pond Site Selection and Construction,fish pond site selection construction mechanical feeding suitable large scale commercial farms method capital intensive performed feeders which could either demand type automatic feeder makes feeds available operates simple funnel shaped device metal trigger hanging water measured amount feed placed released when shakes figure,"2. Mechanical Feeding
 This is suitable for large-scale commercial fish farms. The method
 is capital intensive and is performed by mechanical feeders, which
 could either be demand type or automatic.
 i Demand Feeder.
 This makes feeds available to fish on “demand”. It operates
 through a simple funnel shaped device with a metal trigger
 hanging into the water. A measured amount of feed is placed in
 the funnel and the feed is released when the fish shakes the
 metal trigger (Figure 6).",Fish Pond Site Selection and Construction,https://naerls.gov.ng/wp-content/uploads/2022/11/Fish-Pond-Site-Selection-and-Construction.pdf,23,official_naerls_bulletin
naerls_0373,livestock_fisheries_or_specialty_crop,Fish Pond Site Selection and Construction,fish pond site selection construction golden rules feeding rule always feed same time place become trained learn when where they fed two feedings per day normal half daily amount given mid morning early afternoon never overfeed give only much will consume minutes less uneaten pollute,"5.4 Golden Rules in Feeding Fish
 RULE 1: Always feed fish at the same time and place.
 Fish become trained and learn when and where they are fed. Two
 feedings per day are normal. Half of the daily amount is given about
 mid-morning and half in the early afternoon.
 RULE 2: Never overfeed the fish
 Give only as much feed as the fish will consume in 20 minutes or less.
 Uneaten feed will pollute the water and increase the cost of raising
 your fish. When accumulated uneaten feed decomposes water may
 become low in dissolved oxygen. In such ponds, fish will usually be
 seen at the pond surface in the predawn hours gulping air. They will
 die if the oxygen concentration in the water becomes too low. Steps
 must be taken to exchange or aerate the pond water. Feeding should be
 temporarily suspended when dissolved oxygen is low to improve
 water quality.
 Signs of overfeeding are listed below.
1. An obvious inability of the fish to consume all of the feed
 offered within a 20-minute period. A farmer can walk into the
 feeding area of his pond 20 minutes after feeding and feel the
 pond bottom. If a large amount of feed is stirred up, too much
 feed is being offered. Feed may also be placed on trays or plat
 forms, which are lowered into the water. These platforms can
 then be pulled up after feeding to determine the quantity of feed
 consumed.
2. A foul smell in the water when the bottom sediments are disturbed. A
 handful of bottom sediment picked up from the feeding area should not
 be black and foul smelling.
3. An overabundance of phytoplankton. Overfeeding can make
 plankton become so abundant that a submerged object can only be
 seen at depths less than 25cm. This should be a warning sign to
 farmers that indicates possible overfeeding.",Fish Pond Site Selection and Construction,https://naerls.gov.ng/wp-content/uploads/2022/11/Fish-Pond-Site-Selection-and-Construction.pdf,25,official_naerls_bulletin
naerls_0374,livestock_fisheries_or_specialty_crop,Fish Pond Site Selection and Construction,fish pond site selection construction rule feed harvest day stop feeding hours before they harvested allows them clean intestines makes better able survive stress handling transportation will save regulate quantities cold season daily ration should halved during temperature most floating pellets such continuous addition since,"RULE 3: Do not feed on harvest day
Stop feeding fish 24 to 48 hours before they are harvested. This allows them to
clean their intestines and makes them better able to survive the stress of
handling and transportation. It will also save feed. RULE 4 Regulate feed quantities at cold season
The daily ration for fish should be halved during cold season (<20 c temperature)
 o Most fish will not feed on floating pellets at such season, continuous feed addition to
the pond, since there will be low feed utilization.
At such periods sinking pelletes are preferable. Most tropical fish are off-feed
when temperature is below 20 c o",Fish Pond Site Selection and Construction,https://naerls.gov.ng/wp-content/uploads/2022/11/Fish-Pond-Site-Selection-and-Construction.pdf,26,official_naerls_bulletin
naerls_0375,livestock_fisheries_or_specialty_crop,Fish Pond Site Selection and Construction,fish pond site selection construction bibliography aduku practical livestock feeds production tropics asekome publishers zaria bolorunduro feeding management technical paper training adp subject matter specialists monthly technology review meetings method formulating com pounded locally available ingredients small scale producers poultry eyo feed formulation niffr extension,"Bibliography
1. Aduku,.A.O (1992). Practical Livestock Feeds Production in the
 tropics. Asekome and Co.Publishers, Zaria. 2. Bolorunduro P.I (1994) Feeding and Management of Fish in P o n d s .
 Technical Paper for training of ADP Subject Matter Specialists in
 Monthly Technology Review Meetings. 3. Bolorunduro P.I. (1995) Practical Method of Formulating Com
 pounded Feeds using Locally Available Ingredients for Small Scale
 Producers of Poultry and Fish. Technical paper for training of
 ADP Subject Matter Specialists in Monthly Technology Review
 Meetings. 4. Eyo. A.A. (1996). Fish Feed Formulation NIFFR Extension
 Guide Series NO. 4. In collaboration with GTZ and NAERLS. 5 Eyo. A.A. (1996). Feeding Practices in Fish Farming. NIFFR
 Extension Guide Series NO. 7. In collaboration with GTZ and
 NAERLS. 6 ICA (1991) International Centre for Aquaculture and Aquatic
 Environments. Feeding your Fish. Water Harvesting Manuals.
 GTZ. Auburn University.",Fish Pond Site Selection and Construction,https://naerls.gov.ng/wp-content/uploads/2022/11/Fish-Pond-Site-Selection-and-Construction.pdf,27,official_naerls_bulletin
naerls_0376,livestock_fisheries_or_specialty_crop,Integrated Aquaculture Technologies for Fish Farmers,integrated aquaculture technologies fish farmers acknowledgement acknowledge all sources information pooled together production bulletin authors indebted national project coordination office west africa agricultural productivity programme waapp sponsoring publication order popularize extension options among our fisheries series boost increased income management naerls provided enabling environment therefore,"INTEGRATED AQUACULTURE TECHNOLOGIES Acknowledgement
 FOR
 FISH FARMERS We acknowledge all sources of information that have been
 pooled together for the production of this bulletin. The authors
 are indebted to the National Project Coordination Office of the
 West Africa Agricultural Productivity Programme (WAAPP)
 for sponsoring this publication in order to popularize the
 EXTENSION BULLETIN No. 229 options for integrated aquaculture among our farmers so as to
 Fisheries Series No. 15 boost their productivity and increased income. The
 Management of NAERLS provided the enabling environment
 for the production of the bulletin and is therefore
 Published by acknowledged. We hope the users of this bulletin will find the
 information contained useful in improving their farm
National Agricultural Extension and Research Liaison productivity.
 Services
 Ahmadu Bello University
 Zaria. Authors
 Bolorunduro, P. I., Yunusa, A., Onimisi, H.U., Umar, R.,
 Sponsored by Umar, B and Idris, M",Integrated Aquaculture Technologies for Fish Farmers,https://naerls.gov.ng/wp-content/uploads/2022/11/Integrated-Aquaculture-Technologies-for-Fish-Farmers.pdf,1,official_naerls_bulletin
naerls_0377,livestock_fisheries_or_specialty_crop,Integrated Aquaculture Technologies for Fish Farmers,integrated aquaculture technologies fish farmers table content introduction production protein rich foods controlled cultivation harvest aquatic water animals advantages farming plants ranges fin non finless shell molluscs crustaceans species choice considerations inexpensive simple culture techniques supply than normally types produced conventional agriculture such dairy poultry,"Table of Content 1.0 Introduction
 Aquaculture is the production of protein-rich foods through the
1.0 Introduction .. .. .. 4 controlled cultivation and harvest of aquatic (water) animals
2.0 Advantages of Integrated Fish Farming .. 6 and plants. It ranges from the cultivation of the fin and non-
 finless fish, shell-fish (molluscs and crustaceans) to the
3.0 Fish Species Choice Considerations in cultivation of water plants. Using inexpensive and simple
 Integrated Culture .. .. 8 techniques, aquaculture can supply more protein than normally
4.0 Types of Integrated Aquaculture .. 11 produced through conventional agriculture such as dairy,
 poultry, cattle rearing and even traditional fishing. This is more
4.1 Fish-cum-Poultry Farming .. 11 so, judging from the high cost of inputs necessary for the
4.2 Fish-cum-Duck/Geese Culture .. 15 running of any of the arm of conventional agriculture.
 Integrated aquaculture is a combination of aquatic organisms
4.3 Fish-cum-Pig Culture .. .. 18 (e.g. fish) culture with other forms of agriculture such as
4.4 Fish-cum-Cattle/Goat/Sheep/ poultry, piggery, cattle/goat-rearing and different crops in
 Rabbit Culture .. .. 21 arable agriculture in such a way that some of the by-products
 of these forms of agriculture that are considered as wastes can
4.5 General Hints on Animal Manures in still be recycled for either direct or indirect consumption by
 Integrated Culture .. .. 23 fish.
4.6 Fish-cum- Rice Culture .. .. 28 Modern farming methods with their high external inputs and
 economies of scale may promise food but at the risk of high
4.7 Fish-cum-Crops and Vegetables production cost and environmental degradation. One option for
 Culture .. .. .. 32 sustainable development in farming is small-scale integrated
 agriculture and aquaculture with obvious benefits of stability in
5.0 Conclusion .. .. 33
 production, efficiency in resource use and conservation of the
 Bibliography .. .. 35 environment. Uncertainty in markets and climate is countered
 by a wide array of enterprises in integrated farming and
 moreover, wastes of one enterprise become inputs to another
 and, thus, optimize the use of resources and lessen pollution.
 Fish are efficient converters of low-grade feed and wastes into",Integrated Aquaculture Technologies for Fish Farmers,https://naerls.gov.ng/wp-content/uploads/2022/11/Integrated-Aquaculture-Technologies-for-Fish-Farmers.pdf,2,official_naerls_bulletin
naerls_0378,livestock_fisheries_or_specialty_crop,Integrated Aquaculture Technologies for Fish Farmers,integrated aquaculture technologies fish farmers high value protein products greatest sources carnivores flesh eating directly poultry manure animal rural nigeria adoption feed pigs pig turn agriculture will facilitate addition new fertilizers pond rice culture crop resource flows integration enterprises residues compost utilized fertilizing ponds while,"high-value protein and fish products are the greatest sources of for carnivores (flesh eating) fish directly. Poultry manure can
animal protein in rural Nigeria. Adoption of integrated be used to feed pigs and pig manure can in turn be used as
agriculture-aquaculture will facilitate the addition of new fertilizers for fish pond. In fish-rice integrated culture, crop
resource flows, the integration of new enterprises, the residues and compost are utilized in fertilizing the ponds, while
substitution of external inputs and the rehabilitation of the fish movement helps in aerating the pond for healthy rice
degraded agro-ecosystems. growth.
The scope of practices in an integrated fish farm could be
considerably wide. Apart from fish cultured in the water body, 2.0 Advantages of Integrated Fish Farming
the water surface can be used for goose and duck rearing, pond The advantages of integrated fish farming include the
dikes for fruit and mulberry cultivation or for setting up pig- following:
sties or slopes for fodder corps. The products from an 1. Establishment of a man-made ecosystem without any
integrated fish farm are not only fish but also meat, milk, eggs, un-utilized wastes, thereby improving fertility of the
fruit, vegetables, etc. It is apparent that integrated fish farming local environment. The farmer obtains free pond
can fully utilize the water body, the water surface, the land and fertilization from animal/organic manure and also free
the pond silt, etc to increase food supply for the people. pond water for animal husbandry purposes. It therefore
Integrated system of fish farming involves methods in constitute a continuous process of disposal and
utilization of organic wastes. Animal excreta alone can be recycling of animal wastes which would otherwise be
effectively utilized through employing various methods and accumulated on land or washed via water courses to
techniques. Fresh animal manure can be applied directly to the the river, thereby creating pollution problems
fish ponds. Pig-sties, poultry coops and pens for ducks and 2. There is maximal and efficient utilization of space and
geese can be constructed on the dikes or above the ponds. resources. Income generated by any of the combined
Fresh manure thus enters the ponds directly, avoiding energy systems is higher than that from pure fish culture,
loss due to processing of manure and transportation. The animal husbandry or plant cultivations. Integrated
feedstuffs of livestock are not fully digested and these can be farming can play an important role in national
directly utilized by fish. Therefore, the number of animals economy through the creation of more jobs and in
should be compatible with unit water surface. Animal manure augmenting production of animal protein and crops.
can be used indirectly through one or two tropic levels in a 3. There is no need for sophisticated and expensive
food chain such as growing fodder crops to feed herbivores fishing gear and craft in harvesting since simple
(forage eating) fish or producing earth worms or other animals draining and harvest methods are used.",Integrated Aquaculture Technologies for Fish Farmers,https://naerls.gov.ng/wp-content/uploads/2022/11/Integrated-Aquaculture-Technologies-for-Fish-Farmers.pdf,3,official_naerls_bulletin
naerls_0379,livestock_fisheries_or_specialty_crop,Integrated Aquaculture Technologies for Fish Farmers,integrated aquaculture technologies fish farmers system low operating maintenance cost species choice considerations thereby saving feeding which major culture component agricultural enterprises money otherwise would following must anticipated diverted other projects responded interest efficient than sole utilization primary resources such organic fertilizer feed water land,"4. The system has low operating and maintenance cost, 3.0 Fish Species Choice Considerations in Integrated
 thereby saving feeding cost, which is a major Culture
 component in agricultural enterprises. Money that
 otherwise would have been used for feeding of fish The following are considerations that must be anticipated
 can be diverted to other projects. The system is more and responded to in integrated aquaculture in the interest of
 efficient than sole fish culture in the utilization of the farmers:
 primary resources such as organic fertilizer and feed,
 water, land and labor. 1. Will local or improved fish species grow well in rice
5. It enables multiple uses of land that would otherwise fields and adapt to shallow water, high turbidity and
 have been useless especially for arable agriculture. temperature and low dissolved oxygen conditions of the
6. The farmer is enabled to make effective monitoring of fields i.e. economically important and ecologically
 the production system since both fish and other suitable (Catfish, Tilapia)?
 animals or plants are within the same environment. 2. What will be the stocking rate of the fish in the rice7. Decreased dependence on production inputs from poultry cum fish (under monoculture and polyculture
 outside the farm, such as artificial fertilizers thereby and the stocking densities)?
 increasing profit and the ecological stability of the 3. Compatibility of cultural practices on rice- poultry to
 farm. the fish?
8. Increased productivity and efficiency on the farm. 4. Will fish be stocked to serve other grow-out ponds or to
 However a farmer needs to understand the stocking maturity within the rice field?
 rates and densities of the commodities cultured 5. What size of fish is suitable, 5-8 or 10-12cm as
 together to enjoy the venture. practiced by some farmers?
 6. Suitable water depth (10-20cm?) and duration of fish
 growth in the rice field (30-40 days?)
 7. What will be the construction design to prevent fish
 escape during floods (dykes strengthening)",Integrated Aquaculture Technologies for Fish Farmers,https://naerls.gov.ng/wp-content/uploads/2022/11/Integrated-Aquaculture-Technologies-for-Fish-Farmers.pdf,4,official_naerls_bulletin
naerls_0380,livestock_fisheries_or_specialty_crop,Integrated Aquaculture Technologies for Fish Farmers,integrated aquaculture technologies fish farmers must available locally farmer culture should short food chain feed type specific hardy withstand stress tolerant adverse conditions temperature variations low dissolved oxygen fig tilapia suitable rice chicken duck disease resistant pig well water quality reproduces easily fast growing good,"● It must be available locally for the farmer’s use in
culture.
●It should have a short food chain i.e. it should not be
feed-type specific.
●It should be hardy to withstand stress.
●It must be tolerant to adverse conditions e.g.
temperature variations, low dissolved oxygen Fig 1 Tilapia: Suitable for culture with rice, chicken, duck
●It must be disease resistant. and pig.
● It must be hardy and do well in water of low quality,
and reproduces easily
●It must be fast growing and a good feed converter
 (good food conversion ratio).
●It must be the generally sought-after type for easy
marketing.
●If rearing is for commercial purpose, it should have
good market value. Fig. 2 Catfish: Suitable for all types of integrated fish
 culture
The widely recommended species that meet almost all
these requirements are Tilapia, the Mud Catfish and the
Common Carp as shown in Figures 1 to 3",Integrated Aquaculture Technologies for Fish Farmers,https://naerls.gov.ng/wp-content/uploads/2022/11/Integrated-Aquaculture-Technologies-for-Fish-Farmers.pdf,5,official_naerls_bulletin
naerls_0381,livestock_fisheries_or_specialty_crop,Integrated Aquaculture Technologies for Fish Farmers,integrated aquaculture technologies fish farmers cum poultry farming many small scale tropics keep chickens which expensive rear meeting household needs eggs layers well meat broilers chicken manure contains lot nutrients makes very good food just like turkey duck geese fig large coop beside pond system,"4.1 Fish-cum-Poultry Farming
Many small-scale farmers in the tropics keep chickens which
are not expensive to rear for meeting household needs for eggs
(layers) as well as meat (broilers). Chicken manure contains a
lot of nutrients and makes very good fish food just like turkey,
duck and geese.
 Fig. 5: Large scale poultry Coop beside Fish Pond
This system of integration involves the building of poultry
house over a pond (Figure 4). If the farm is on large-scale, the The advantage of poultry manure is that it has nitrogen,
chicken coop (building for small animals, especially chicken) phosphorus and organic compounds that are suitable for
can be built on the embankment of the pond as in Figure 5. primary production in the ponds just like fertilizers in
The poultry are fed in this enclosure and their droppings are farmlands. Proceeds from the sale of chicken manure may
allowed to fall directly into the fish pond or on to a platform exceed profit from sale of chicken and eggs. Research has
from where the droppings could be quantified before releasing established that a chicken produces 40g of excreta daily (14it into the pond or stored. 15kg/yr) and therefore it is recommended that 10-30 chicken
 be stocked per 100m2 pond area and this could yield 35-
 50kg/yr/100m2 of Oreochromis niloticus and Clarias
 gariepinus when reared for 4-5 months.",Integrated Aquaculture Technologies for Fish Farmers,https://naerls.gov.ng/wp-content/uploads/2022/11/Integrated-Aquaculture-Technologies-for-Fish-Farmers.pdf,6,official_naerls_bulletin
naerls_0382,livestock_fisheries_or_specialty_crop,Integrated Aquaculture Technologies for Fish Farmers,integrated aquaculture technologies fish farmers however size pond should always put consideration before erecting poultry house very big built small discouraged since droppings birds will too much may fig example chicken coop above thus contaminate pollute housing ideal stocking catfish,"However, the size of the pond should always be put into
 consideration before erecting a poultry house. That is, a very
 big poultry house built on a small pond should be discouraged
 since the droppings from the birds will be too much and may
Fig 4: Example of a chicken coop above a fish pond thus contaminate or pollute the pond. A poultry housing about
 25-35 birds should be ideal for a pond of 15m x 10m x 1.5m
 i.e. 225m3 for stocking catfish.",Integrated Aquaculture Technologies for Fish Farmers,https://naerls.gov.ng/wp-content/uploads/2022/11/Integrated-Aquaculture-Technologies-for-Fish-Farmers.pdf,6,official_naerls_bulletin
naerls_0383,livestock_fisheries_or_specialty_crop,Integrated Aquaculture Technologies for Fish Farmers,integrated aquaculture technologies fish farmers situation where pond secondary consideration worth raising poultry especially generate wastes better construct separately then feed manually droppings costs difficulties doing availability dry weight week same size however cost marketing technical abilities interest which case there large farm small attachment,"In a situation where the fish pond is secondary in consideration worth raising poultry, especially to generate wastes for
to the poultry, it is better to construct the pond separately and aquaculture?
then feed the fish manually with the poultry droppings (10-15 2. Costs/difficulties of doing so (e.g. feed availability and
kg dry weight/week for same size of pond). However in a cost; marketing difficulties; technical abilities and interest
situation where the poultry is secondary, in which case there is of farmers).
a large fish farm to a small poultry attachment, then 3. The bulkiness of poultry manure and the environmental
supplementary feeding from other sources should be nuisance of smelling.
considered since the droppings alone from the poultry may not 4. Are all wastes to be used in fish culture? If some wastes
be sufficient for the fish to utilize. are to be used elsewhere, the wastes should be collectible
If the size or the poultry is proportional to the pond, additional prior to entering the pond (e.g., use a sump). Also, wastes
feeding of the fish may not be necessary. In all circumstances, should be available in larger quantities at certain periods
a close study of the pond and fish should always be made, when their use should be reduced for fish culture (e.g.,
especially if the birds are infected with diseases since this during cold season). Pens should be close to the pond to
would affect their feeding habits and consequently less reduce labor cost of loading waste.
droppings. It should be noted that some poultry diseases may 5. In the layout/design aspect, consideration must be given
also cause infections to the flesh and skins of the fish. The to size and number of poultry, space availability/land cost;
poultry house floor should be made in such a way that the and relative cost of materials.
dropping should fall directly inside the pond. 6. Can all the wastes be collected? In deep liter or cage
 Poultry Requirements systems poultry rearing are kept confined at all times so all
 1. Birds should come from fast growing, well feathering, the wastes can be collected and used. Small-scale poultry
 strain-bred and cross-bred parents to convert feed into farmers often allow birds to be free range during daylight
 meat efficiently in shorter time. hours and only confined at night. This reduces feed costs
 2. Birds should also have resistance to diseases. considerably, often allowing only on-farm or low-cost
 supplementary feeds to be given. But collectible wastes
 Factors to Consider Before Using Poultry Wastes will be less.
 1. Are wastes available already on-farm? If so, are the 7. Ponds may be multi-functional (diverse usages)
 wastes already used? Should they be divided for use in fish increasing the risk of water transmitted diseases
 culture? Poultry wastes are often important as crop
 fertilizers and fuel. Consider the opportunity costs. Is it",Integrated Aquaculture Technologies for Fish Farmers,https://naerls.gov.ng/wp-content/uploads/2022/11/Integrated-Aquaculture-Technologies-for-Fish-Farmers.pdf,7,official_naerls_bulletin
naerls_0384,livestock_fisheries_or_specialty_crop,Integrated Aquaculture Technologies for Fish Farmers,integrated aquaculture technologies fish farmers cum duck geese culture built which floats water resting stilts above ducks attractive poultry small scale bank pond only need very common bird short legs wide shelter beak manure contains lot nutrients side figure suitable feeding swim thus spreading own,"4.2 Fish-cum-Duck/Geese Culture built which floats on the water, or resting on stilts above the
Ducks and geese are attractive poultry for small-scale farmers. water or on the bank of the pond. Ducks and geese only need
Duck (a very common water bird with short legs and a wide shelter for resting which can be built above the pond or by the
beak) and geese manure also contains a lot of nutrients and are side of the pond. (Figure 6)
suitable for feeding fish. Ducks and geese swim in the fish
pond, thus spreading their own manure. The amount of manure
produced over a two month period is approximately 6 to 9kg
per bird.
Ducks and geese grow quickly, are strong and easy to keep.
They eat waste products as well as weeds, frogs, insect larvae
and snails from the pond. It is especially good to keep ducks
and geese if the farmer has a large amount of tender green
grass or water weeds. Chopped (to cut something into smaller
pieces) up Amaranthus sp makes good feed for ducks. These
food sources can form a large proportion of the feed for ducks Fig. 6: Duck shelter construction on the dyke
and geese, supplemented with less bulky feed such as grain.
Ducks stir up the bottom of the pond when looking for food. A shelter built above the water must have a floor of slats or
This reduces algae growth as sunlight cannot penetrate so deep mesh which will let the manure through. Ideally all the manure
into the water. By keeping the ducks in one half of the pond should fall into the water. By fencing off the banks with wire
only, algae can grow in the other half, which also provides or netting, and not building a shelter on the banks, one can
food for the fish. Geese spend less time in the water than ensure that all manure is deposited in the water, and that the
 dykes (a wall or bank build to keep back water and prevent
ducks, and more time on the banks resting and looking for
food. The banks of the pond have to be fenced off so that they flooding.) remain undamaged. In this type of integration you
are not destroyed by the geese. Ducks raised in water grow can obtain yields of 30 to 55kg per 100m2 per year. The yield
more quickly than those raise on land, and are cleaner and will depend on the number of ducks per square meter and the
healthier. One advantage of geese is that they are good guard fish species cultured. A combination of Tilapia (Oreochromis
animals. niloticus) and African catfish (Clarias gariepinus) will yield 35
A minimum area of 0.5m per duck or goose is required. Ducks to 40kg of fish per 100m2 per year. When a high density of Nile
and geese can be housed in a variety of ways. A pen can be tilapia (Oreochromis niloticus) (400 fish per 100m2) is used up",Integrated Aquaculture Technologies for Fish Farmers,https://naerls.gov.ng/wp-content/uploads/2022/11/Integrated-Aquaculture-Technologies-for-Fish-Farmers.pdf,8,official_naerls_bulletin
naerls_0385,livestock_fisheries_or_specialty_crop,Integrated Aquaculture Technologies for Fish Farmers,integrated aquaculture technologies fish farmers per harvested maximum number supplementary feeding ducks should ensured laying geese when carp species avoid hungry searching food however raised where tilapia which may necessary unless less sensitive oxygen content then purpose such attain plural goose meat required size targeted,"to 70kg per 100m2 can be harvested. The maximum number of supplementary feeding of the ducks should be ensured to
laying ducks or geese is 75 per 100m2 when carp species are avoid the hungry ducks searching for food. However,
raised (200 fish per 100m2). Where Tilapia are raised, which supplementary feeding for fish may not be necessary unless
are less sensitive to oxygen content, then 350 ducks or geese feeding is for a purpose, such as feeding the fish to attain the
(plural of goose) for meat, or 400 laying ducks or geese can be required size at a targeted time.
kept 100m2. Where catfish are reared (400 fish per 100m2) the
number of ducks or geese for meat rises to 700 per 100m2, or 4.3 Fish-cum-Pig
800 egg laying geese per 100m2. Catfish can breathe in oxygen Culture
from the air as well as from the water. This means that more The combination is less obvious than the earlier mentioned
animals can be kept per square meter, and production levels of ones but gives much larger yield of fish and appears to be an
150kg per 100m2 can be obtained. easier technique. Though pigs are not water animals, they like
 taking baths and every time they have access to a pool or pond
Ducks can be reared in the vicinity of the fish pond by leaving they usually lay there and all their excreta, manures the water
the birds to move on the water bodies. The pond open to ducks directly.
can be stocked at the rate of 45 fingerlings (10g)/m3. The In this kind of combination, three arrangements of the piggery
droppings continually manure the pond and a huge quantity of can be adopted either directly by the side of the pond or on a
phytoplankton (minute-fish food of plant origin) will be readily sloping shore or on pilings above the pond. The main point is
available. The ducks also clear the ponds by rooting up water to let the garbage pour continually into the water. It is
plants and eating some of the fish predators such reptiles, recommended that 45-50 pigs be stocked per hectare of fish
amphibians and water snails. pond or 0.6-0.8 tons of pig droppings per hectare per week.
Apart from the direct manuring of the pond, ducks further Pig dung contains more than 70% digestible feed for fish. It is
produce additional droppings during their rest periods when reported that the feed while passing through the alimentary
they converge in their house. The duck house must be canal of pig, gets mixed with certain enzymes which continue
constructed low enough to allow birds always go out to swim to act even after defecation. The undigested solids present in
and come back to the house without any hindrance the pig dung also serve as direct food source of Tilapia and
whatsoever. The materials to be used for the pillar of the common carp. A density of 60-100 pigs has been found to be
house should be hard wood that will last several years. enough to fertilize a fish pond of one hectare area. The
Concrete cement or iron rods are better materials. Feeding of optimum dose of pig manure per ha has been estimated may be
the ducks should be done inside their house. Regular obtained from 50 pigs. If the manure is to be obtained from a",Integrated Aquaculture Technologies for Fish Farmers,https://naerls.gov.ng/wp-content/uploads/2022/11/Integrated-Aquaculture-Technologies-for-Fish-Farmers.pdf,9,official_naerls_bulletin
naerls_0386,livestock_fisheries_or_specialty_crop,Integrated Aquaculture Technologies for Fish Farmers,integrated aquaculture technologies fish farmers dosage day times year will required manure over pond large worth building like grass carp silver common sties different places above there number suitable integration pigs generally need disadvantages often minimum floor area per pig two ways damp draughty which,"dosage of 400kg/ha/day for 12 times in a year will be required. manure over the pond. If the pond is large it is worth building
Fish like grass carp, silver carp and common carp (1:2:1) are the sties in different places above the pond. There are a number
suitable for integration with pigs. Pigs generally need a of disadvantages of building sties above a pond. It is often
minimum floor area of 1 to 1.5m2 per pig. There are two ways damp and draughty above a pond which can cause respiratory
of housing pigs combined with fish. The most common is to problems in pigs. You cannot use any cleaning materials to
build the sty on the banks of the pond (Figure 7). Dig the clean the sty as they will pollute the pond.
drainage channels so that the pig manure can be rinsed with
water into the pond through a channel (Figure 8) It is a good
idea to make a sty(a place where pigs are kept) with hard floor,
so that less manure is lost. Lay the floor so that it slopes down
towards the pond, as that makes it easier to wash the manure
into the pond. Surplus manure can always be carried to another
pond if necessary.",Integrated Aquaculture Technologies for Fish Farmers,https://naerls.gov.ng/wp-content/uploads/2022/11/Integrated-Aquaculture-Technologies-for-Fish-Farmers.pdf,10,official_naerls_bulletin
naerls_0387,livestock_fisheries_or_specialty_crop,Integrated Aquaculture Technologies for Fish Farmers,integrated aquaculture technologies fish farmers best results obtained when species cultured hardy withstand low dissolved oxygen mud catfish tilapia meet these requirements good take note some pig diseases such tape worms diphyllobathrium spp transferable fig sty construction integration cases man keep hygiene worm your sties,"Best results are obtained when the fish species cultured are
 hardy and can withstand low dissolved oxygen. The mud
 catfish and Tilapia meet these requirements.
 It is good to take note that some pig diseases such as tape
 worms (Diphyllobathrium spp) are transferable to fish and in
 Fig 7: Pig Sty construction for integration with fish
 some cases to man, so keep a good hygiene and de-worm your
In some cases pig sties are built above the pond. These are pigs regularly.
made of wood, built on stilts with a slatted floor so the manure
falls into the pond. Where the sty is above a small pond it must
be built on the windward side, so that the wind spreads the",Integrated Aquaculture Technologies for Fish Farmers,https://naerls.gov.ng/wp-content/uploads/2022/11/Integrated-Aquaculture-Technologies-for-Fish-Farmers.pdf,10,official_naerls_bulletin
naerls_0388,livestock_fisheries_or_specialty_crop,Integrated Aquaculture Technologies for Fish Farmers,integrated aquaculture technologies fish farmers cum cattle goat sheep rabbit goats culture important animals many small scale type combination involves construction africa asia latin america pond near ranch pasture land collecting manure fertilizer possible cow droppings feed required quantity house pen above dyke dung thus,"4.4 Fish-cum-Cattle/Goat/Sheep/Rabbit Sheep and Goats
Culture Sheep and goats are important animals for many small-scale
This type of culture combination involves the construction of a farmers in Africa, Asia and Latin America. Sheep and goat
fish pond near cattle ranch or pasture land and collecting the manure can be used as fertilizer in a fish pond. It is possible to
cow, sheep, or goat droppings and feed the required quantity house the animals in a pen above the pond or in the pond dyke
into the pond. This dung thus manures the pond or are taken as shown in (Figure 9)
directly as food by the fish
In this culture combination fish pond can only ‘be considered
secondary in an already established ranch where the dung are
considered as wastes. 400 goat/sheep or 30 cattle can be
stocked for 1 hectare fish pond.",Integrated Aquaculture Technologies for Fish Farmers,https://naerls.gov.ng/wp-content/uploads/2022/11/Integrated-Aquaculture-Technologies-for-Fish-Farmers.pdf,11,official_naerls_bulletin
naerls_0389,livestock_fisheries_or_specialty_crop,Integrated Aquaculture Technologies for Fish Farmers,integrated aquaculture technologies fish farmers cattle rearing often ruminants these graze pastures which makes collecting manure difficult time consuming produce large amounts fig pond dyke each day poor nutritional quality however numbers raised tropics during rabbit they kept tied easier collect dung very simple could,"Cattle
Fish rearing is not often integrated with ruminants as these
often graze in pastures, which makes collecting manure
difficult and time consuming. Cattle produce large amounts of Fig. 9: Cattle in the Pond Dyke
manure each day, but it is of poor nutritional quality. However,
large numbers of cattle are raised in the tropics, and during the Rabbit
time that they are kept tied up it is easier to collect the dung. Rabbit rearing is very simple. They could be raised in the open
(Solid waste from animals especially cow) Cows can be fed or in cages as discussed for poultry. They don’t gnaw (to keep
Napier grass for example cow dung is commonly used to biting something hard) into the dykes as musk’s, rats or ducks.
fertilize fish ponds in India, but fish yields are rarely higher Harvested aquatic plants and vegetables could be fed to them.
than 20kg per 100m2. On a farm with a biogas converter the Their droppings increase food for fish their meat is of special
fish harvest can be doubled by first processing the cow dung in interest to some consumers and their fur (thick soft hair that
the biogas (organic gas used as fuel) converter before using it covers the bodies of some animals like rabbit, cat etc. animals
to fertilize the fish pond. could be used for leather wears and souvenirs(an object that
 you keep or buy to remind yourself of a special occasion or
 place you have visited)",Integrated Aquaculture Technologies for Fish Farmers,https://naerls.gov.ng/wp-content/uploads/2022/11/Integrated-Aquaculture-Technologies-for-Fish-Farmers.pdf,11,official_naerls_bulletin
naerls_0390,livestock_fisheries_or_specialty_crop,Integrated Aquaculture Technologies for Fish Farmers,integrated aquaculture technologies fish farmers general hints animal manures advantages disadvantages integrating culture wastes droppings organic chickens goats sheep ducks pigs rabbits cattle horses excellent fertilizers ponds other examples manure will readily available fertilize pond good molasses sugar cheaper obtain cane factories composted vegetation table,"4.5 General Hints on Animal Manures in Integrated 4.5.2 Advantages/Disadvantages of Integrating Fish
 Culture Culture with Animal
Animal wastes (droppings) are organic manures. Manures
 Advantages are:
from Chickens, Goats, Sheep, Ducks, Pigs, Rabbits, Cattle and
Horses are excellent fertilizers for fish ponds. Other examples i. Manure will be readily available to fertilize pond
of organic fertilizers good for ponds are molasses from sugar
 and cheaper to obtain.
cane factories, composted vegetation, table scraps and
 ii. The pond environment cools the animal especially
wastewater from animal slaughterhouses. Manures release
 during hot weather
nutrients for phytoplankton through decomposition.
 iii. Undigested foods in them are good sources of food
4.5.1 How Animal Manure Work for fish. Certain fish can digest specific
 components of manure or the bacteria, fungi and
1. They decompose and release nitrogen, phosphorus and
 potassium, which are used by plankton for growth and other organisms.
 reproduction, thereby producing more natural food iv. Their usages at the correct rate increases pond
 organisms for fish to eat. fertilization, thereby making natural foods
2. Animal manures provide nutrient attachment sites for (phytoplankton, zooplanktons, worms, insects etc)
 bacteria and other microscopic organisms. These available and less supplementary feeds will be
 organisms provide nourishment for fish even though in used.
 some cases the manure itself may have no direct food v. Animal can utilize the pond water directly or the
 value when eaten. drainage water flowing from the pen to pond site.
3. Undigested food in animal manure is easily digestible e.g. Duck, Pigs, etc
 and provides direct nutrition when eaten by fish.
 vi. Birds like Duck increases Oxygen content (DO) of
 pond water through swimming.
 vii. Population of fish can be controlled e.g. ducks can
 control Tilapia through predation.
 viii. Farmers will have meat and fish to eat and increase
 income through sales.",Integrated Aquaculture Technologies for Fish Farmers,https://naerls.gov.ng/wp-content/uploads/2022/11/Integrated-Aquaculture-Technologies-for-Fish-Farmers.pdf,12,official_naerls_bulletin
naerls_0391,livestock_fisheries_or_specialty_crop,Integrated Aquaculture Technologies for Fish Farmers,integrated aquaculture technologies fish farmers integration makes maximum utilization available recommended application rates animal manure land space culture encouraging livestock rate number animals farming way promoting interest per hectare cattle all day disadvantages night large quantities needed fertilize only chicken pond tendency over lead dissolved,"ix. Integration makes maximum utilization of available 4.5.3 Recommended Application Rates of Animal Manure
 land space. in Integrated Culture x. Encouraging integration of fish and livestock in Manure Application Rate Number of Animals
 farming is a way of promoting farmers interest in Kg/100 Kg/ Per 100m3 Per
 fish culture. m2/wk Hectare Hectare Cattle 10 1000 a) 0.3 (all day) 30
The disadvantages are:
 b) 0.6 (night 60
 a. Large quantities of manure are needed to fertilize the only)
 Chicken 6-8 600-800 1000-1500
 pond 10-15
 b. Tendency of over application can lead to dissolved Duck 6-8 600-800 1000-1500
 oxygen depletion in pond 10-15
 Goat/Sheep 10 1000 400
 c. If not well managed, diseases can be transmitted to a) 4 (all day)
 man. 800
 b) 8 (night
 Horse/ 10 1000 only) 50
 Donkey
 6-8 600-800 0.5 50-100
 Pig
 0.5-1",Integrated Aquaculture Technologies for Fish Farmers,https://naerls.gov.ng/wp-content/uploads/2022/11/Integrated-Aquaculture-Technologies-for-Fish-Farmers.pdf,13,official_naerls_bulletin
naerls_0392,livestock_fisheries_or_specialty_crop,Integrated Aquaculture Technologies for Fish Farmers,integrated aquaculture technologies fish farmers manure higher nutrient quality will guide against over application required lesser quantity than lower pond they all oxygen water achieve equivalent result endanger lives same dark greenish deep green moisture content affects indicates high fertility allow break dry some chemical,"2. Manure of higher nutrient quality will be 8. Guide against over application of manure to fish
 required in lesser quantity than manure of lower pond. They can use all the oxygen in water and
 nutrient quality to achieve equivalent result in endanger fish lives.
 the same pond. 9. If pond water is dark greenish or deep green that
3. Moisture content of manure affects its quality. indicates high fertility; allow a break of 2-4
 Dry manure will have more of some chemical weeks before resuming manure application.
 nutrient than an equal weight of wet manure Ideal pond color is bright green.
 because it is more concentrated, but the food
 value may be lower since bacteria and other 4.5.5 Application Methods.
 organisms may have already removed much
 digestible materials. However dry manures are 1. For ponds just constructed, spread the manure
 easier to manage than wet manure, and they are evenly on pond bottom before flooding the pond.
 less dangerous. 2. For ponds already flooded, break the manure into
 smaller fragments and broadcast on pond water i.e.
4. Divide the weekly dose into daily application.
 avoid lump application
 With this, low oxygen problems will be less
 3. Alternatively manures can be tied in jute bags and
 likely to occur and fish will more effectively
 allowed to seep into the water
 utilize food in the manure.
5. Chickens, Pigs and Ducks may be confined. 4. With proper construction of animal cages, manure
 Chickens may be raised over Pigpens, which are can drop directly into the pond from animal
 built over fish ponds or raised directly above the 5. Animal droppings can also collect in a platform
 pond. and the farmer later flush or sweeps them into the
 ponds.
6. Cattle, Sheep and Goats may be difficult to
 confine. If reared near the pond their droppings
 can be easily collected or flushed into ponds. 4.6 Fish-cum- Rice Culture
 Fish culture in rice fields is a complementary practice of the
7. Restrict the access of large animals to pond site,
 else their hooves can break down pond dikes rice culture in wet land since rice is the main harvest. Wet land
 causing shallow weedy areas to develop. is defined, as land subject to excessive wetness, to the extent
 Protect pond with fence and limit access of large that the wet conditions influence the possible land uses. They
 animals to small area of pond shoreline. range in Nigeria from river and lake flood plains in the north to",Integrated Aquaculture Technologies for Fish Farmers,https://naerls.gov.ng/wp-content/uploads/2022/11/Integrated-Aquaculture-Technologies-for-Fish-Farmers.pdf,14,official_naerls_bulletin
naerls_0393,livestock_fisheries_or_specialty_crop,Integrated Aquaculture Technologies for Fish Farmers,integrated aquaculture technologies fish farmers south areas swampy rice cultivation stocked safe cheap alternative chemical pesticides mud catfish clarias bony tilapia control insects algae water field must practice involves construction pond which least deep seen figure order meter low lying area able survive move freely,"the south. Areas of swampy rice cultivation can be stocked safe and cheap alternative to using chemical pesticides to
with Mud catfish (Clarias) and bony fish (Tilapia). control insects and algae. The water in the rice field must be at
This practice involves the construction of a pond which is least 20cm deep as seen in (Figure 11) in order for the fish to
about 0.5-1 meter deep in a low lying area of the rice field, this be able to survive and move freely.
act as a deeper water “refuge”(deeper water that provides
shelter or protection for fish from danger and water level
reduction, especially during the dry season);",Integrated Aquaculture Technologies for Fish Farmers,https://naerls.gov.ng/wp-content/uploads/2022/11/Integrated-Aquaculture-Technologies-for-Fish-Farmers.pdf,15,official_naerls_bulletin
naerls_0394,livestock_fisheries_or_specialty_crop,Integrated Aquaculture Technologies for Fish Farmers,integrated aquaculture technologies fish farmers these systems could withstand low water level carp clarias advantage system recycle waste materials they again nutrients feeding depositing feaces fig refuge constructed rice farm submerged soil act fertilizer take important like phosphorus nitrogen plants presence field generally increases significantly,"Fish that are used for these systems could withstand low water
 level e.g. Carp and Clarias. The advantage of this system is that
 fish recycle waste materials so that they can be used again as
 nutrients through feeding and depositing their feaces in the
Fig. 10: “Refuge” constructed in rice farm submerged soil and this act as fertilizer. Up-take of important
 nutrients like phosphorus and nitrogen by rice plants is
The presence of fish in a rice field generally increases the rice
 significantly improved in comparison with rice monoculture.
yield by 10 to 15%. By cultivating two products the farmer can
 The rain-fed low land rice growing areas can also be interreduce the risk of loss if one crop fails. Fish is a source of
 cropped with fish. Experience has shown that this combination
protein, and by integrating its production with rice, food
 has a chance of big success only in the area where the
security can be enhanced. Fish also sometimes eat the insects
 technique of flood rice culture is already established and where
like mosquitoes which transfer diseases to people, so raising
 the rice farmer gets the water completely under control. In so
them can improve public health. Some fish species, such as
 doing, wild fish can be prevented from coming into the paddies
common carp eat mosquito larvae and snails which spread
 and also control loss of production which could occur in the
disease. Raising fish in a rice field is a biological way of
 case of over-flooding. Good fish for combination should be
reducing weeds, insects, snails and some rice diseases. This is a",Integrated Aquaculture Technologies for Fish Farmers,https://naerls.gov.ng/wp-content/uploads/2022/11/Integrated-Aquaculture-Technologies-for-Fish-Farmers.pdf,15,official_naerls_bulletin
naerls_0395,livestock_fisheries_or_specialty_crop,Integrated Aquaculture Technologies for Fish Farmers,integrated aquaculture technologies fish farmers able tolerate high temperature low dissolved oxygen them sell keep alive nature permitting content water should fast growing type reach preserve give away they table size short time than months make quick sales reduce debts rice cultivated too must lowland,"able to tolerate high temperature and low dissolved oxygen them, sell them, keep them alive (nature permitting),
content of the water. It should be the fast growing type to reach preserve them or give them away. They do not have to
table size after a short time (not more than 3 months). The type make quick sales to reduce debts.
of rice to be cultivated too, must be the lowland water-logged 3. Provision of additional food and income since income
type. The International Institute for Tropical Agriculture (IIT from sales can provide useful money at various times.
A) has different varieties of this type. Some farmers can sell brood fish or seed fish, as well as
 table fish. Fish can contribute to increased rice yield by
Specific Benefits and Potentials of Fish- Rice Culture 10-15%, through:
Integration 4. Optimizes underutilized (existing) resources and
 maintains gene pool for locally valuable species
 1. Compared to many technologies, rice-fish culture is low 5. The increased size of dikes in the system offers
 risk. It demands little money, is not particularly ""new"" or opportunity to plant other crops such as cowpea, garden
 revolutionary for most rice farmers and involves few- egg and other vegetables.
 conflicts with other farm activities. No major changes in
 normal farm practices; modifications to improve yields 4.7 Fish-cum-Crops and Vegetables Culture
 are adapted to the traditional practices by farmers if
 affordable. Some plants particularly the vegetables that are economically
 2. Fish cultured in rice fields provide farmer with a and nutritionally important, and are in demand throughout the
 continuous, predictable, convenient supply of food. year in Nigeria can be produced with fish. These plants can be
 Farmers accustomed to depending on uncertain, grown on the ponds or dyke or slopes and or in the pond itself
 declining stocks of wild fish appreciate this. during the dry season.
 3. Rice-fish culture saves farmers’ time and conserves Plants with short growing period, short fibrous root system,
 water. This allows many farmers to begin other income- short bulb or tubers are most suitable for such venture.
 earning activities or to improve on existing ones. Examples of such plants include spinach, lettuce, cabbage,
 2. No additional expenses, except when system is tomatoes etc. Other trees include palm kernel, coconut, mango,
 modified, such as building trenches, strengthening dikes, guava etc (Figure 12)
 etc. The small amounts of money needed mean that
 farmers need not take out loans. They, therefore, have
 many options as to how to use their fish: They can eat",Integrated Aquaculture Technologies for Fish Farmers,https://naerls.gov.ng/wp-content/uploads/2022/11/Integrated-Aquaculture-Technologies-for-Fish-Farmers.pdf,16,official_naerls_bulletin
naerls_0396,livestock_fisheries_or_specialty_crop,Integrated Aquaculture Technologies for Fish Farmers,integrated aquaculture technologies fish farmers potential augmenting production some farmed plants animal protein improving economy providing employment rural nigeria there doubt system should considered cheap lucrative alternative agriculture fisheries development advisable farmer going which ever type first time start initially small scale effective monitoring control,"potential for augmenting production of some farmed plants and
 animal protein, improving the economy and providing
 employment in rural Nigeria. There is no doubt that this system
 should be considered as cheap and lucrative alternative in
 agriculture and fisheries development.
 It is advisable that a fish farmer going into which ever type of
 the integrated system for the first time should start initially on
 small-scale for effective monitoring and control. The farmer
 can there after expand his activities after mastering all the
 techniques. Keep your pond free from enemies of your fish
 such as predators, reptiles, toads etc which may not only
 Fig 12 Palm Kernel grown in the Pond Dyke keenly compete for food with the fish but may eat the fish.
5.0 Conclusion",Integrated Aquaculture Technologies for Fish Farmers,https://naerls.gov.ng/wp-content/uploads/2022/11/Integrated-Aquaculture-Technologies-for-Fish-Farmers.pdf,17,official_naerls_bulletin
naerls_0397,livestock_fisheries_or_specialty_crop,Integrated Aquaculture Technologies for Fish Farmers,integrated aquaculture technologies fish farmers farming low energy consuming high efficient system cost very proven means waste disposal recycling which allow savings inorganic fertilizers supplemental feeds labour than monoculture maximum utilization organic manure water land need combine expertise fisheries scientists animal veterinarians agriculturists respect important,"Integrated fish farming is a low energy consuming but high
efficient aquaculture system. Its cost is very low and has also
been proven to be an efficient means of waste disposal and
recycling which allow for savings on the use of inorganic
fertilizers, supplemental feeds and labour. The integrated
system is more efficient than monoculture system in the
maximum utilization of organic manure, feeds, water, land and
labour. The need to combine expertise of the fisheries
scientists, animal scientists, veterinarians and agriculturists in
this respect is very important because the animal (or plant) may
be detrimental (causing harm or damage) to the other. It must
be kept in mind that supervision, skilled and technical
manpower is very essential in aquaculture venture and
management. Capability is the rule of success of any
aquaculture enterprise. Integrated fish farming holds a great",Integrated Aquaculture Technologies for Fish Farmers,https://naerls.gov.ng/wp-content/uploads/2022/11/Integrated-Aquaculture-Technologies-for-Fish-Farmers.pdf,17,official_naerls_bulletin
naerls_0398,livestock_fisheries_or_specialty_crop,Integrated Aquaculture Technologies for Fish Farmers,integrated aquaculture technologies fish farmers bolorunduro awelewa joseph technology small scale naerls extension guide fisheries series pond fertilization techniques bulletin revised huat tan review rice culture asia proceedings iclarm searca conference farming system oniye prospect integrating some agricultural production paper presented national livestock veterinary held,"1. Bolorunduro P. I. and Awelewa Joseph (1992).
 Integrated Aquaculture Technology for Small-Scale
 Fish Farmers. NAERLS Extension Guide No.154,
 Fisheries Series No.1.10p 2. Bolorunduro, P.I (2004). Fish pond fertilization
 techniques. NAERLS Extension Bulletin No. 153,
 Fisheries Series No. 9, 22p. Revised 2013 4. Huat, K. K. and Tan, E. S. P.(1980) Review of rice-fish
 culture in S. E. Asia. In: Proceedings
 of ICLARM-SEARCA Conference on Integrated
 Aquaculture Farming System Pp-14.
 5. Oniye, S. J. and Awelewa, J.(1991) Prospect of
 Integrating Fish Culture into some Agricultural
 Production. A Paper Presented at the National
 Livestock and Veterinary Conference held at the
 NAERLS Conference Hall, ABU Zaria 6-8 August. 10p 6. Woynarovich, E (1979) Raising ducks on Fish Ponds
 In: Proceedings of the ICLARM-SEARCA
 Conference on Integrated aquaculture Farming
 System Pp.129-134.",Integrated Aquaculture Technologies for Fish Farmers,https://naerls.gov.ng/wp-content/uploads/2022/11/Integrated-Aquaculture-Technologies-for-Fish-Farmers.pdf,18,official_naerls_bulletin
naerls_0399,livestock_fisheries_or_specialty_crop,Management of Drugs and Veterinary Equipment on the Farm,management drugs veterinary equipment farm acknowledgements materials production bulletin compiled handouts lecture department public health preventive medicine university ibadan jurisprudence professional suggestions comments jegede professor ogundipe faculty during preparation script very much appreciated,"ACKNOWLEDGEMENTS
The materials for the production of this bulletin have been
compiled from handouts and lecture materials of the
Department of Public Health and Preventive Medicine of the
University of Ibadan on Veterinary Jurisprudence. The
professional suggestions and comments of O.C. Jegede and
Professor G.A.T. Ogundipe of the faculty of Veterinary
medicine during the preparation of this script are very much
appreciated.",Management of Drugs and Veterinary Equipment on the Farm,https://naerls.gov.ng/wp-content/uploads/2022/11/Management-of-Drugs-and-Veterinary-Equipment-on-the-Farm.pdf,2,official_naerls_bulletin
naerls_0400,livestock_fisheries_or_specialty_crop,Management of Drugs and Veterinary Equipment on the Farm,management drugs veterinary equipment farm acknowledgement table contents introduction vet advantages good precautions nigerian drug laws handling pharmaceutical mineral salt licks care equipments consumables restriction planning first aid bibliography,"Acknowledgement......................................... 4
Table of Contents................................................... 5
Introduction............................................................. 6
The Use of Vet. Drugs and Equipment on the
Farm.......................................................................... 7
Advantages of Good Drugs and Equipment
on the Farm....................................................... 7
Precautions on Use of Veterinary Drugs........................ 8
The Nigerian Drug Laws.................................... 8
Handling Veterinary Drugs............................................ 9
 A. Pharmaceutical drugs.............. ..................... 9
 B. Mineral salt licks............................................ 11
Care of Veterinary Equipments.......................... ............ 13
Care of Farm Consumables........................................... 14
Restriction on the Use of Veterinary Drugs.......... 15
Planning For First Aid on the Farm..................... 16
Bibliography....................................................................... 16",Management of Drugs and Veterinary Equipment on the Farm,https://naerls.gov.ng/wp-content/uploads/2022/11/Management-of-Drugs-and-Veterinary-Equipment-on-the-Farm.pdf,3,official_naerls_bulletin
naerls_0401,livestock_fisheries_or_specialty_crop,Management of Drugs and Veterinary Equipment on the Farm,management drugs veterinary equipment farm definition drug these laws include any substances vegetable animal mineral origin preparations admixtures thereof which registered treatment ailments either human animals could recommended internal external body conditions consumables equipments indispensable aids maintenance hygienic safe proper delivery routine vet care most,"Definition of drug under these laws include any substances
of vegetable, animal or mineral origin or any preparations or
admixtures thereof which is registered for and used for
treatment of ailments in either human or animals. Drug
preparations could be recommended for either internal or
external body conditions.
 Drugs, Veterinary consumables and equipments are
indispensable aids in the maintenance of hygienic, safe and proper
delivery of routine vet care in farm animals. Most of the cases of drug
abuse recorded in farm animals in the recent years were attributable to
lack of proper knowledge of drug control either by the farmers that use
them or the animal health attendants who render dispensing services
at the farm.
 It is good to know that there are no magic drugs. A fake or drugs
handled carelessly will not give good result. A drug that is abused on
animals is a waste of resources and infringement on the fundamental
right of consumer of your farm produce. The drug needs of your farm
may not be different from time to time but require professionals to help
you determine the dosage require for every situation that call for their
use. It is always good to seek the advice of your local veterinarian.
 If health care equipments on the farm and the pattern of drug
use are to give many years of useful service to you and your animals,
considerable planning has to be made. This bulletin therefore is
intended to help the animal health attendant and livestock owner
understand what choice of drugs are allowed on the farm to be handled
by farmers and how to take care of such drugs and equipments
required to achieve the best of first aid treatment.",Management of Drugs and Veterinary Equipment on the Farm,https://naerls.gov.ng/wp-content/uploads/2022/11/Management-of-Drugs-and-Veterinary-Equipment-on-the-Farm.pdf,4,official_naerls_bulletin
naerls_0402,livestock_fisheries_or_specialty_crop,Management of Drugs and Veterinary Equipment on the Farm,management drugs veterinary equipment farm whatever type you your herd health plans requires one form other every work know how effectively appliances equipments achieve desired result some routine husbandry practices require vaccination schedules control parasites first aid treatments balanced adequate effective feeding sanitation environment support,"Whatever type of farm you have, your herd health plans
requires the use of one form of equipment or the other. Every
work you do on the farm also requires that you know how to
effectively use your appliances and equipments to achieve
the desired result. Some of the routine husbandry practices
that require one form of equipment or the other are:
 · Vaccination schedules
 · Routine control of Parasites
 · Routine first aid treatments
 · Balanced, adequate and effective feeding
 · Sanitation and management of the Farm environment
 · Veterinary support services.",Management of Drugs and Veterinary Equipment on the Farm,https://naerls.gov.ng/wp-content/uploads/2022/11/Management-of-Drugs-and-Veterinary-Equipment-on-the-Farm.pdf,5,official_naerls_bulletin
naerls_0403,livestock_fisheries_or_specialty_crop,Management of Drugs and Veterinary Equipment on the Farm,management drugs veterinary equipment farm advantages good enables you plan carry out your work time especially chemicals needed first aid treatments enable invest what required regular basis well planned organized helps veterinarian his routine works veterinarians create awareness how maintain consumables every,"ADVANTAGES OF GOOD DRUGS AND EQUIPMENT
ON THE FARM
 · It enables you to plan and carry out your work on time
 especially with those drugs and chemicals that are needed for
 first aid treatments.
 · It enable you invest on what is required on the farm on a more
 regular basis.
 · A well-planned farm with an organized first aid helps your
 veterinarian in his routine works.
 · It helps veterinarians to create awareness on how to maintain
 veterinary consumables and equipment after every use.",Management of Drugs and Veterinary Equipment on the Farm,https://naerls.gov.ng/wp-content/uploads/2022/11/Management-of-Drugs-and-Veterinary-Equipment-on-the-Farm.pdf,5,official_naerls_bulletin
naerls_0404,livestock_fisheries_or_specialty_crop,Management of Drugs and Veterinary Equipment on the Farm,management drugs veterinary equipment farm most pharmaceuticals like human medicine prescription only medicines pom they doctors advice nigerian law requires you consult your local veterinarian before buy any drug animal there always one benefit other doing right thing all time problems may arise due indiscriminate,"1. Most Veterinary pharmaceuticals like human medicine are
prescription only medicines (POM). They are to be used only on
Doctors advice. The Nigerian law requires you to consult with your
local Veterinarian before you buy any drug for animal use. There is
always one benefit or the other for doing the right thing all time. 2. Problems that may arise due to indiscriminate use or
abuse include drug resistance and residue builds up on food
animal products. The adverse effect of which could be
transferred to man the final consumer of food animals.
3. If failure occurs after the right use of drug, you are also expected
to consult your Veterinary doctor immediately for the necessary advise
and supports. 4. Treated animals should not be slaughtered for human
consumption within 21 days after treatment. Such meat consumed is at
your own risk.",Management of Drugs and Veterinary Equipment on the Farm,https://naerls.gov.ng/wp-content/uploads/2022/11/Management-of-Drugs-and-Veterinary-Equipment-on-the-Farm.pdf,6,official_naerls_bulletin
naerls_0405,livestock_fisheries_or_specialty_crop,Management of Drugs and Veterinary Equipment on the Farm,management drugs veterinary equipment farm milk treated animals should consumed within days treatment you note some manufacturers specify number which slaughtered human consumption important take advice seriously nigerian drug laws prohibit fake either sale distribution purchase hawking such,"5. Milk from treated animals should not be consumed within 7 days
after treatment. You should also note that some manufacturers specify
the number of days after which animals treated with their drugs can be
slaughtered for human consumption. It is important to take some of this
advice seriously. THE NIGERIAN DRUG LAWS
1. The Nigerian drug laws prohibit fake drugs, either their
sale, or their distribution and their purchase. Hawking of such",Management of Drugs and Veterinary Equipment on the Farm,https://naerls.gov.ng/wp-content/uploads/2022/11/Management-of-Drugs-and-Veterinary-Equipment-on-the-Farm.pdf,6,official_naerls_bulletin
naerls_0406,livestock_fisheries_or_specialty_crop,Management of Drugs and Veterinary Equipment on the Farm,management drugs veterinary equipment farm nigerian laws forbid any person persons who registered administering animal practice medicine people illegally classified quacks quack once identified arrested prosecuted court law unless prove otherwise prohibits sales unregistered distribution counterfeiting known trade name adulteration marketing fake illegal importation hawking,"2. The Nigerian veterinary laws forbid any person or persons who
 is not registered from administering drugs to animal or practice
 Veterinary medicine. People who practice Veterinary medicine
 Illegally are classified as quacks. A quack once identified is
 arrested and prosecuted in the court of law unless he can prove
 it otherwise. 3. The veterinary law also prohibits sales of unregistered
 veterinary drugs and its distribution. It prohibits counterfeiting of
 known trade name, adulteration of known drugs. Marketing of
 fake drugs. Illegal importation and hawking of drug is illegal.
 Breach of the law attracts a fine, and or imprisonment for five
 years in the court of law.",Management of Drugs and Veterinary Equipment on the Farm,https://naerls.gov.ng/wp-content/uploads/2022/11/Management-of-Drugs-and-Veterinary-Equipment-on-the-Farm.pdf,7,official_naerls_bulletin
naerls_0407,livestock_fisheries_or_specialty_crop,Management of Drugs and Veterinary Equipment on the Farm,management drugs veterinary equipment farm legal controls penalties sanctions fine offenders wrongful usage animals contained following decrees they pharmacy laws food drug decree nafdac related product counterfeit fake provisional act pharmaceutical transportation when you buy chemicals ensure,"4. Legal controls, penalties, sanctions or fine for offenders on
 wrongful usage of drugs in farm animals are contained in the
 following decrees:
A. They are Pharmacy laws of 1947,
B. Food and Drug decree of 1974,
C. The NAFDAC decree of 1993,
D. Drug and related product decree of 1993
E. Counterfeit and fake drug provisional act of 1988. A. Pharmaceutical drugs
1. Drugs transportation
When you buy chemicals or drugs for use on the farm, ensure",Management of Drugs and Veterinary Equipment on the Farm,https://naerls.gov.ng/wp-content/uploads/2022/11/Management-of-Drugs-and-Veterinary-Equipment-on-the-Farm.pdf,7,official_naerls_bulletin
naerls_0408,livestock_fisheries_or_specialty_crop,Management of Drugs and Veterinary Equipment on the Farm,management drugs veterinary equipment farm containers upward position bottles they should well arranged cartons stacked transported public van carton bold inscription fragile handle care good notify your driver onset what you carrying right carry such medicine case police officers check point may want clarification storage,"that the containers are in an upward position. If the containers are
bottles, they should be well arranged in cartons. And should not be
stacked. If they are being transported in public van the carton should
have a bold inscription “fragile, Handle with care”. It is also good to
notify your driver at the onset what you are carrying and your right to
carry such medicine in case police officers at the check point may want
clarification from the driver. 2. Storage of veterinary drugs
While on the farm, Veterinary drugs must be stored in cool dry place
with low relative humidity and a temperature not exceeding 25 degree
Celsius. This is very important especially in case of powdery
preparations that deteriorate fast in poor storage conditions. Your Vet
should handle all drugs that require refrigeration and call for them only
when you need them.",Management of Drugs and Veterinary Equipment on the Farm,https://naerls.gov.ng/wp-content/uploads/2022/11/Management-of-Drugs-and-Veterinary-Equipment-on-the-Farm.pdf,8,official_naerls_bulletin
naerls_0409,livestock_fisheries_or_specialty_crop,Management of Drugs and Veterinary Equipment on the Farm,management drugs veterinary equipment farm must stored away direct sunlight may adverse effects color viscosity even lead reduced potency outright damage what waste resources when handling pharmaceutical large herd desirable wear protective clothing such overall cap gloves boots etc wears necessary prevent drug body contact,"Drugs must be stored away from direct sunlight as this may have
adverse effects on the color, viscosity, and may even lead to reduced
potency or outright damage - What a waste of resources! a. When handling Veterinary pharmaceutical in a large herd, it is
 desirable to wear protective clothing such as overall, cap,
 gloves, boots, etc. Protective wears are necessary to prevent
 direct drug-body contact. b. It is wrong to buy fake or expired rugs. Before you use any drug
 at all always check for the expiry date, any sign of fake
 presentation, color and viscosity etc. When in doubt contact",Management of Drugs and Veterinary Equipment on the Farm,https://naerls.gov.ng/wp-content/uploads/2022/11/Management-of-Drugs-and-Veterinary-Equipment-on-the-Farm.pdf,8,official_naerls_bulletin
naerls_0410,livestock_fisheries_or_specialty_crop,Management of Drugs and Veterinary Equipment on the Farm,management drugs veterinary equipment farm your local officer immediately clarification when doctor administer inject able suspensions animals important confirm withdrawal time him once drug open first remaining product within days optimum effectiveness discard bury unused material thereafter case accidental spillages occur during wash affected part,"Your local veterinary officer immediately for clarification.
c. When your doctor administer inject able suspensions on your
 animals, it is important to confirm the withdrawal time from him.
 Once a drug is open for use for the first time, use the remaining
 product within 28 days for optimum effectiveness. Discard and
 bury the unused material thereafter.
d. In case accidental spillages occur during use, wash the
 affected part of your body with water and soap. And
 apply soothing cream. You should consult your
 physician when in doubt.
e. Handle all drugs with care. Keep all drugs in safe with
 proper label on their containers. All drugs should be out
 of the reach of children and uninformed personnel. In
 case a drug is accidentally swallowed, induce vomiting
 by any of the normal methods and report to your
 physician immediately.
f. Injectibles and prescription drugs are to be used by
 professionals. It is a wrong farm practice to inject animals or
 administer drug without veterinary advice. Once you start such
 habits you may find it difficult to stop it. When a drug is wrongly
 administered, either by overdosing or under dosing harm is
 done, the effect of this will manifest much later. Don’t overlook
 such mistake. Seek professional advice all times.",Management of Drugs and Veterinary Equipment on the Farm,https://naerls.gov.ng/wp-content/uploads/2022/11/Management-of-Drugs-and-Veterinary-Equipment-on-the-Farm.pdf,9,official_naerls_bulletin
naerls_0411,livestock_fisheries_or_specialty_crop,Management of Drugs and Veterinary Equipment on the Farm,management drugs veterinary equipment farm formulated compound pressed block readily provides animals minerals salts maintain growth productivity metabolism beside fact they feed kept animal all time different conventional feeds sources such should handled care salt lick licked free choice added blocks once damaged thrown away,"formulated compound and pressed into block. It readily provides
animals with minerals salts to maintain their growth, productivity and
metabolism. Beside the fact that they are feed kept on the farm for
animal use all the time, they are different from the conventional feeds
sources, as such should be handled with care. Salt lick is to be licked by
the animal free choice and not added to feed. Salt lick blocks once
damaged should be thrown away. The dust should not be added to
feed. Characteristics of salt licks
Salt licks easily absorb moisture from the air, especially when there is
high humidity. And the block can give way and breakdown with pressure
arising from mishandling. Salt lick blocks once broken become a waste
and of less use to the animal. The dust should not be reconstituted into
feed to avoid problem of salt intoxication.",Management of Drugs and Veterinary Equipment on the Farm,https://naerls.gov.ng/wp-content/uploads/2022/11/Management-of-Drugs-and-Veterinary-Equipment-on-the-Farm.pdf,10,official_naerls_bulletin
naerls_0412,livestock_fisheries_or_specialty_crop,Management of Drugs and Veterinary Equipment on the Farm,management drugs veterinary equipment farm how salt licks should always available animal pens free choice addition clean water trough care equipments includes infusion sets worming drenching kits disposable syringes hypodermic needles clinical thermometer knives hoof trimming blades etc important know surgical instruments such indeed all,"How to use salt licks
Salt licks should always be available in animal pens free choice in
addition to clean water in the water trough. CARE OF VETERINARY EQUIPMENTS.
Veterinary equipments includes Infusion sets, de-worming or
drenching kits, disposable syringes, Hypodermic needles, Clinical
thermometer, Knives for hoof trimming, Blades etc.
1. It is important to know that surgical instruments such as blades,
 Knives, Indeed all-veterinary equipments can discolor and rust
 if not maintained in a dry condition. Clean and decontaminate all
 veterinary equipment as soon as possible after use and return
 them for safe keeping. 2. Soiled instruments must not be allowed to dry. Soaking in cold
 water is recommended if cleaning is not to be carried put
 immediately. Never use abrasives as these will spoil the surface
 finish and cause discoloration, rusting and pitting.",Management of Drugs and Veterinary Equipment on the Farm,https://naerls.gov.ng/wp-content/uploads/2022/11/Management-of-Drugs-and-Veterinary-Equipment-on-the-Farm.pdf,11,official_naerls_bulletin
naerls_0413,livestock_fisheries_or_specialty_crop,Management of Drugs and Veterinary Equipment on the Farm,management drugs veterinary equipment farm when powerful antiseptics disinfectants ensure solution mixed correct strength equipments should left chemical solutions long periods care taken rinse off all traces cleaning dry before storage any moisture will promote pitting rust spots due reaction carbon steel important lubricate periodically,"3. When using powerful antiseptics and disinfectants ensure
 solution is mixed at correct strength. Equipments should not be
 left in chemical solutions for long periods and care should be
 taken to rinse off all traces of chemical after cleaning. 4. Dry all equipment before storage, as any moisture left will
 promote pitting or rust spots due to the reaction of carbon on the
 steel. It is also important to lubricate all veterinary equipments
 periodically to prevent joint stiffness and failures. Use only
 lubricants recommended by your local veterinary doctor.
5. It is recommended that needle and syringes are used as",Management of Drugs and Veterinary Equipment on the Farm,https://naerls.gov.ng/wp-content/uploads/2022/11/Management-of-Drugs-and-Veterinary-Equipment-on-the-Farm.pdf,11,official_naerls_bulletin
naerls_0414,livestock_fisheries_or_specialty_crop,Management of Drugs and Veterinary Equipment on the Farm,management drugs veterinary equipment farm new animals where possible they should cleaned washed steamed purified clean water steaming all time avoid deposits instruments never methylated spirit near heat source care consumables include absorbent cotton wool gentian violet bandage these indispensable aids hygienic safe proper delivery,"new on animals. Where this is not possible, they should be cleaned
washed and steamed. Used purified or clean water for the steaming all
the time to avoid deposits on the instruments. Never use methylated
spirit near a heat source. CARE OF FARM CONSUMABLES
The farm veterinary consumables include absorbent cotton wool,
methylated spirit, Gentian violet, cotton bandage; these consumables
are indispensable aids in the hygienic, safe and proper delivery and
administration of medicaments. Farmers are expected by necessity to
acquire and maintain them on the farm for routine use. How to handle Farm veterinary consumables
1. Clinical thermometer, gentian violet and infusion sets and
 methylated spirits should be well arranged inside cartons or
 wrapper or leather bags and keep in the first aid room. Don’t
 leave chemicals or drugs on the floor. Place them back
 immediately after each use.",Management of Drugs and Veterinary Equipment on the Farm,https://naerls.gov.ng/wp-content/uploads/2022/11/Management-of-Drugs-and-Veterinary-Equipment-on-the-Farm.pdf,12,official_naerls_bulletin
naerls_0415,livestock_fisheries_or_specialty_crop,Management of Drugs and Veterinary Equipment on the Farm,management drugs veterinary equipment farm check abnormalities like torn labels unwrap role color change odors etc available brands market expiry dates when doubt contact your local veterinarian advice important before you introduce any new product first aid treatment collections always ensure seal products buying tampered,"2. Check for abnormalities like torn labels, unwrap role, color
 change, odors etc. Also check available brands in the market,
 their expiry dates and when in doubt contact your local
 veterinarian for advice. This advice is important before you
 introduce any new product into your first aid treatment
 collections. 3. Always ensure the seal of the products you are buying have not
 been tampered with and is intact before use. Tightly recap
 containers after use and never be in hurry when handling",Management of Drugs and Veterinary Equipment on the Farm,https://naerls.gov.ng/wp-content/uploads/2022/11/Management-of-Drugs-and-Veterinary-Equipment-on-the-Farm.pdf,12,official_naerls_bulletin
naerls_0416,livestock_fisheries_or_specialty_crop,Management of Drugs and Veterinary Equipment on the Farm,management drugs veterinary equipment farm chemicals maintain aseptic technique during disposable needles syringes must only once before reuse sterilized sterile materials all minor operations such wound dressing always sterilize bulb thermometer immerse shallow bottled oil safe keep some consumables usually come big containers you should,"drugs or chemicals. Maintain aseptic technique during and after use.
Disposable needles and syringes must be used only once. Before
reuse it must be sterilized. Use sterile materials for all minor operations
such as wound dressing. Always sterilize the bulb of thermometer
before and after use. And immerse in shallow bottled oil for safe keep. 4. Some veterinary consumables usually come in big containers.
 You should designate a spot in the first aid room for all
 consumables. Store them on pallets or rack. Never put loads on
 them so that you don’t break or damage them. There should be
 cross ventilation where they are kept. 5. Discarded or used materials and containers should be collected
 in bin bags. Bury them deep in the ground. Drugs and Farm
 chemical are not environmentally friendly. Handle them with
 care.",Management of Drugs and Veterinary Equipment on the Farm,https://naerls.gov.ng/wp-content/uploads/2022/11/Management-of-Drugs-and-Veterinary-Equipment-on-the-Farm.pdf,13,official_naerls_bulletin
naerls_0417,livestock_fisheries_or_specialty_crop,Management of Drugs and Veterinary Equipment on the Farm,management drugs veterinary equipment farm expired damage obsolete fake must all matter temptation indeed they discarded however disposal process environmentally friendly buried six feet ground account should you attempt burn drug first aid essential part good spend time considerable amount money build unit well planned,"Expired, damage, obsolete and or fake drugs must not be used at all no
matter the temptation. Indeed, they must be discarded. However the
disposal process must be environmentally friendly. Veterinary drugs
are to be buried six feet under the ground. On no account should you
attempt to burn drug. First aid is essential part of a good farm. You have to spend time and
considerable amount of money to build it up. First aid unit should be
well planned in consultation with your local vet officer so that it can be
cheap, attractive, convenient and safe to use. The arrangement of the unit should be given serious attention and
enough time in order to achieve the efficiency of a well-planned farm.
Extra money set aside for this is not only good investments for some
time to come but it also assure a good health of the animals and the
people who will consume your product and your own happiness is
QUARANTEED.",Management of Drugs and Veterinary Equipment on the Farm,https://naerls.gov.ng/wp-content/uploads/2022/11/Management-of-Drugs-and-Veterinary-Equipment-on-the-Farm.pdf,14,official_naerls_bulletin
naerls_0418,livestock_fisheries_or_specialty_crop,Production and utilization of ogbono (Irvingia Gabonensis),production utilization ogbono irvingia gabonensis acknowledgement table contents introduction rainfall requirement cultivation practices plant protection harvesting conclusion bibliography,"Acknowledgement ........................................................2
Table of Contents...........................................................3
Introduction..................................................................4
Rainfall requirement....................................................5
Cultivation practices..........................................................................................5
Plant Protection.................................................................................................10
Harvesting and utilization.................................................................................13
Conclusion.........................................................................................................14
Bibliography......................................................................................................15",Production and utilization of ogbono (Irvingia Gabonensis),https://naerls.gov.ng/wp-content/uploads/2022/11/Production-and-utilization-of-ogbono-Irvingia-Gabonensis.pdf,4,official_naerls_bulletin
naerls_0419,livestock_fisheries_or_specialty_crop,Production and utilization of ogbono (Irvingia Gabonensis),production utilization ogbono irvingia gabonensis introduction popularly known commonly called african mango wild indigenous forest tree belonging group plants classified non timber products ntep nupe pekpeara ogwi bini ugiri depending variety igbo uyo efik oro apon kernel yoruba belongs irvingiaceae family attains height meters meter,"Introduction
 Irvingia gabonensis, popularly known as ‘ogbono’ and commonly
called ‘African mango’ or “wild mango”, is an indigenous forest tree
belonging to the group of plants classified as “non timber forest products
(NTEP). In Nupe it is called “pekpeara”; “Ogwi” in bini; “Ogbono/ugiri
depending on the variety in Igbo; “uyo” in Efik and “oro” (tree) ”apon”
(kernel) in Yoruba. It belongs to the Irvingiaceae family of plants. The tree
attains a height of up to 30 meters and about 1.0 meter in girth when fully
developed. The leaves are simple and alternate, up to 10 cm long with
deciduous stipples up to 1.2cm long, which leaves encircling scares on the
branchlets. Flowers are tiny, white to greenish and appear in clustered axially
racemes. The flowers are very sweetly scented. The fruit is slightly flattened,
ellipsoidal drops with fibrous mesocarp and stony endocarp.
 In the species “gabonenesis” of Irvingia, well defined intraspecific
taxa have been recognized; thus there are: Irvingia gabonensis var. gabonensis
and Irvingia gabonensis var excelsa. The pulp of the Irvingia gabonensis var
excelsa is said to be eaten although it is bitter and acrid with the flavour of
turpentine and slightly slimy. On the other hand, the pulp of the I. gabonensis
var gabonensis is sweet, smooth in the mouth and has brittle pulp.",Production and utilization of ogbono (Irvingia Gabonensis),https://naerls.gov.ng/wp-content/uploads/2022/11/Production-and-utilization-of-ogbono-Irvingia-Gabonensis.pdf,5,official_naerls_bulletin
naerls_0420,livestock_fisheries_or_specialty_crop,Production and utilization of ogbono (Irvingia Gabonensis),production utilization ogbono irvingia gabonensis ecophysiology natural habitat extends senegal sudan south angola nigeria tree found growing latitude ando village homesteads adapted now grows well even comparatively drier ecological zones northern edges derived savanna site selection variety soil types ranging sandy clay loams loamy soils,"1.1 Ecophysiology:
The natural habitat of I. gabonensis extends from Senegal to Sudan and South
of Angola. In Nigeria, the tree is found growing between latitude 4.15 ando village homesteads. The tree has adapted and now grows well even in the
comparatively drier ecological zones of the northern edges of the derived
savanna. Site Selection
The tree grows well in a variety of soil types ranging from sandy clay loams to
loamy clay soils.",Production and utilization of ogbono (Irvingia Gabonensis),https://naerls.gov.ng/wp-content/uploads/2022/11/Production-and-utilization-of-ogbono-Irvingia-Gabonensis.pdf,5,official_naerls_bulletin
naerls_0421,livestock_fisheries_or_specialty_crop,Production and utilization of ogbono (Irvingia Gabonensis),production utilization ogbono irvingia gabonensis rainfall requirement requires adequate per annum abundant sunshine maturity natural conditions plant bears fruits years improved management especially when budded seedlings planted vegetative phase considerably reduced fruiting start while economic yield attained planting ever expanding deforestation constitutes major threat trees,"Rainfall Requirement
It requires adequate rainfall of about 1000 mm per annum and abundant
sunshine. Maturity
Under natural conditions, the plant bears fruits between 15-20 years but under
improved management, especially when budded seedlings are planted, the
vegetative phase is considerably reduced and fruiting can start from 4 – 5 years
while economic yield can be attained after 7 – 8 years from planting. The ever
expanding deforestation constitutes a major threat to the trees in the wild while
the activities of fruit collectors, further compound this negative impact on the
natural regeneration of Irvingia trees because the fruits are removed and thus
not given a change to germinate and grow into new trees. These therefore call
for the conscious and planned establishment of Irvingia plantations.",Production and utilization of ogbono (Irvingia Gabonensis),https://naerls.gov.ng/wp-content/uploads/2022/11/Production-and-utilization-of-ogbono-Irvingia-Gabonensis.pdf,6,official_naerls_bulletin
naerls_0422,livestock_fisheries_or_specialty_crop,Production and utilization of ogbono (Irvingia Gabonensis),production utilization ogbono irvingia gabonensis cultivation practices propagation commonly propagated seeds increasing awareness necessitated development procedures plant order enhance popularity economic potentials continued regular traditional future farming systems regard efforts made obtaining early flowering fruiting cultural management which include budding topping nursery although ground nurseries,"2.0 CULTIVATION PRACTICES:
2.1 Propagation:
 ‘Ogbono’ (Irvingia gabonensis) is commonly propagated by
 seeds. Increasing awareness have necessitated the
 development of propagation procedures for the plant in
 order to enhance its popularity, economic potentials and
 continued and regular production in traditional and future
 farming systems. In this regard, efforts are made at
 obtaining early flowering (and fruiting) through cultural
 management practices which include budding and
 ‘topping’.
2.2 Nursery:
 Although ground nurseries could be used, polybag, basket or perforated tray
nurseries are recommended. Movable nurseries e.g. polybag nurseries have
the following advantages over ground nurseries:",Production and utilization of ogbono (Irvingia Gabonensis),https://naerls.gov.ng/wp-content/uploads/2022/11/Production-and-utilization-of-ogbono-Irvingia-Gabonensis.pdf,6,official_naerls_bulletin
naerls_0423,livestock_fisheries_or_specialty_crop,Production and utilization of ogbono (Irvingia Gabonensis),production utilization ogbono irvingia gabonensis they save labour cost incurred during digging transplanting there reduced risk shocks iii space economy polybag nurseries polybags smaller than gauge diameter deep recommended should filled top soil least base saw dust leaving catchment area watering figure seed extraction nursery,"i) They save labour cost incurred during digging up for
 transplanting.
 ii) There is reduced risk of transplanting shocks
 iii) There is space economy. If polybag nurseries are to be used, polybags not smaller than 15mm gauge,
12cm diameter and 25 cm deep are recommended. This should be filled with
top soil up to at least 14 cm from the base. The top 10cm should be filled with
saw dust leaving 1cm on top as catchment area during watering (Figure 1) Seed extraction and Nursery establishment
Tree-ripened fruits (that have fallen by themselves) are selected. It is advised
not to germinate fruits that have been plucked from the tree. Seed extraction is
by carefully cutting out completely the fleshy pericarp (pulp), and washing the
nut using sand and water.",Production and utilization of ogbono (Irvingia Gabonensis),https://naerls.gov.ng/wp-content/uploads/2022/11/Production-and-utilization-of-ogbono-Irvingia-Gabonensis.pdf,7,official_naerls_bulletin
naerls_0424,livestock_fisheries_or_specialty_crop,Production and utilization of ogbono (Irvingia Gabonensis),production utilization ogbono irvingia gabonensis allowing pulp rot naturally washing water reduces germination percentage dry nuts shade one two days prolonged drying than week results decreased seed viability avoid sun plant seeds within three extraction incidence damping off treat benlate other potent fungicides before sowing,"Allowing the pulp to rot naturally and washing in water reduces the
germination percentage by about 20%. Dry the nuts in a shade for one or two
days. Prolonged drying for more than a week results in decreased seed
viability. Avoid sun drying. Plant seeds within two or three days after
extraction. To avoid the incidence of damping-off treat seeds with Benlate or
other potent fungicides before sowing. After sowing, move the polybags to a
shade and arrange in 10 x 100 or 20 x 50. Water daily. Avoid over-watering to
prevent water logging and damping off disease. Apply fertilizer when nutrient
deficiency symptoms e.g. chlorosis are noted. Apply water soluble fertilizer,
NPK dissolved in water from time to time. 1 kg NPK may be applied in about 6
doses for 2000 seedlings. Germination starts 3 weeks after planting and may
continue for another 4 weeks.",Production and utilization of ogbono (Irvingia Gabonensis),https://naerls.gov.ng/wp-content/uploads/2022/11/Production-and-utilization-of-ogbono-Irvingia-Gabonensis.pdf,8,official_naerls_bulletin
naerls_0425,livestock_fisheries_or_specialty_crop,Production and utilization of ogbono (Irvingia Gabonensis),production utilization ogbono irvingia gabonensis budding months germination seedlings ready done height inverted cut rootstocks budded should less than diameter soil surface obtain budwood healthy mature flowering trees recommended bud during rainy season land preparation field planting november march operation involved include clearing felling unwanted,"2.3 Budding:
10 – 12 months after germination, the seedlings are ready for budding.
Budding is done at about 15 – 20 cm height using the inverted “T” cut.
Rootstocks to be budded should not be less than 0.5cm in diameter at a height
of 15cm from the soil surface. Obtain budwood from healthy mature
flowering trees. It is recommended to bud during the rainy season. 2.4 Land Preparation:
Land preparation for field planting is done between November and March.
The operation involved include: clearing, felling of unwanted trees, crosscutting, packing and burning. After burning, marking out of the planting sites
follows. The spacing of 7m x 7m is recommended. This gives a population of
about 200 stands in a hectare. After marking out, dig planting holes 60 cm x 60
cm x 45 cm. Fill the holes with well decomposed organic matter and top soil
two weeks before transplanting. Do not put inorganic fertilizer into planting
holes at transplanting of seedlings. This may be harmful to the young
seedlings.",Production and utilization of ogbono (Irvingia Gabonensis),https://naerls.gov.ng/wp-content/uploads/2022/11/Production-and-utilization-of-ogbono-Irvingia-Gabonensis.pdf,8,official_naerls_bulletin
naerls_0426,livestock_fisheries_or_specialty_crop,Production and utilization of ogbono (Irvingia Gabonensis),production utilization ogbono irvingia gabonensis field establishment months budding seedlings ready transplanting planting sowing nursery done early part rainy season soon rains stabilize may june rain forest zones july savanna should transplanted ball earth around roots plant budded planted regularly check prune off all side,"2.5 Field Establishment:
10-12 months after budding, seedlings are ready for transplanting. Seedlings
are ready for field planting 20 – 24 months after sowing in the nursery.
Transplanting is done in the early part of the rainy season as soon as the rains
stabilize – i.e. May – June in the rain forest zones; and June – July in the
savanna. Seedlings should be transplanted with the ball of earth around the
roots of the plant. If budded seedlings are planted, regularly check and prune
off all side shoots from the stock.",Production and utilization of ogbono (Irvingia Gabonensis),https://naerls.gov.ng/wp-content/uploads/2022/11/Production-and-utilization-of-ogbono-Irvingia-Gabonensis.pdf,9,official_naerls_bulletin
naerls_0427,livestock_fisheries_or_specialty_crop,Production and utilization of ogbono (Irvingia Gabonensis),production utilization ogbono irvingia gabonensis fertilizer recommendation application starts one year field establishment planting holes were well prepared decomposed organic matter top soil chemical required first within next years fairly rich stand npk any other compound having may applied should done during rainy season however,"2.6 Fertilizer Recommendation:
Fertilizer application starts one year after field establishment. If the planting
holes were well prepared (with well decomposed organic matter and top soil),
no chemical fertilizer is required in the first year of establishment. Within the
next year (1-4 years after planting) and if the soil is fairly rich to rich, an
application of 0.25kg/stand of NPK (15:15:15; 10:10:20 or NPK Mg
12:12:17:2) or any other compound fertilizer having NPK may be applied.
Fertilizer application should be done during the rainy season. If however the
soil is poor, the dosage could be increased to 0.5kg/stand. The plants are ring
weeded before broadcasting the fertilizer around each stand once a year.",Production and utilization of ogbono (Irvingia Gabonensis),https://naerls.gov.ng/wp-content/uploads/2022/11/Production-and-utilization-of-ogbono-Irvingia-Gabonensis.pdf,9,official_naerls_bulletin
naerls_0428,livestock_fisheries_or_specialty_crop,Production and utilization of ogbono (Irvingia Gabonensis),production utilization ogbono irvingia gabonensis topping management practice whereby all growing shoots plant shaped clipping prunning training taming process traditional system constant bush burning farming activities take care following advantages gives tree desired shape dome instead conical naturally prone exposes leaves sunlight thereby enhancing photosynthesis,"2.7 Topping:
 This is a management practice whereby all the growing shoots of the plant are
shaped by clipping (prunning or training). In Irvingia, this is a “taming”
process. In the traditional system constant bush burning and farming activities
take care of “topping”. Topping has the following advantages:
a) It gives the tree the desired shape – “dome” instead of the conical
 shape that the tree is naturally prone to.
b) It exposes more leaves to sunlight thereby enhancing
 photosynthesis and facilitating more fruit formation.",Production and utilization of ogbono (Irvingia Gabonensis),https://naerls.gov.ng/wp-content/uploads/2022/11/Production-and-utilization-of-ogbono-Irvingia-Gabonensis.pdf,9,official_naerls_bulletin
naerls_0429,livestock_fisheries_or_specialty_crop,Production and utilization of ogbono (Irvingia Gabonensis),production utilization ogbono irvingia gabonensis encourages early flowering controls height plant second third year towards end rains first topping prunning achieved cutting back all growing shoots repeat yearly next years interplanting within five field life until closes elbow spaces food crops such yam cassava cocoyam,"c) It encourages early flowering
d) It controls the height of the plant.
Between the second and third year, and towards the end of the rains, do the first
topping (prunning). This is achieved by cutting back all the growing shoots.
Repeat this yearly for the next 3 – 4 years. 2.8 Interplanting:
Within the first five years of field life and until the Irvingia closes up all the
“elbow spaces”, food crops such as yam, cassava, cocoyam, and vegetables
can be planted within the Irvingia stands. Ginger will grow well panted under
Irvingia. Spreading crops especially sweet potato is highly recommended as
interplant because apart from the edible sweet potato roots, the sweet potato
will also serve as a soil cover to check erosion and to control weed growth. At
full cover of Irvingia, only crops like ginger, cocoyam and sweet potato which
are shade tolerant can be interplanted with Irvingia.",Production and utilization of ogbono (Irvingia Gabonensis),https://naerls.gov.ng/wp-content/uploads/2022/11/Production-and-utilization-of-ogbono-Irvingia-Gabonensis.pdf,10,official_naerls_bulletin
naerls_0430,livestock_fisheries_or_specialty_crop,Production and utilization of ogbono (Irvingia Gabonensis),production utilization ogbono irvingia gabonensis irrigation seedlings transplanted may june july depending location adversely affected following dry season nov march especially comes early extends april year during time recommended mulch round stands grass supply litres water per tree week will enhance survival rate productivity replacement,"2.9 Irrigation:
 Seedlings transplanted in May/June or June/July depending on location, may
be adversely affected by the following dry season (Nov-March) especially if
the dry season comes early and extends to March – April of the following year.
During this time, it is recommended to mulch round the stands with grass and
supply 20-25 litres of water per tree per week. This will enhance survival rate
and early productivity. 2.10 Replacement of Dead Plants
 Plants that fail to survive, should be replaced the next rainy season. This
practice should continue until all the missing stands are filled up. Before
replanting, the dead plants and the planting holes should be properly checked
to find out the cause of the death. If the death is caused by a disease or pest,
adequate measures should be taken to ‘clean up’ the planting site and planting
material before and after replanting.",Production and utilization of ogbono (Irvingia Gabonensis),https://naerls.gov.ng/wp-content/uploads/2022/11/Production-and-utilization-of-ogbono-Irvingia-Gabonensis.pdf,10,official_naerls_bulletin
naerls_0431,livestock_fisheries_or_specialty_crop,Production and utilization of ogbono (Irvingia Gabonensis),production utilization ogbono irvingia gabonensis diseases most nursery these include damping off susceptible disease caused two fungi pythium spp phytophtora serious especially when germinated unsterized soils very common feature seedlings remain till cotylendons drop weeks planting wap control avoid waterlogging conditions field spray affected plants,"3.1 Diseases:
Most of the diseases of Irvingia are nursery diseases. These include:
a) Damping off: Irvingia is susceptible to damping off disease caused by two
fungi – Pythium spp. and Phytophtora spp. Serious damping off especially
when germinated in unsterized soils is a very common feature. The seedlings
remain susceptible till the cotylendons drop 3 – 4 weeks after planting (WAP). Control Avoid waterlogging conditions in the field or nursery. Spray affected
plants with Bordeaux mixture (Copper Sulphate mixed with lime) at the rate of
2kg/ha at 0.4g of powder per litre of water. Efficient treatment requires
complete wetting of affected parts. Dithane M-45 or Furadan could equally be
used only on seedlings infected after the cotylendons had opened and the first 2
leaves appear light green in colour.",Production and utilization of ogbono (Irvingia Gabonensis),https://naerls.gov.ng/wp-content/uploads/2022/11/Production-and-utilization-of-ogbono-Irvingia-Gabonensis.pdf,11,official_naerls_bulletin
naerls_0432,livestock_fisheries_or_specialty_crop,Production and utilization of ogbono (Irvingia Gabonensis),production utilization ogbono irvingia gabonensis leaf spots there two types chlorotic necrotic caused fungi rhizoctonia spp collectrotirichum reddish purple these controlled stated damping off pests insects young seedlings attacked grasshoppers caterpillars scale etc miners fruit borers occasionally attack mature plants control spraying monthly any broad,"b) Leaf spots: there are two types of leaf spots –
(i) Chlorotic to necrotic spots caused by two fungi - Rhizoctonia spp
 and Collectrotirichum spp; and
(ii) Reddish purple spots caused by Rhizoctonia spp. These are
 controlled as stated for damping off.
3.2 Pests
(a) Insects pests: Young seedlings are attacked by grasshoppers, caterpillars,
scale insects etc. Leaf miners and fruit borers occasionally attack mature
plants. Control
These pests are controlled by spraying monthly with any broad spectrum
insecticide like Ultracide, Gamalin 20, Rhonalin 20EC, Mocap 10 G etc.
Purple blotches on leaves of Irvingia gabonensis var excelsa delays on set of
fruits.",Production and utilization of ogbono (Irvingia Gabonensis),https://naerls.gov.ng/wp-content/uploads/2022/11/Production-and-utilization-of-ogbono-Irvingia-Gabonensis.pdf,11,official_naerls_bulletin
naerls_0433,livestock_fisheries_or_specialty_crop,Production and utilization of ogbono (Irvingia Gabonensis),production utilization ogbono irvingia gabonensis caused armoured scale insects control equally spraying monthly any potent insecticide baiting rodenticides chlorophacinone recommended measure otherwise setting traps could keep off rodents newly established fields epiphytes mistletoe visum spp green parasitic shrub which grows attached trees ball like bush,"This is caused by armoured scale insects. The control equally is by spraying
monthly with any potent insecticide. Control
Baiting with rodenticides (e.g. Chlorophacinone) is a recommended control
measure, otherwise, setting of traps could keep off rodents from newly
established fields. (c) Epiphytes: The mistletoe (Visum spp) is a green parasitic shrub which
grows attached to trees in a ball like bush. In Irvingia, like other fruit trees
(Citrus, kola etc.), this parasitic plant systematically kills the host plant from
branch to branch until the entire plant dies. Control
The control is by physically removing and burning the weed or by cutting off
the affected branch.",Production and utilization of ogbono (Irvingia Gabonensis),https://naerls.gov.ng/wp-content/uploads/2022/11/Production-and-utilization-of-ogbono-Irvingia-Gabonensis.pdf,12,official_naerls_bulletin
naerls_0434,livestock_fisheries_or_specialty_crop,Production and utilization of ogbono (Irvingia Gabonensis),production utilization ogbono irvingia gabonensis weed control first years field establishment recommended ring meter base plants situations where trees interplanted food crops entire should clean weeded need arises least twice year intercropped slash inter row keep down weeds fire tracing bush which regular future during,"(d) Weed control: In the first 2 years of field establishment, it is
recommended to ring weed 1 meter from the base of the plants. In situations
where the trees have been interplanted with food crops, the entire field should
be clean weeded as the need arises but at least twice a year. If the field is not
intercropped with food crops, slash the inter row (as the need arises) to keep
down weeds. (e) Fire Tracing: Bush fire which is a regular future during the dry season
can destroy a newly established Irvingia field. It is recommended to cut a fire
trace 6 meters wide round the plantation during the dry season to create a fire
corridor round the plantation each dry season.",Production and utilization of ogbono (Irvingia Gabonensis),https://naerls.gov.ng/wp-content/uploads/2022/11/Production-and-utilization-of-ogbono-Irvingia-Gabonensis.pdf,12,official_naerls_bulletin
naerls_0435,livestock_fisheries_or_specialty_crop,Production and utilization of ogbono (Irvingia Gabonensis),production utilization ogbono irvingia gabonensis harvesting fresh comes market june august most scarce march april two varieties different flowering fruiting cycles thus table when fruits mature they fall ground collected processing equally plucked manually mechanically picking ripe organized annual event areas where grows wild comunal,"4. HARVESTING AND UTILIZATION:
Fresh ‘Ogbono’ comes into market between June and August and is most
scarce between March and April. The two varieties of Irvingia have different
flowering/fruiting cycles, thus: (Table 1) When Irvingia fruits mature, they fall to the ground and are collected for
processing. Mature fruits can equally be plucked manually or mechanically.
Picking of ripe Irvingia fruits is an organized annual event in areas where
Irvingia grows in the wild on comunal lands.",Production and utilization of ogbono (Irvingia Gabonensis),https://naerls.gov.ng/wp-content/uploads/2022/11/Production-and-utilization-of-ogbono-Irvingia-Gabonensis.pdf,13,official_naerls_bulletin
naerls_0436,livestock_fisheries_or_specialty_crop,Production and utilization of ogbono (Irvingia Gabonensis),production utilization ogbono irvingia gabonensis processing picking fruits heaped pulp mesocarp allowed ferment days thereafter seeds washed off water times some sand freshly harvested manually removed sharp knives extract could processed other products while dried sun fire drying split two flat white cotyledons kernels further,"4.1 Processing:
 After picking, the fruits are heaped and the pulp (mesocarp) is allowed to
ferment for about 7 – 10 days. Thereafter, the seeds are washed off with water
and at times with some sand. In freshly harvested Irvingia, the pulp can be
manually removed with sharp knives to extract the seeds. The pulp so
removed could be processed into other products while the seeds are dried in the
sun or by fire. After drying the seeds are split into two flat white cotyledons
(kernels) and further dried before marketing.",Production and utilization of ogbono (Irvingia Gabonensis),https://naerls.gov.ng/wp-content/uploads/2022/11/Production-and-utilization-of-ogbono-Irvingia-Gabonensis.pdf,13,official_naerls_bulletin
naerls_0437,livestock_fisheries_or_specialty_crop,Production and utilization of ogbono (Irvingia Gabonensis),production utilization ogbono irvingia gabonensis seeds may stored calabashes pots sacs room temperature upward months kernels cotyledons commerce yield average kernel stand considered good yields could plant years low below bad fruiting contain fatty matter thus classify oil crop serves condiments thickening flavouring soups ground,"The seeds may be stored in a calabashes, pots or sacs at room temperature for
upward of 6 – 8 months. The kernels (cotyledons) are the Irvingia of
commerce. Yield
An average kernel yield of 25 kg/stand of Irvingia is considered good. Kernel
yields could be up to 30-35 kg/plant in good years and could go as low as below
20kg in bad fruiting years. 4.2. Utilization
 The kernels of Irvingia contain 54-67% of fatty matter. Thus Irvingia can
classify as an oil crop. The kernel serves as condiments used in thickening and
flavouring soups. The more the ground kernel “draws” in soup, the more
acceptable it is. Thus, Irvingia gabonensis var. excelsa which “draws” more
than the var. gabonensis is more acceptable in soup making.
The fresh fruit of the I. Gabonensis var. gabonensis is sweet and edible, and is
suitable in the manufacture of jams, jellies and fruit juices. The pulp of the var.
excelsa is bitter and inedible.
 The kernel of Irvingia is used in making a fatty paste called “dika”.
This is the principal ingredient in the making of “Gabon chocolate” or “Dika
bread”. Thus the Irvingia fruit is often called “dika nut”. When fully dried, the
kernel shells are good firing materials. The bark of the tree is bitter and is
added to palmwine as a preservative.
In traditional religion, some tribes use the split shells of the fruit in divination;
giving a favourable omen if one falls flat and the other cover side up. The
wood is pale brown, very hard, fine grained and immune to termites. It is used
in building canoes from the trunk; pestles for yam mortars; house posts etc.
The tree is useful for afforestation and erosion control.",Production and utilization of ogbono (Irvingia Gabonensis),https://naerls.gov.ng/wp-content/uploads/2022/11/Production-and-utilization-of-ogbono-Irvingia-Gabonensis.pdf,14,official_naerls_bulletin
naerls_0438,livestock_fisheries_or_specialty_crop,Production and utilization of ogbono (Irvingia Gabonensis),production utilization ogbono irvingia gabonensis conclusion dependence supply irviugia wild susitable concious planned plantations establishment highly advotated line following stages establish nurseries ploybags tree ripened fruits fallen themselves set shades apply water solute fertilizers time ikg npk doses seedlings bud months budding plant out field,"Conclusion
Dependence on supply of irviugia from the wild is not susitable. Concious and
planned irviugia plantations establishment is highly advotated in line with the
following stages:
*Establish nurseries using ploybags
*Use tree-ripened fruits that have fallen by the themselves to establish
nurseries
*Set the nurseries under shades
*Apply water-solute fertilizers from time to time using Ikg NPK in
about 6 doses for 200 seedlings
*Bud at 10-12 months
*10-12 months after budding, plant out in the field
*Plant at 7m x 7m to give about 200 stand
*Apply recommended fertilizer annually starting from one year after
field establishmen
*Start topping from between the second and third year of establishment
 for the next 3-4 years
*Interplant with food crops untill full canopy is established
*Under dry conditions, mulch and water
*Replace dead stands.
*Check for pests and dieases and control as recommed
*Keep plantation relatively weed free
Create fire corridor during the dry season
*Pick fallen mature fruits or pluck mannualy",Production and utilization of ogbono (Irvingia Gabonensis),https://naerls.gov.ng/wp-content/uploads/2022/11/Production-and-utilization-of-ogbono-Irvingia-Gabonensis.pdf,15,official_naerls_bulletin
naerls_0439,livestock_fisheries_or_specialty_crop,Production and utilization of ogbono (Irvingia Gabonensis),production utilization ogbono irvingia gabonensis eze okafor how grow selected fruit trees ministry agriculture anambra state enugu information series booklet futo fed university tech owerri school agric technology guide cultivation agbono nielsen introduction flowering plants west africa london press ltd edible indigenous woody rural economy,"1. Eze, I.O.I. and J. C. Okafor (1984). “How to grow selected fruit trees”.
 Ministry of Agriculture, Anambra State, Enugu, Information Series
 Booklet No. 4. 4. FUTO (Fed. University of Tech. Owerri) 1988. School of Agric. And
 Agric. Technology: Production Guide No. 1. Cultivation of Agbono –
 (Irvingia gabonensis). 5. Nielsen, M. S. (1965). Introduction to the flowering Plants of West
 Africa. University of London Press Ltd. London. E.C.4. 6. Okafor, J. C. (1980) “Edible Indigenous Woody Plants in the Rural
 Economy of the Nigerian Forest Zone”. An Invited paper presented for
 NAB Workshop on State of Knowledge of the Nigerian Rainforest
 Ecosystem. Forest Ecol. Mgt. 5. 7. Okafor, J. C., and I. C. Okolo (1974). Potentials of some Indigenous Fruit
 Trees in Nigeria. In: Proc. Of the 5 Ann. Conf. Of Forestry Assn. Of
 th",Production and utilization of ogbono (Irvingia Gabonensis),https://naerls.gov.ng/wp-content/uploads/2022/11/Production-and-utilization-of-ogbono-Irvingia-Gabonensis.pdf,16,official_naerls_bulletin
naerls_0440,livestock_fisheries_or_specialty_crop,Production of Lablab in Nigeria,production lablab nigeria acknowledgment author wishes register his deep appreciation amodu forage agronomist cooperation providing valuable literature materials preparation manuscript gratitude expressed ajileye tanko useful information finally would like all staff livestock fisheries programme who contributed one way other bring publication success,"ACKNOWLEDGMENT
 The author wishes to register his deep
appreciation to Dr. J. T. Amodu (Forage Agronomist) for
his cooperation in providing valuable literature materials
for the preparation of the manuscript. Gratitude is also
expressed to Mr. E.O. Ajileye and Mr. R. J. Tanko for their
useful information.
 Finally I would like to register my appreciation to all
staff of livestock and Fisheries programme who have
contributed in one way or the other to bring this
publication to success.",Production of Lablab in Nigeria,https://naerls.gov.ng/wp-content/uploads/2022/11/Production-of-Lablab-in-Nigeria.pdf,2,official_naerls_bulletin
naerls_0441,livestock_fisheries_or_specialty_crop,Production of Lablab in Nigeria,production lablab nigeria acknowledgement table content introduction uses species soil requirement rainfall agronomic practices site selection land preparation sowing date seeding rate depth fertilizer ability compete weed silage hay conclusion references,"Acknowledgement............................................... 2
Table of Content.................................................. 3
Introduction......................................................... 4
Uses of Lablab..................................................... 5
Species of Lablab................................................. 6
Soil Requirement................................................ 6
Rainfall Requirement......................................... 6
Agronomic Practices.......................................... 6
Site Selection..................................................... 6
Land Preparation................................................ 7
Sowing date/Seeding rate................................... 7
Sowing Depth...................................................... 7
Fertilizer Requirement........................................ 7
Ability of Compete with weed............................... 8
Lablab Silage...................................................... 9
Lablab Hay......................................................... 10
Conclusion.............................................................. 11
References................................................................. 12",Production of Lablab in Nigeria,https://naerls.gov.ng/wp-content/uploads/2022/11/Production-of-Lablab-in-Nigeria.pdf,3,official_naerls_bulletin
naerls_0442,livestock_fisheries_or_specialty_crop,Production of Lablab in Nigeria,production lablab nigeria introduction purpureus legume promise throughout ecological zones county originated tropics grown several years asia africa crop very important india kenya introduced many ago sources became prominent pasture following promotion unit federal livestock department which produces high quality conserved feed utilized conjunction natural,"INTRODUCTION
 Lablab purpureus is a legume of promise
throughout the ecological zones of the county. It
originated from the tropics and has been grown for
several years in Asia and Africa. The crop is very
important in India and Kenya. It was introduced into
Nigeria many years ago through several sources. It
became prominent as pasture legume following its
promotion by the pasture unit of the Federal Livestock
Department in 1977. Lablab is a legume which produces
high quality conserved feed and if utilized in conjunction
with natural pasture, sown pasture, browse plants and
crop residue will help to reduce weight losses common to
livestock during the dry season.
 The Rongai and Highworth cultivars are very
popular in Nigeria. Rongai was introduced from Kenya
while Highworth was introduced from Southern India.
Both cultivas have high seed yield (1.0-1.2t/ha) and
forage production (0.64-4.62t/ha). The white seeded
Rongai cutivar is a dual purpose providing food for farmer
as well as forage for livestock. Despite the importance,
usefulness and nutritional qualities of the crop, there is
limited information on the agronomic practices that will
lead to increase production of the crop. In these days of
scarce and expensive food and livestock feeds, there is
need to investigate alternative sources of livestock feed,
such as the use of Lablab and other dual purpose crops.
The economic potential of this crop cannot be properly
realized if adequate cultural practices are not identified.
 This bulletin therefore highlights the agronomic
practices of the legume as well as the usefulness and its
important role as a source of livestock feed in the country.",Production of Lablab in Nigeria,https://naerls.gov.ng/wp-content/uploads/2022/11/Production-of-Lablab-in-Nigeria.pdf,4,official_naerls_bulletin
naerls_0443,livestock_fisheries_or_specialty_crop,Production of Lablab in Nigeria,production lablab nigeria uses many forms human food seeds edible preparation bean cakes kose moimoi young pods leaves sprouts all eaten grazing cattle sheep goats graze safely stocked beasts green forage plant late july early august rate eight weeks planting ready could continue till end,"USES OF LABLAB
 Lablab has many forms of uses.
A. As human food:
 Lablab seeds are edible and are also used in the
 preparation of bean cakes ‘kose’ and moimoi. The
 young pods, leaves and sprouts can all be eaten. B. For grazing:
 Cattle, sheep and goats can graze on Lablab and can
 safely be stocked at about 1-2 beasts/ha. As green
 forage grazing, plant in late July to early August at a
 rate of 15-20kg/ha. By eight weeks after planting,
 Lablab is ready for grazing. Grazing could continue till
 the end of the wet season during which time Lablab
 starts flowering. C. As ‘Cut and Carry’ System\
 Lablab is quite suitable to daily harvesting of green
 forage for feeding stall animals i.e. (animals kept
 indoor) D. As Grazing Supplement
Lablab can be grown with cereal crops (maize, sorghum,
 millet) as inter-crops. It provides highly nutritious
 protein supplement while the animals’ grazes cereal
 residues along with its forage.",Production of Lablab in Nigeria,https://naerls.gov.ng/wp-content/uploads/2022/11/Production-of-Lablab-in-Nigeria.pdf,5,official_naerls_bulletin
naerls_0444,livestock_fisheries_or_specialty_crop,Production of Lablab in Nigeria,production lablab nigeria hay could planting rate seed ideal high dry matter yields should planted late august take advantage hot october november months harvesting precaution taken especially severe harmattan highly advisable harvest fodder when seeds half matured month december recommended northern guinea savanna green manure,"E. For Hay Production
 Lablab could be used for hay. A planting rate of 25-
 30kg/ha of Lablab seed is ideal for high dry matter
 yields. The seed should be planted in late August to
 take advantage of the hot and dry October -
 November Months for harvesting. Precaution should
 be taken in harvesting Lablab, especially in a severe
 harmattan. It is highly advisable to harvest for fodder
 when seeds are half-matured. The month of
 December is recommended in the Northern Guinea
 Savanna of Nigeria for harvest as hay.
F. As green manure.
 Lablab has been used in various situations to
increase",Production of Lablab in Nigeria,https://naerls.gov.ng/wp-content/uploads/2022/11/Production-of-Lablab-in-Nigeria.pdf,5,official_naerls_bulletin
naerls_0445,livestock_fisheries_or_specialty_crop,Production of Lablab in Nigeria,production lablab nigeria soil fertility since capable fixing own nitrogen activities certain bacteria living nodules species purpureus cultivated throughout tropics pulse crop benghalensis common abia grown africa uncinatus grows wild topical seeds similar requirements tolerant different types deep sands heavy clays fair drainage found fadama,"soil fertility since it is capable of fixing its own
nitrogen through the activities of certain bacteria living in
its nodules.
SPECIES OF LABLAB
1. Lablab purpureus : Cultivated throughout the
 tropics as a pulse crop.
2. Lablab benghalensis: Common in Abia but also
 grown in Africa.
3. Lablab uncinatus: It grows wild in topical Africa
 and seeds are similar to purpureus
SOIL REQUIREMENTS
 Lablab is tolerant to different soil types, it grows in
deep sands to heavy clays, with fair drainage. Lablab has
been found in Fadama areas of Sokoto, Kebbi and
Zamfara States. It is adapted to a wide range of P H from
5.0 to 7.5. Saline soil should be avoided as this trend to
reduce the plant population and produces chlorotic
leaves.
 RAINFALL REQUIREMENT:
 Lablab grows in areas with rainfall as low as
400mm and where deep soils are available. It also
prefers areas with rainfall in excess of 750mm but not
above 2500mm.",Production of Lablab in Nigeria,https://naerls.gov.ng/wp-content/uploads/2022/11/Production-of-Lablab-in-Nigeria.pdf,6,official_naerls_bulletin
naerls_0446,livestock_fisheries_or_specialty_crop,Production of Lablab in Nigeria,production lablab nigeria highworth early maturing purple flowers white creamy seeds other varieties black land preparation prefers well prepared seedbed free weeds could over sown roughly ploughed strip cultivated performs best when drilled establish broadcasting provided seed covered some extent sowing date rate planting during,"5. Highworth: Is early maturing with purple flowers and
 white (creamy) seeds. Other varieties have black seeds. LAND PREPARATION
 Lablab prefers a well-prepared seedbed free of
weeds. It could be over sown into roughly ploughed land
or strip-cultivated land. But it performs best when drilled
into a well prepared seedbed, but can be establish by
broadcasting into roughly ploughed or cultivated land
provided the seed is covered to some extent. SOWING DATE/SEED RATE
 Planting early during the rainy season will yield up
to three grazing and planting late will result in crop
yielding for only one grazing.
 Plant at least 2-3 seeds/hole for better
establishment. SOWING DEPT
 Seeds are usually sown at a depth of 2.5 to 5cm.
Hand planting by dibbling in the seeds or using row hand
machine are also recommended.",Production of Lablab in Nigeria,https://naerls.gov.ng/wp-content/uploads/2022/11/Production-of-Lablab-in-Nigeria.pdf,7,official_naerls_bulletin
naerls_0447,livestock_fisheries_or_specialty_crop,Rubber Production in Nigeria,rubber production nigeria author bulletin acknowledge management naerls abu research institute rrin who provided logistic support our appreciation goes johnson onyibe crop forestry staff encouragement which led final finally appreciate publication review committee editing manuscript,"The author of this bulletin acknowledge the management of NAERLS, ABU;
and the Rubber Research Institute of Nigeria (RRIN) who provided the logistic
support for the production of this Bulletin. Our appreciation goes to Dr.
Johnson Onyibe and Crop & Forestry staff for their encouragement which led
to the final production.
Finally, I appreciate the NAERLS Publication Review Committee for editing
the manuscript.",Rubber Production in Nigeria,https://naerls.gov.ng/wp-content/uploads/2022/11/Rubber-Production-in-Nigeria.pdf,3,official_naerls_bulletin
naerls_0448,livestock_fisheries_or_specialty_crop,Rubber Production in Nigeria,rubber production nigeria introduction natural para hevea brasiliensis commercial tree economically grown plantations plant useful latex bleeds stem event wounding product coagulated manufacture number industrial products which range tires balls containers shoes bands lot other items important socio economic life many tropical developing nations such,"Introduction
Natural rubber, Para rubber, Hevea Brasiliensis, is a commercial tree
economically grown in plantations. Para rubber plant is useful for the latex that
bleeds from the stem in the event of wounding. The product of the coagulated
latex is rubber. Rubber is used in the manufacture a number of industrial
products which range from tires, balls, containers, shoes to bands and a lot of
other items.
Rubber is important in the socio-economic life of many tropical developing
nations, such as Nigeria and Brazil. Before the 60s, before the era of the oil
boom, rubber was one of the agricultural commodities that were the main stay
of Nigerian economy. The cultivation of rubber provided bulk employment for
the people of the then Mid-West now known as the Edo and Delta states.
However, rubber is not native to Nigeria. As the name suggests, it is an
introduction from Brazil.",Rubber Production in Nigeria,https://naerls.gov.ng/wp-content/uploads/2022/11/Rubber-Production-in-Nigeria.pdf,5,official_naerls_bulletin
naerls_0449,livestock_fisheries_or_specialty_crop,Rubber Production in Nigeria,rubber production nigeria agronomic practices soil weather requirement requires well drained sandy loam aerated permeable subsoil which root system proliferate cannot stand waterlogged land least adequate annual rainfall distributed throughout year short dry spell ideal growth plant rich nitrogen preferred although phosphorous potassium must available,"Agronomic Practices
Soil/weather requirement:
 Rubber requires a well-drained, sandy loam, well-aerated permeable
subsoil in which its root system can proliferate. Rubber cannot stand a
waterlogged soil. A land drained to at least 1.2m is adequate for rubber.
 Annual rainfall of at least 1700mm well distributed throughout the
year with a short dry spell is ideal for the growth of the plant. Soil rich in
nitrogen are preferred although phosphorous and potassium must also be
available as well as trace elements.
 Temperatures between 240C and 350C or more are needed for proper
growth of rubber. Land Preparation:
 Land preparation for the cultivation of rubber can be carried out either
manually or with the use of mechanical power. The choice of method depends
on the available resources and the cost of equipment and labour.",Rubber Production in Nigeria,https://naerls.gov.ng/wp-content/uploads/2022/11/Rubber-Production-in-Nigeria.pdf,5,official_naerls_bulletin
naerls_0450,livestock_fisheries_or_specialty_crop,Rubber Production in Nigeria,rubber production nigeria mechanical land preparation involves heavy machinery remove pack tress advantage power short period required clearing large expanse neat packing felled materials however there possibility compacting fragile soils removal topsoil which lead soil erosion order avoid these undesirable side effects experienced hands should,"Mechanical land preparation involves the use of heavy machinery to
remove and pack heavy tress. The advantage in the use of mechanical power is
in the short period required for clearing large expanse of land and neat packing
of felled materials.
 However, with the mechanical land clearing there is the possibility of
compacting the fragile soils and removal of topsoil, which can lead to soil
erosion.
 In order to avoid these undesirable side effects in the use of mechanical
power, experienced hands should be engaged to operate the equipment while it
is also important to seek advise from knowledgeable extension agents.",Rubber Production in Nigeria,https://naerls.gov.ng/wp-content/uploads/2022/11/Rubber-Production-in-Nigeria.pdf,6,official_naerls_bulletin
naerls_0451,livestock_fisheries_or_specialty_crop,Rubber Production in Nigeria,rubber production nigeria planting materials tree grown ordinary seeds referred illegitimate called clonal budded seedlings either unbudded obtained recommended most plantations planted varieties clone group plants which all individuals vegetative propagation single mother thus there certain welldefined characters constant stump grafting scion highyielding variety onto,"Planting materials.
 Rubber tree can be grown from ‘ordinary seeds’ (referred to as
“illegitimate seeds),
from the so-called clonal seeds or budded seedlings of either the ordinary
seeds or clonal rubber.
 Planting through unbudded seedlings obtained from ‘ordinary seeds’
are not recommended. Most rubber plantations in Nigeria are planted with
varieties of rubber referred to as clonal rubber.
 A clone is a group of plants in which all the individuals are obtained by
vegetative propagation from a single mother tree. Thus there are certain welldefined characters that are constant with a clone.
 The budded rubber stump is obtained by grafting a scion of a highyielding variety onto a seedling rootstock. The production of budded stumps
requires reasonable capital outlay coupled with special techniques. This is
why only commercially oriented producers go into rubber stump production.
Most growers rather purchase their budded stumps from recognised sources.
 Recognised sources include the Rubber Research Institute Iyanomo
Benin, the Agric. Development Programme and other recognised producers.",Rubber Production in Nigeria,https://naerls.gov.ng/wp-content/uploads/2022/11/Rubber-Production-in-Nigeria.pdf,6,official_naerls_bulletin
naerls_0452,livestock_fisheries_or_specialty_crop,Rubber Production in Nigeria,rubber production nigeria recommended clones gti java clone best all round characteristics planted safety anywhere except where moisture levels low prion slow starter terms yield other good excellent shading facility thus recurrent maintenancecost reduced susceptible phytophthora high rainfall areas rrim malaysia top yielding both pink,"Recommended Clones
 A GTI Java Clone has the best all-round characteristics and can be
 planted with safety anywhere except where moisture levels are low. PRION Java is a slow starter in terms of yield but has other good
characteristics.
 It has an excellent shading facility thus recurrent maintenancecost is
reduced. This clone is susceptible to Phytophthora in high rainfall areas.
RRIM 600 Malaysia is a top yielding clone but is susceptible to both
Phytophthora and Pink disease and should not be planted in areas of high wind
velocity.PB5/51 Malaysia. RRIM 600 Malaysia yields less than the clone
listed above is somewhat susceptible to Oidium. It is the most wind resistant
of all clones developed for large scale planting. However it has a tendency
toward brown blast disease and the bark renewal is below average.",Rubber Production in Nigeria,https://naerls.gov.ng/wp-content/uploads/2022/11/Rubber-Production-in-Nigeria.pdf,7,official_naerls_bulletin
naerls_0453,livestock_fisheries_or_specialty_crop,Rubber Production in Nigeria,rubber production nigeria root stock nursery establishment rootstock one which healthy seeds raised produce seedling material onto scions budgrafted objective able grow young plants budding transplanted field requires careful planing timing pre seed fall occurs august september fresh early falls best optimum germination lose moisture,"Root stock nursery Establishment
 A rootstock nursery is one in which healthy seeds are raised to produce
the seedling material onto which, the scions are budgrafted.
 The objective of a nursery is to be able to grow healthy young plants,
which after budding are transplanted to the field. Nursery establishment
requires careful planing and timing.
Pre-nursery: Rubber seed fall occurs in Nigeria between August and
September. Fresh seeds from early seed falls are best for optimum
germination. Fresh seeds lose 50% of the moisture content within a few days.
Therefore seeds should be planted in the germination bed within 48 hours of
collection. Do not select light and shrunken seed.
 Seeds for germination can be prepared either from sand beds or box
beds. The rate of germination in sand beds is much higher than in box beds. It
is recommended that sand beds be used.",Rubber Production in Nigeria,https://naerls.gov.ng/wp-content/uploads/2022/11/Rubber-Production-in-Nigeria.pdf,7,official_naerls_bulletin
naerls_0454,livestock_fisheries_or_specialty_crop,Rubber Production in Nigeria,rubber production nigeria soil bed should turned over raised height before leveled width exceed paths beds permit easy movement around layer sand inches deep spread surface freshly collected seeds germinated pressed flat side downward such depth upper just visible very close each other contain many,"The soil of the bed should be turned over and raised to a height of 1525cm before being leveled. The width of the bed should not exceed 1.5m (5ft)
with paths between the beds to permit easy movement around the beds. A
layer of sand 6cm (2 inches) deep should be spread on the surface of the bed.
 The freshly collected seeds to be germinated are pressed by the flat
side downward at such a depth that the upper surface is just visible. The seeds
should be very close to each other so that the bed can contain as many seeds as
possible. The beds, usually constructed in shaded areas, should be mulched
with grasses and watered daily.
 As soon as the seed sprouts or the radicle emerges, the germinated
seeds should be transferred into main nursery. Seeds that fail to germinate after
7 days should be discarded.
 For a hectare, 180,000 seeds are required in a rootstock pre-nursery,
this allows for 50% germination.",Rubber Production in Nigeria,https://naerls.gov.ng/wp-content/uploads/2022/11/Rubber-Production-in-Nigeria.pdf,8,official_naerls_bulletin
naerls_0455,livestock_fisheries_or_specialty_crop,Rubber Production in Nigeria,rubber production nigeria main field nursery two methods conventional bed polybag method site selection select location fully exposed sunlight close readily available supply water flat near flatland loamy textured soil ideal important avoid areas where flooding occur possible area should budded stumps either beds polybags,"Main (field) Nursery
 Two methods can be used in the main nursery: 1. the conventional bed
and 2. the polybag method Site Selection:
 Select a location that is fully exposed to sunlight close to a readily
available supply of water. A flat or near flatland with a loamy textured soil is
ideal. It is important to avoid areas where flooding can occur and if possible
the area should be close to the budded stumps (either on the beds or polybags
are to be planted). Field Preparation:
 Cultivate the land by ploughing and harrowing to provide a good
texture. Ploughing and harrowing should be done early enough before the
heavy rains in July. If cultivation is done too late when the soil moisture is
high, the puddled soil may result in excessive run-off leading to soil Erosion.",Rubber Production in Nigeria,https://naerls.gov.ng/wp-content/uploads/2022/11/Rubber-Production-in-Nigeria.pdf,8,official_naerls_bulletin
naerls_0456,livestock_fisheries_or_specialty_crop,Rubber Production in Nigeria,rubber production nigeria conventional bed spacing seedling raised per hectare beds should free weeds either hoe weeding herbicides such gramozone roundup least two weeks before transplanting nursery lining done thin rope which marked appropriate laid along proposed row seed planting carefully because delicate nature germinated,"On a conventional bed and at a spacing of 30cm x 30cm about 90,000
seedling can be raised per hectare. The beds should be free of weeds either
through hoe weeding or the use of herbicides such as gramozone or ‘roundup’
used at least two weeks before transplanting.
 In the nursery lining can be done using a thin rope which is marked at
the appropriate spacing of 30cm and laid along the proposed row.
 Seed planting should be carefully done because of the delicate nature
of the germinated seed. The germinated seed is placed in the shallow hole with
the flattened end. Thus is then covered with a small quantity of soil.",Rubber Production in Nigeria,https://naerls.gov.ng/wp-content/uploads/2022/11/Rubber-Production-in-Nigeria.pdf,9,official_naerls_bulletin
naerls_0457,livestock_fisheries_or_specialty_crop,Rubber Production in Nigeria,rubber production nigeria thining first thinning carried out months growth stunted any seriously disease infected seedlings discarded second done month should reduce population which original seed polybag nursery method planting materials polybags provides optimum degree selectivity polybagged stumps achieve much greater uniformity field provided they,"Thining:
 The first thinning is carried out after 3-4 months of growth. Stunted
and any seriously disease infected seedlings are discarded.
 The second thinning is done between the 7 and 8 month and this
 th th should reduce the population to about 45000, which is about ¼ of the original
seed
Polybag Nursery Method:
 Planting materials in polybags provides optimum degree of selectivity
and polybagged stumps achieve much greater uniformity in growth at field
planting. Provided they are well taken care of, polybagged budded stumps,
attain maturity at least a year
 In Nigeria, budding is done in the wet season, commencing from the
late April and extends to mid-October. However the best periods to bud are:
(i) Early May until mid-July
(ii) Mid September until mid October (dormant budding)
 Budding during the heavy rains i.e. (mid-July to mid-September) is not
advisable because of the disease anthracose is very severe in wet conditions
and throughout the nursery thus reducing the budding success severely.
 In order to achieve the best results, the following should strictly be
observed:
1. Do not bud in the rain when the materials are wet. Diseases are
 easily be transferred with wet materials.
2. Avoid budding during the dry season unless some form of irrigation or
 adequate watering is ensured.
3. Delay commencement of budding operations until the morning mists
 have subsided. This is to provide a dry surface on the budding
 materials.
4. Ensure that rootstocks attain a minimum diameter of 5cm and are
 vigorous.
5. Avoid budding to old or very large rootstock. The barks of old or large
 rootstock are inclined to split.",Rubber Production in Nigeria,https://naerls.gov.ng/wp-content/uploads/2022/11/Rubber-Production-in-Nigeria.pdf,10,official_naerls_bulletin
naerls_0458,livestock_fisheries_or_specialty_crop,Rubber Production in Nigeria,rubber production nigeria bud fails pick rebud same rootstock until following season months which time excised bark will renewed grafting process requires skill acquired constant practice poor budding costly energy resources wasted when there failures steps wipe dry dirt ground level make two vertical cuts,"6. If a bud fails to pick do not rebud the same rootstock until the following
 season i.e. about 7 months after by which time the excised bark will
 have renewed.
Bud grafting Process
Bud grafting requires skill which, can be acquired through constant practice.
Poor budding can be costly as time, energy and resources are wasted when
there are budding failures.
Steps in Budding:
1. Wipe and dry dirt from the ground level 15cm of rootstock.
2. Make two vertical cuts, of about 2cm each of 0.75cm apart and allow
 the excluding latex from the cut to coagulate.
3. Prepare the bud patch by cutting from the budwood a strip of bark wood
 about 2cm long and 0.75cm wide, ensuring there is a bud and a leaf
 scar.
4. Gently raise the flap open and insert the bud patch with the leaf scar
 below the bud. Ensure that the bud patch is in the centre and there is
 minimal space remaining on the either side.
5. Press the flap back over the bud and bound in place with waterproof
 materials such as budding tapes or polyethylene plastic film.
 The tapes should be removed after about 3 weeks. In doing this
 gradually remove both tapes and twine. Cut off the flap at the bottom or
 top to reveal the graft. This is re-examined after about 7-10 days for
 green tissue on the patch. If green tissue is revealed with a gentle
 scratch, the patch has been successful.
Budwood Multiplication
 In a nursery programme, it is important to ensure that there is an
available supply of bud wood. This can be in the form of conventional brown
bud wood or green bud sticks.
 Bud wood nursery should be done one year in advance of preparing a
field nursery so that an optimum supply of buds will be available for grafting.",Rubber Production in Nigeria,https://naerls.gov.ng/wp-content/uploads/2022/11/Rubber-Production-in-Nigeria.pdf,11,official_naerls_bulletin
naerls_0459,livestock_fisheries_or_specialty_crop,Rubber Production in Nigeria,rubber production nigeria bud wood garden established several ways purchase planting budded stumps preferred clones reliable source ensuring each clone well demarcated than one purchased out germinated seeds conventionally them months later obtained elsewhere all other stock shoots pruned regularly retaining scion emerging patch regular,"Bud wood garden can be established in several ways:
 (a) Purchase and planting of budded stumps of preferred clones
 from a reliable source. Ensuring that each clone is well
 demarcated, if more than one clone is purchased.
 (b) Planting out germinated seeds and conventionally bud them 9-
 10 months later Using bud wood obtained from elsewhere.
that all other stock shoots are pruned regularly retaining the scion emerging
from the bud patch.
 Regular weeding and fertilizer application should be practised.
Fertilizer application should be carried out after weeding to make the plants
more receptive to nutrient uptake.
 It is good to mulch each plant or mulch along planted rows at the onset
of dry season. Good mulch application can do much to prevent shoot from
busting out prematurely.
Field Planting
Field Preparation:
 When a suitable land for rubber has been selected, field preparation for
the budded materials, is very important. Field preparation for large rubber
plantations include survey and tracing where the land is divided into blocks,
and construction of access paths or roads.
 In both large and small farms, underbrushing and felling of trees is
done to expose the land. Burning follows slashing of all growth. Burning is
particularly recommended on a new land for rubber, burning is an important
part of root disease control. Disease pathogens in logs and stumps are greatly
reduced by burning these materials off.
 Field and land preparation should be carried out in the dry season and
concluded before the rains.
Planting
 Planting should be done with at least one year old budded stumps
either in polybags or bare-root stumps.
 The planting density varies, but a 6.6 x 3.3m spacing is recommended.",Rubber Production in Nigeria,https://naerls.gov.ng/wp-content/uploads/2022/11/Rubber-Production-in-Nigeria.pdf,12,official_naerls_bulletin
naerls_0460,livestock_fisheries_or_specialty_crop,Rubber Production in Nigeria,rubber production nigeria would give trees per adequate dimension planting hole must done very early season good root system develop before dry will ensure supply any failures middle wet should noted supplying than months original attempted,"This would give 450 trees per ha. The adequate dimension of a planting hole is
60cm x 60 x 60cm.
Planting must be done very early in the season so that a good root system can
develop before the dry season. Early planting will also ensure that supply of
any failures can be done by the middle of the wet season. It should be noted
that supplying after more than 11 to 12 months after the original planting
should not be attempted.",Rubber Production in Nigeria,https://naerls.gov.ng/wp-content/uploads/2022/11/Rubber-Production-in-Nigeria.pdf,13,official_naerls_bulletin
naerls_0461,livestock_fisheries_or_specialty_crop,Rubber Production in Nigeria,rubber production nigeria maintenance cultural practices fire trace best before dry season should made whole way round farm width less than weed control surroundings plant regularly weeded manually chemically mechanically manual hoe weeding scrapping soil away create depression might prevent runoff water avoided loss top,"Maintenance & Cultural Practices
Fire Trace: fire trace is best before the dry season. Fire trace should be
 made the whole way round the farm with the width not less
 than 30m.
Weed Control
 The surroundings of the rubber plant should be regularly weeded.
Weed control can be manually, chemically or mechanically.
 In manual or hoe weeding, scrapping the soil away from the plant can
create a depression round the plant that might prevent runoff of water. This
should be avoided.
The loss of top soil should be prevented in manual weeding by ensuring that
only the weed are scrapped off and that no damage is done to the plant by the
blade of the hoe
 Mechanically weeding a rubber farm is possible if only the equipment
is available and the spacing of the rubber plants allows it. A slasher mounted
on a light tractor with a good operator can work faster than manual weeding.
This has to be supplemented however with manual weeding to ensure that the
immediate environment of rubber tree is weed.",Rubber Production in Nigeria,https://naerls.gov.ng/wp-content/uploads/2022/11/Rubber-Production-in-Nigeria.pdf,13,official_naerls_bulletin
naerls_0462,livestock_fisheries_or_specialty_crop,Rubber Production in Nigeria,rubber production nigeria gramozone litres liters water eupatoruim odoratum siam weed noxious family compositae which needs special attention seeds freely checked controlled dominate wherever becomes established burning succeeded controlling herbicide control carefully applied tordon hedonal infested area spot spray necessary weeks general application required during,"Gramozone 0.5litres in 200 liters of water Eupatoruim odoratum (Siam weed)
 This is a noxious weed of the family compositae, which needs
This is a noxious weed of the family compositae, which needs a special
attention. It seeds freely and if not checked and controlled can dominate
wherever it becomes established. If burning has not succeeded in controlling
this weed herbicide use can control it if carefully applied.
 - Use 2 liters of Tordon or Hedonal in 200 liters of water on
 Eupatoruim infested area and spot spray if necessary about 3-5
 weeks.
 In general, Herbicide application is required during the set season
when the weeds are growing vigorously. Herbicide applications may be
bimonthly depending on the growth of weeds.",Rubber Production in Nigeria,https://naerls.gov.ng/wp-content/uploads/2022/11/Rubber-Production-in-Nigeria.pdf,14,official_naerls_bulletin
naerls_0463,livestock_fisheries_or_specialty_crop,Rubber Production in Nigeria,rubber production nigeria year application fertilizer type rate remark before planting superphosphate advance murate potash broadcast urea properly mixed soil much depends age appearance tree mulching young should mulched particularly beginning dry season usually around second third week november retain moisture during long slashed cover,"Year of Application Fertilizer type Rate/ha Remark
 1 year before planting I) Superphosphate 500kg This is an advance
 ii) Murate of Potash 50kg application and
 can be broadcast and
 I) Urea 50kg properly mixed with
 the soil. 3rd & 4th year No application Much depends on the
 age and appearance of
 the tree.
Mulching
 The young rubber tree should be mulched particularly at the beginning
of the dry season and usually around the second or third week in November.
Mulching is to retain moisture during the long dry season. Slashed cover crops
can be used, placed close to the base of the tree but should not be in contact with
the growing plant. Mulching reduces moisture loss, erosion and prevents
destruction of soil structure.
Prunning
 As soon as the plants are established regular rounds of removal of side
shoots should commence. All shoots other than the scion emerging from the
bud-patch must be pruned off. When two shoots sprout from the bud, only one
should be retained. In the first three months of planting, pruning should be
done at 7-10 days interval and thereafter on monthly basis. Pruning prevents
diversion of nutrients to vegetative growth of unwanted shoots.
Supplying
 By the second year, a uniform stand of rubber should be aimed",Rubber Production in Nigeria,https://naerls.gov.ng/wp-content/uploads/2022/11/Rubber-Production-in-Nigeria.pdf,15,official_naerls_bulletin
naerls_0464,livestock_fisheries_or_specialty_crop,Rubber Production in Nigeria,rubber production nigeria materials supplying must healthy should same age other plants older supply vacant points done early possible during wet season permit sufficient time consolidation before dry still contain vacancies two years growth supplied careful selection stumps thinning out removal potentially unproductive trees retention,"at. Materials to be used in supplying must be healthy and should be of about
the same age with the other plants if not older. Supply of vacant points should
be done as early as possible during the wet season to permit sufficient time for
consolidation before the dry season.
 Points that still contain vacancies after two years of growth can still be
supplied with careful selection of stumps.
Thinning Out
Thinning is the removal of potentially unproductive trees. The retention of
these types of trees is uneconomic, as such trees will deprive vigorously
growing trees of available nutrients. Trees can be identified as unproductive if
the girth is below the minimum expected of the age, or trees affected by root
diseases or damaged by wind, lighting or fire.
Diseases and Pests of Rubber Diseases
 The diseases affecting the root system of rubber are the most
destructive diseases of rubber in Nigeria. The forest trees are the major
sources of infection because they are hosts to the disease causing pathogens.
When the trees are felled for planting, most of the diseases persist in the roots
and stumps and spread to new rubber plants. Hence stumping and burning of
new plantations or farms reduce the incidence of root disease.
 The panel diseases make tapping difficult and consequently reduce the
productive life span of such affected trees.
 The leaf diseases are more important in the nurseries because they
cause die -back and reduce the budable seedling.
Insect Pests
 The only major insect pests of rubber are the termites. Damage is done
on newly planted seedbeds where buds are eaten up and the young roots are
destroyed.
Control - Termite attack is serious only during the dry periods.
 Good watering regime is a good way of preventing attack in the
nursery.",Rubber Production in Nigeria,https://naerls.gov.ng/wp-content/uploads/2022/11/Rubber-Production-in-Nigeria.pdf,16,official_naerls_bulletin
naerls_0465,livestock_fisheries_or_specialty_crop,Rubber Production in Nigeria,rubber production nigeria white root disease accounts all mortality during field preparation remove caused due diseases burn logs stumps because they rigidoporus lignosus there general discoloration major source infection klotzsch leaves later die back branches growing tree dead thread like materials dying trees entirely found,"1. White root disease It accounts for 90% of all mortality i) During field preparation, remove and
 Caused by due to root diseases burn logs and stumps because they are the
 Rigidoporus Lignosus There is general discoloration major source of infection.
 (Klotzsch). of the leaves with later die-
 back of branches. ii) On a growing rubber tree, remove dead
 White and thread- like materials are or dying trees entirely.
 found on all
 infected roots. iii) Use of fungicides
 a) Apply as a soil drench to the affected
 area.
 b) FOMAC 2 apply all over the root of
 the infected tree.
 2. Brown Root Rot Disease Wilting, yellowing and death i)Remove infected plants and
 Phellinus noxius Of tree. Brown threads burn.
 (mycelium) aggregates into a tough ii) Inspect roots of plants close to diseased
 mass and secretes a trees and excavate infected roots. Burn all
 gum like fluid. excavated roots.",Rubber Production in Nigeria,https://naerls.gov.ng/wp-content/uploads/2022/11/Rubber-Production-in-Nigeria.pdf,17,official_naerls_bulletin
naerls_0466,livestock_fisheries_or_specialty_crop,Rubber Production in Nigeria,rubber production nigeria armillaria root restricted southeastern control like white disease mellea part attacked trees exhibit spongy rotten bark black stripe vertical lines develop above avoid susceptible clones such caused phytophthora tapping panel which later coalesce rrim palmivora lessons preventing regeneration rrin tolerant tapped apply,"3. Armillaria root not Armillaria This is restricted to the southeastern Control like in white root disease.
 mellea part of Nigeria.
 Attacked trees exhibit spongy rotten
 bark.
 4. Black stripe Vertical lines develop above the Avoid the use of susceptible clones such as
 Caused by Phytophthora tapping panel which later coalesce RRIM 600, PR 107, PB 86, RRIM 605,
 palmivora into lessons preventing regeneration RRIN 607 RRIM 623. Use tolerant clones.
 of the tapped panel Apply Difolatan 80 W.P. weekly on the
 tapping panel with a brush.
 Mouldy Rot Disease This is also a disease of the -Thin properly and avoid
 Ceratocystis Fimbrata tapping panel. It occurs too close planting.
 mostly in the wet season. -Use disinfected knives.
 Disease can spread through Use Difolation to disinfect.
 taper’s knives. -Weed regularly to reduce
 density of undergrowth and
 reduce dampness.
 The disease is unable to
 thrive in conditions of low
 humidity.",Rubber Production in Nigeria,https://naerls.gov.ng/wp-content/uploads/2022/11/Rubber-Production-in-Nigeria.pdf,17,official_naerls_bulletin
naerls_0467,livestock_fisheries_or_specialty_crop,Rubber Production in Nigeria,rubber production nigeria bird eye leaf spot disease confined weekly spray dreschlera hevea nurseries bud wood fermate litres gardens infection does water dithane result death defoliation weakening seedlings causes delay reaching maturity circular spores transparent centre occur leaves gloeosporium serious apply preventive trees second dusting,"1. Bird’s eye leaf spot The disease is confined to - Weekly spray of 1.8 kg
 Dreschlera hevea . nurseries and bud wood FERMATE in 90 litres of
 gardens. Infection does not water, or Dithane – M-45
 result in death but in
 defoliation and weakening
 of the seedlings. It causes
 delay in reaching maturity.
 Circular spores with
 transparent centre occur on
 leaves.
 2. Gloeosporium Leaf It is a serious disease of Apply preventive spray or
 Disease trees in the second and dusting of Dithane – M-45.
 Colletorichum third year of life. It does
 Gloesporoides. not kill but if uncontrolled,
 it can cause repeated
 defoliation and die back. It
 is very active during the
 wet seasons.",Rubber Production in Nigeria,https://naerls.gov.ng/wp-content/uploads/2022/11/Rubber-Production-in-Nigeria.pdf,17,official_naerls_bulletin
naerls_0468,livestock_fisheries_or_specialty_crop,Rubber Production in Nigeria,rubber production nigeria application furadan sprinkled round seedling prevent termite attack parasites mistletoes these flowering parasitic plants family loranthus leaves arise slender twisted branches running over surface host stem connected intervals control remove affected during dry season when mistletoe distinct before thonningia gall fleshy herb,"Application of Furadan 3G, sprinkled round the seedling can prevent termite
attack.
Parasites
Mistletoes - These are flowering parasitic plants of the family Loranthus sp.
The leaves arise from slender twisted branches running over the surface of the
host stem connected to it at intervals. Control:- Remove affected branches during the dry season when the
mistletoe is more distinct and before flowering. Thonningia gall This is a fleshy herb with root galls measuring about
18cm. The galls arrest the growth of rubber. It is relatively new and was
recently identified at the Rubber Research institute, Iyanomo",Rubber Production in Nigeria,https://naerls.gov.ng/wp-content/uploads/2022/11/Rubber-Production-in-Nigeria.pdf,18,official_naerls_bulletin
naerls_0469,livestock_fisheries_or_specialty_crop,Rubber Production in Nigeria,rubber production nigeria conclusion success natural depends following practices start plantation improved clones acquired reputable sources select sites well drained deep soil prepare land planting plant timely june july space appropriately trees cover crop preferably pueraria phaseoloides control weeds regularly along avenues herbicides hoe ring,"Conclusion
The success of natural rubber production depends on the following practices:
 · Start plantation with improved clones acquired from reputable sources
 · Select sites with well drained deep soil
 · Prepare the land for planting
 · Plant timely (from June to July)
 · Space appropriately (3.5 X 7.0 for 450 trees/ha)
 · Plant cover crop (preferably Pueraria phaseoloides)
 · Control weeds regularly along the avenues using herbicides, and hoe to ring
 weed 1m around the plant
 · Supply only when there are missing stands
 · Initially plant more trees than needed and gradually thin down to 450/Ha
 · Apply fertilizer to immature rubber at the rate of 1 bag of NPK/Ha at the ratio
 of 2:1:1 before the rains
 · When 70% of the trees attain 52cm in girth, open field at 150cm from ground
 for tapping
 · Tap properly to produce good quality latex
 · Remove all dirt in latex to obtain high grade crumb, sheet or crepe.
Report any observed abnormality to the local extension agent closest to you.
For further enquiries contact the NAERLS zonal office closest to you. The
NAERLS zonal offices as are follows:
The Director RRIN, PMB 1049, Benin City may be contacted for more
information.",Rubber Production in Nigeria,https://naerls.gov.ng/wp-content/uploads/2022/11/Rubber-Production-in-Nigeria.pdf,19,official_naerls_bulletin
naerls_0470,livestock_fisheries_or_specialty_crop,Snail Production Techniques in Nigeria,snail production techniques nigeria table contents page acknowledgement introduction farming system requirement before starting selection site choice breeding types snails farm construction pen snailery feeds feeding taking care causes mortality harvesting economics summary conclusion bibliography,"TABLE OF CONTENTS
 Page
Acknowledgement … … … .2
Introduction … … … … .3
Snail Farming System … … … … .3
Requirement Before Starting … … .4
Selection of Site … … ...…5
Choice of Breeding … … ..….6
Types of Snails Farm … … ...…8
Construction of A Snail Pen (Snailery)… … ... 9
Introduction of Snails into Pen … … … .. 15
Feeds and Feeding of Snails… … … .. 16
Taking care of the Snails … … … .. 17
Causes of Mortality in Snails … … .…18
Harvesting Snails … … .…18
Economics of Snail Production … … … .19
Summary and conclusion....................................................21
Bibliography.................................................................22",Snail Production Techniques in Nigeria,https://naerls.gov.ng/wp-content/uploads/2022/11/Snail-Production-Techniques-in-Nigeria.pdf,4,official_naerls_bulletin
naerls_0471,livestock_fisheries_or_specialty_crop,Snail Production Techniques in Nigeria,snail production techniques nigeria introduction meat commonly known congo one most popular delicacies snails commonest sources animal protein southern where ecosystem favours continued existence high iron low fat contains almost all amino acids needed human nutrition ordinarily collected wild population considerably declined because activities such,"INTRODUCTION:
 Snail meat commonly known as “Congo meat” is one of the
most popular delicacies in Nigeria. Snails are one of the
commonest sources of animal protein in Southern Nigeria where
the ecosystem favours their continued existence. The meat is
high in protein (12 – 16%) and Iron (45 – 50 mg/kg); low in fat (0.05
– 0.08%) and contains almost all the amino acids needed for
human nutrition.
 Ordinarily, in Nigeria, snails are collected from the wild.
Wild snail population have considerably declined because of
human activities such as: deforestation, pesticide use, slash and
burn agriculture, bush fires and collection of snails before they
have reached maturity. If the present intensity of these factors
continues unchecked, the giants land snails will sooner or latter
get extinct. One way of preventing this from happening is to start
rearing snails in farms just as is done for poultry, sheep, goats,
and rabbits.",Snail Production Techniques in Nigeria,https://naerls.gov.ng/wp-content/uploads/2022/11/Snail-Production-Techniques-in-Nigeria.pdf,5,official_naerls_bulletin
naerls_0472,livestock_fisheries_or_specialty_crop,Snail Production Techniques in Nigeria,snail production techniques nigeria farming rearing snails captivity confined enclosure most requirements like feed water lime supplied regular basis farmer maturity harvested processed consumed sold since seasonality supply wild limits meat continuous need organized small large scale become imperative,"SNAIL FARMING
 Snail farming is the rearing of snails in captivity. The snails
are confined in an enclosure and most of their requirements like
feed; water and lime are supplied on a regular basis by the farmer.
On maturity, the snails are harvested, processed and consumed
by the farmer or sold. Since the seasonality of supply of snails
from the wild limits their use for meat on a continuous basis, the
need for organized small or large scale snail farming has become
imperative.",Snail Production Techniques in Nigeria,https://naerls.gov.ng/wp-content/uploads/2022/11/Snail-Production-Techniques-in-Nigeria.pdf,5,official_naerls_bulletin
naerls_0473,livestock_fisheries_or_specialty_crop,Snail Production Techniques in Nigeria,snail production techniques nigeria snails farming systems there two main these indoor outdoor system involves raising indoors pens located building fed mixture fresh vegetables concentrates other food materials utilizes little space could raised even trays placed shelves walls advanced management allows temperature regulation controlled lighting,"SNAILS FARMING SYSTEMS:
 There are two main systems of snail farming. These are:
Indoor and Outdoor systems.
Indoor System: This system involves raising snails indoors in
pens located in a building. The snails are fed a mixture of fresh
vegetables, concentrates, and other food materials. The system
utilizes little space as the snails could be raised even in trays
placed on shelves on the walls. In advanced management, the
system allows for temperature regulation, controlled lighting,
regular cleaning, and health care.
Out-door System: In this system, snails are raised outdoors on pastures. The snails may or may not be fed. The farmer
has little control over the performance of the snails. The snails
move about feeding on natural food materials.
 A modification of the out-door system is one in which the
snails are confined out-doors in enclosures and fed both synthetic
and natural diets. It is easier to control and manipulate snails in
this setting. This system fits in very well into the Nigerian farming
system.",Snail Production Techniques in Nigeria,https://naerls.gov.ng/wp-content/uploads/2022/11/Snail-Production-Techniques-in-Nigeria.pdf,6,official_naerls_bulletin
naerls_0474,livestock_fisheries_or_specialty_crop,Snail Production Techniques in Nigeria,snail production techniques nigeria selection site prospective farmer must choose suitable his farm important factors consider location soil type moisture content wind direction lime environmental temperature should preferably located close house way will able watch regularly detect any problem early protect them enemies take care,"SELECTION OF SITE:
 A prospective snail farmer must choose a suitable site for
his farm. Important factors to consider are: Location, soil type,
moisture content, wind direction, lime content of the soil and
environmental temperature. Location of Farm:
 The snail farm should preferably be located close to the
farmer’s house. In this way he will be able to watch his snail
regularly, detect any problem early, protect them from their
enemies and take care of them easily. There should be adequate
space for future expansion.",Snail Production Techniques in Nigeria,https://naerls.gov.ng/wp-content/uploads/2022/11/Snail-Production-Techniques-in-Nigeria.pdf,7,official_naerls_bulletin
naerls_0475,livestock_fisheries_or_specialty_crop,Snail Production Techniques in Nigeria,snail production techniques nigeria soil type farm must sited place where rich humus other decaying plant animal materials should contain sufficient lime calcium eggs shell snails formation live hard soils nor they loose sandy cannot dig clayey rest lay while lot sand hold enough water,"Soil Type:
 The snail farm must be sited at a place where the soil is rich
in humus and other decaying plant and animal materials. The soil
should contain sufficient lime or calcium for eggs and shell and
snails shell formation. Snails do not live in hard soils nor do they
live in loose sandy soils. Snails cannot dig into hard clayey soils
to rest and lay eggs while soils with a lot of sand do not hold
enough water. The ideal snail soil should be medium (light) to
allow air and water to penetrate easily. Moisture content of Soil:
 Snails prefer damp soils. The farmer should avoid very wet
lands and lands prone to flooding in the rainy season. Dew and
rain keep the ground moist so that the snail can move easily and
dig into it to rest and lay their eggs.",Snail Production Techniques in Nigeria,https://naerls.gov.ng/wp-content/uploads/2022/11/Snail-Production-Techniques-in-Nigeria.pdf,7,official_naerls_bulletin
naerls_0476,livestock_fisheries_or_specialty_crop,Snail Production Techniques in Nigeria,snail production techniques nigeria round year snails ready source water supply irrigation spraying should provided usually seal off aperture hibernation during dry season unless continuous moisture guaranteed soil could kept continuously wet provision shelter plants like banana plantain farm watered provide necessary conditions survival multiplication,"For a round the year production of snails, a ready source of water
supply for irrigation or spraying should be provided. Snails
usually seal off their aperture and go into hibernation during the
dry season unless a continuous supply of moisture is
guaranteed. The soil could be kept continuously wet by the
provision of shelter plants like banana/plantain or the farm could
be watered to provide the necessary conditions for the survival
and multiplication of snails. Wind Direction:
 Snail farms should be situated in sites well protected from
the wind. Strong winds during the snail growing season are bad
for snails because they lead to dehydration and subsequent
drying up of snails.",Snail Production Techniques in Nigeria,https://naerls.gov.ng/wp-content/uploads/2022/11/Snail-Production-Techniques-in-Nigeria.pdf,8,official_naerls_bulletin
naerls_0477,livestock_fisheries_or_specialty_crop,Snail Production Techniques in Nigeria,snail production techniques nigeria temperature humidity snails cold blooded animals therefore sensitive change atmospheric temperatures west africa areas where most edible species found fluctuate greatly however significant fluctuation below induces aestivate loose valuable growing time prefer habitat neither too hot nor when withdraw shell called,"Temperature and Humidity:
 Snails are cold blooded animals and therefore sensitive to
change in atmospheric humidity and temperatures. In West
Africa, temperatures in the areas where most edible species of
snails are found do not fluctuate greatly. However, significant
fluctuation is in humidity below 75% induces the snails to
aestivate (i.e. to loose valuable growing time). Snails therefore
prefer a habitat that is neither too hot nor cold. When the
temperature is too hot or too cold, the snails withdraw into its
shell. This is called hibernation. Snails thrive best on
temperatures of about 10 – 23°C.",Snail Production Techniques in Nigeria,https://naerls.gov.ng/wp-content/uploads/2022/11/Snail-Production-Techniques-in-Nigeria.pdf,8,official_naerls_bulletin
naerls_0478,livestock_fisheries_or_specialty_crop,Snail Production Techniques in Nigeria,snail production techniques nigeria choice breeding stock like most livestock ventures success farm depends part quality farmer foundation recommended should choose snails based desirable characteristics below good strong shell shells protect enemies cracked thin selected fill only does may sick lost water because dry weather,"CHOICE OF BREEDING STOCK:
 Like most livestock ventures, the success of a snail farm
depends in part on the quality of the farmer’s foundation stock. It
is recommended that the farmer should choose snails based on
the desirable characteristics below: i. Good strong shell: Strong shells, protect snails from
 their enemies. Snails with cracked shells or thin shells
 should not be selected for a snail farm.
 ii. Snails that fill their shell: The farmer should
 choose only snails that fill their shells. A snail that does not fill
 its shell may be sick or it may have lost its water because of
 dry weather. It may not grow well.
 iii. Fully-Grown Snails: For his new snail farm, the
 farmer should choose only fully-grown snails as startment
 stock. They are hardier and would produce eggs and baby
 snails earlier than immature ones.
 iv. Large Snails: The larger snails of any kind of snail
 will be neater, healthier and lay more eggs than a snail that is
 smaller. The eggs of larger healthy snails hatch better and
 the baby snails grow bigger and faster. The farmer should
 therefore choose the largest of the fully grown snails of the
 type of snails he intends keeping.
 v.Same Kind of Snail: The same kind of snail should be
 selected for the snail farm. The farmer may decide to use
 either the giant type of snails (e.g. Archatina achatina;
 Archachatina marginata) or the exotic small types (Helix
 pomatia, Helix aspersa ) .",Snail Production Techniques in Nigeria,https://naerls.gov.ng/wp-content/uploads/2022/11/Snail-Production-Techniques-in-Nigeria.pdf,9,official_naerls_bulletin
naerls_0479,livestock_fisheries_or_specialty_crop,Snail Production Techniques in Nigeria,snail production techniques nigeria never rear mixture small large types same enclosure requirements maturity periods snails farm only live land edible should selected farming some kinds habour parasites which cause diseases man many species recognized popular economic interest west african giant archachatina marginata achitina achatina,"Never rear a mixture of small and large types in the same
enclosure. Their requirements and maturity periods are not the
same. TYPES OF SNAILS TO FARM:
 Only snails that live on land and are edible should be
selected for farming. Some kinds of land snails habour parasites
which can cause diseases in man. Many species of edible land
snails are recognized in Nigeria. The popular species of
economic interest is the West African giant snail’s Archachatina
marginata and Achitina achatina. These are therefore the
recommended species.",Snail Production Techniques in Nigeria,https://naerls.gov.ng/wp-content/uploads/2022/11/Snail-Production-Techniques-in-Nigeria.pdf,10,official_naerls_bulletin
naerls_0480,livestock_fisheries_or_specialty_crop,Snail Production Techniques in Nigeria,snail production techniques nigeria archachatina marginata these snails found places where warm all year round shells characterized brown pale colour vertical streaks zig zag lines blotches they weigh maturity grow full size months well fed watered lay eggs four eight times each growing season breeding,"Archachatina marginata: These snails are found in places
where it is warm all year round. Their shells are characterized by
brown to pale brown colour with vertical streaks, zig-zag lines or
blotches. They weigh from 150 – 200 gm or more at maturity.
They grow to full size in 24 months if well fed and watered. They
lay about 5 – 10 eggs four to eight times each growing season.
The breeding season is from May to October (rainy season).
However, if provided with regular supply of water, food and lime,
they could grow and reproduce throughout the year. Their shell
length ranges from 90m to 130mm. They have rounded tails with
blackish foot. Achatina achatina: Like the Archachatina marginata, they
are native to West Africa. They have strong brown shells and
grow to full size in two years under good management conditions.
The lay more eggs per growing size.",Snail Production Techniques in Nigeria,https://naerls.gov.ng/wp-content/uploads/2022/11/Snail-Production-Techniques-in-Nigeria.pdf,10,official_naerls_bulletin
naerls_0481,livestock_fisheries_or_specialty_crop,Snail Production Techniques in Nigeria,snail production techniques nigeria achatina lays eggs once two times each growing season they pointed tails whitish grey foot generally snails lemon yellow colour resemble small bird hatch usually within days young adult lay than old ones where get your farm farmer gather wild nearby,"Achatina achatina lays from 100 – 300 eggs, once to two times
each growing season. They have pointed tails with whitish to grey
foot. Snail eggs:
 Generally, the eggs of snails are lemon yellow in colour and
resemble small bird’s eggs. The eggs hatch usually within 30
days. Young adult snails lay more eggs than old ones. Where to get snails for your farm:
 The farmer can gather wild snails from nearby bushes for
use in his farm. He could also buy from people who gather and
sell wild snails. Snails could equally be bought from another snail
farmer in his locality. Snails bought from the open market should
never be farmed. Theses are of doubtful quality and may soon die
shortly after introduction into the pens.",Snail Production Techniques in Nigeria,https://naerls.gov.ng/wp-content/uploads/2022/11/Snail-Production-Techniques-in-Nigeria.pdf,11,official_naerls_bulletin
naerls_0482,livestock_fisheries_or_specialty_crop,Snail Production Techniques in Nigeria,snail production techniques nigeria construction pen snailery type depends number factors which include scale farming enterprise snails door out stage development habits bulletin will discuss size large small depending how many farmer wants raise new advisable start,"CONSTRUCTION OF A SNAIL PEN (SNAILERY):
 The type of snail pen depends on a number of factors which
include:
*The scale of the snail farming enterprise;
*The type of snails farming i.e. In-door or Out-door;
*The stage of development and habits of the snails.
 This bulletin will discuss the construction of out-door snail pen. Size of Snail Pen:
A snail pen can be large or small depending on how many snails
the farmer wants to raise. For a new farmer, it is advisable to start
with a small pen.",Snail Production Techniques in Nigeria,https://naerls.gov.ng/wp-content/uploads/2022/11/Snail-Production-Techniques-in-Nigeria.pdf,11,official_naerls_bulletin
naerls_0483,livestock_fisheries_or_specialty_crop,Snail Production Techniques in Nigeria,snail production techniques nigeria would need fewer materials snails becomes experienced farming build bigger pen get raise out door suitable size start preparation site choosing close house farmer should clear area all plant like bushes grasses roots weeds cleared evenly spread ground where located burn,"He would need fewer materials and fewer snails for this. As he
becomes more experienced in snail farming, he can build a bigger
pen and get more snails to raise. A 5m x 5m out-door pen is a
suitable size to start with. Preparation of site for 5m x 5m out-door snail pen:
 Choosing a suitable site close to the house. The snail
farmer should clear the area of all plant materials like bushes,
grasses, roots and weeds. The cleared materials should be
evenly spread on the ground where the pen would be located.
Burn the materials when dry. Burning of the area will clear it of
insects, weed, seeds, rats and other pests. From the cleared
area, a square of 5m x 5m is marked out for the snail farm. The
ground in the square is dug to a few centimeters dept (20cm) and
turned over with s shovel, hoe or other suitable implements. If
any more insects and other enemies of snails are seen, more
dried plant materials are spread on the ground and burnt again.
The ground is then smoothen after digging. The ground should
be smooth and well worked as it would be when planting a
vegetable garden.",Snail Production Techniques in Nigeria,https://naerls.gov.ng/wp-content/uploads/2022/11/Snail-Production-Techniques-in-Nigeria.pdf,12,official_naerls_bulletin
naerls_0484,livestock_fisheries_or_specialty_crop,Snail Production Techniques in Nigeria,snail production techniques nigeria chicken wire mesh wooden posts some these materials corrugated iron sheets plastic sheet though durable expensive unaffordable most farmers living villages however woven plant fence cover cheap available rural areas such fences could made gamba grass other tall species built just,"*Chicken wire mesh
*Wooden posts.
 Some of these materials (wire mesh, corrugated iron sheets,
plastic sheet) though durable, are expensive and unaffordable by
most farmers living in villages. However, woven plant materials
fence cover is cheap and available in most rural areas. Such
fences could be made from gamba grass or other tall grass
species. The fence is built just like any other fence. A number of
wooden posts of reasonable length are driven into the ground
along the perimeter of the (5m x 5m) farm, such that when in
place, each post is at least one meter above ground. When all the
posts are in place, dig a shallow trench (about 0.4m deep) all the
way round the pen. Attach the woven plant material (fence cover)
to the post and ensure that the plant material fence cover goes all
the way to the bottom of the trench. Whatever material that is
used for the fence of the snail pen should be buried to a
reasonable depth below ground. When woven plant is used, the
bottom of the material tends to rot after some time and needs
regular replacement. As soon as the plant material fence cover is
in place fill in the trench to complete the fence. If a combination of
chicken wire mesh and woven plant material is to be used,
followed by he woven plant material. The farmer should
remember to change the bottom of the fence cover when it rots.
To facilitate easy replacement of rotten material in future, the
fence cover could be made in two parts – one for the top and
another for the bottom of the fence. To prevent snails from
crawling out of the pen, flips could be attached to the top of the
pen. In some pen designs the fence covering is made of
mosquitoes wire netting.",Snail Production Techniques in Nigeria,https://naerls.gov.ng/wp-content/uploads/2022/11/Snail-Production-Techniques-in-Nigeria.pdf,13,official_naerls_bulletin
naerls_0485,livestock_fisheries_or_specialty_crop,Snail Production Techniques in Nigeria,snail production techniques nigeria whatever materials pen should ensure rats other predators kept out one corner put hatching chamber eggs rearing unit young snails fig could wooden boxes covered wire mesh drums even baskets floor hatchery filled rich organic top soil depth cms perforate bottom,"Whatever materials that is used for the pen should ensure that
rats and other predators are kept out.
 At one corner of the snail pen, put a hatching chamber for
hatching snail’s eggs and a rearing unit for young snails (Fig. 1).
The hatching unit and rearing unit could be wooden boxes
covered with wire mesh or out drums or even baskets. The floor
of the hatchery or rearing unit is filled with rich organic/top soil to a
depth of 4-7cms. Perforate the bottom of such chambers to drain
out excess water. Do not introduce newly hatched young snails
into snail’s pens to avoid cannibalism.
 Other types of out-door snailery include the following:",Snail Production Techniques in Nigeria,https://naerls.gov.ng/wp-content/uploads/2022/11/Snail-Production-Techniques-in-Nigeria.pdf,14,official_naerls_bulletin
naerls_0486,livestock_fisheries_or_specialty_crop,Snail Production Techniques in Nigeria,snail production techniques nigeria hutch box method boxes which could single fig multichambered wooden lids openings covered wire netting nylon mesh floors filled sieved organic soil depth must slightly limed caco bottom holes allow excess water drain out put trees like rubber cocoa citrus even,"(a) Hutch Box Method:
The hutch boxes which could be single (Fig. 2) or multichambered (Fig. 3) are wooden boxes with lids. The lids are
openings covered with wire netting or nylon mesh. The floors of
the boxes are filled with sieved organic soil to a depth of 5 – 8 cm,
which must be slightly limed (Caco3). The bottom of the hutch
boxes have holes to allow excess water to drain out. The hutch
boxes are put under trees like rubber, cocoa, citrus and even
plantain for shade. When hutch boxes are used, the soil is
changed once every two to three months.",Snail Production Techniques in Nigeria,https://naerls.gov.ng/wp-content/uploads/2022/11/Snail-Production-Techniques-in-Nigeria.pdf,16,official_naerls_bulletin
naerls_0487,livestock_fisheries_or_specialty_crop,Snail Production Techniques in Nigeria,snail production techniques nigeria trench pens type square rectangular holes depending desired shape pen dug ground deep area divided sides built blocks high level while bottom covered loose soil nylon mesh nailed wooden frames lids which less look like hutch could hatching eggs rearing finishing,"(b) Trench Pens:
In the trench type, pens, square or rectangular holes (depending
on the desired shape of pen) are dug in the ground about 50cm
deep. The dug up area is divided into pens and the sides are built
up to 2 – 3 blocks high from the ground level while the bottom is
covered with loose soil. The pens are covered with nylon mesh
nailed to wooden frames for lids. The trench pens which more or
less look like the hutch pens could be used for hatching snail
eggs, rearing and for finishing. (c) Make-shift Snailaries:
Snail keeping as a hobby or on a very small scale could be done
using the following make-shift outfits:-
 i. Stack of old motor types
 ii. Baskets
 Iii.Boxes",Snail Production Techniques in Nigeria,https://naerls.gov.ng/wp-content/uploads/2022/11/Snail-Production-Techniques-in-Nigeria.pdf,16,official_naerls_bulletin
naerls_0488,livestock_fisheries_or_specialty_crop,Snail Production Techniques in Nigeria,snail production techniques nigeria pots calabashes cut drums old basins etc each case tops covered wire nylon mesh introduction snails pen food shelter plants place now put selected farm should very gently handled carefully container such basket way they carried without hurting them before putting,"iv. Pots and calabashes
 v. Cut drums, old basins etc.
 In each case, the tops are covered with wire or nylon mesh. INTRODUCTION OF SNAILS INTO PEN:
 With the food and shelter plants in place, the snails can
now be put into the pen. Snails selected for the farm should be
very gently handled and carefully put into a container such as
basket. In this way, they can be carried to the pen without hurting
them. Before putting them in the pen, all grasses and weeds
should be eliminated. The snails should be put in the pen in the
evening when it is cool. They should never be put at the period of
the day when the sun is hot. On days that no dew is available and
the leaves of the plant and the ground are dry, wet them before
putting the snails in. The newly introduced snails should be
placed in different locations in the pen. Only the right number of
snails should be put in the pen. Do not stock more than 15 – 25
mature snails/m2. There should be no overstocking. After
introduction of snails a check should be conducted the following
morning to see that they have all moved. Any snails found to be
dead should be taken out and replaced by equal number of snails.
At first the newly introduced snails will try to crawl out of the pen.
The farmer should go round each morning and put them back.
After about two weeks he snails will become used to their new
homes and most of them will not try to crawl out.",Snail Production Techniques in Nigeria,https://naerls.gov.ng/wp-content/uploads/2022/11/Snail-Production-Techniques-in-Nigeria.pdf,17,official_naerls_bulletin
naerls_0489,livestock_fisheries_or_specialty_crop,Snail Production Techniques in Nigeria,snail production techniques nigeria feeds feeding snails voracious feeders may consume time body weight leafy vegetable plant material every day successful farming farmer must ensure steady uninterrupted supply foodstuffs his throughout growing season food plants feed wide variety cultivated wild young tender green leaves well,"FEEDS AND FEEDING OF SNAILS:
 Snails are voracious feeders and may consume about 10
time their body weight of leafy vegetable or plant material every
day. To be successful in snail farming, the farmer must ensure a
steady uninterrupted supply of foodstuffs to his snails throughout
the snail growing season. Food Plants:
Snails feed on a wide variety of cultivated and wild plants. Young
tender green leaves as well as dead and decaying leaves are
eaten. Green leaves of Amaranthus, cocoyam, cassava, lettuce,
cabbage, fluted pumpkin, hibiscus, are all eaten by snails. Before
beginning, the farmer should find out what plants his snails like to
eat. He can thus get information from an experienced snail
farmer in his locality. He can also with his lantern watch snails at
night and see what they are eating. Different plant materials
could be dropped in the pen and by trial and error, he could find
out which ones the snail would prefer.",Snail Production Techniques in Nigeria,https://naerls.gov.ng/wp-content/uploads/2022/11/Snail-Production-Techniques-in-Nigeria.pdf,18,official_naerls_bulletin
naerls_0490,livestock_fisheries_or_specialty_crop,Snail Production Techniques in Nigeria,snail production techniques nigeria fruit trees shelter food plants some provide well snails banana plantain mango pawpaw sweet oranges cocoa etc serve dual purpose providing fruits prefer feeding over ripe these oil palm broken pods seeds seedlings consumed generally usually hide during day when dry,"Fruit Trees as shelter and food Plants:
 Some fruit trees provide shelter as well as food for snails.
Banana, plantain, mango, pawpaw, sweet oranges, cocoa etc
serve dual purpose of providing shelter as well as fruits. Snails
prefer feeding on over ripe fruits of these trees. Ripe oil palm
fruits, broken pods, seeds and seedlings of cocoa are also
consumed by snails.
 Generally, snails usually hide on shelter plants during the
day when it is dry and move to food plants to eat at night or early in
the morning when they are wet with dew.",Snail Production Techniques in Nigeria,https://naerls.gov.ng/wp-content/uploads/2022/11/Snail-Production-Techniques-in-Nigeria.pdf,18,official_naerls_bulletin
naerls_0491,livestock_fisheries_or_specialty_crop,Snail Production Techniques in Nigeria,snail production techniques nigeria other feeds snails feed synthetic diets containing good amount protein calcium phosphorus example such diet poultry marsh wet droppings rotten vegetables dead animals all consumed apart items mentioned here there many foods farmer locality which like eat stated earlier these could,"Other Feeds:
Snails also feed on synthetic diets containing a good amount of
protein, calcium and phosphorus. An example of such diet is
poultry marsh. Wet poultry droppings, rotten vegetables and
dead animals are all consumed by snails. Apart from the items
mentioned here, there are many other foods in the farmer’s
locality which snails like to eat. As stated earlier, these could be
found out by trial and error. Feeding Habit of Snails:
Snails are nocturnal and feed on a wide variety of feed mainly in
the night, early morning, evening or on cold rainy day. Their
activity level (including their rate of feeding) fluctuates with the
ambient temperature.",Snail Production Techniques in Nigeria,https://naerls.gov.ng/wp-content/uploads/2022/11/Snail-Production-Techniques-in-Nigeria.pdf,19,official_naerls_bulletin
naerls_0492,livestock_fisheries_or_specialty_crop,Snail Production Techniques in Nigeria,snail production techniques nigeria taking care snails put pen farmer should watch them carefully see they eating well give right type food adequate quantity wet shelter plants moisten ground regularly dry days during growing season water daily always evening sunset ensure soil moist areas when,"TAKING CARE OF THE SNAILS:
 After the snails are put in the pen, the farmer should:
 *Watch them carefully to see that they are eating well.
 *Give them the right type of food in adequate quantity.
 *Wet the food and shelter plants and moisten the ground
 regularly.
 On dry days during the snail growing season, water the ground
daily. Always water in the evening at sunset. Ensure that the soil
is moist and not wet. In areas with dry season, when plants do not
grow, snails dig into the ground to rest. They should not be
watered at this time, otherwise the snails come out of the ground
when they should not. The snails breeding season in Nigeria
corresponds to the period of the rainy seasons.",Snail Production Techniques in Nigeria,https://naerls.gov.ng/wp-content/uploads/2022/11/Snail-Production-Techniques-in-Nigeria.pdf,19,official_naerls_bulletin
naerls_0493,livestock_fisheries_or_specialty_crop,Snail Production Techniques in Nigeria,snail production techniques nigeria causes mortality snails many enemies these include termites soldier ants frogs toads rats eating birds lizards larvae some beetles common salt poisonous over crowding serious cause pens when too crowded pen they produce undesirable secretion which observed reduce productivity remedy examine,"CAUSES OF MORTALITY IN SNAILS:
 Snails have many enemies. These include termites,
soldier ants, frogs, toads, rats, snail eating birds, lizards, and
larvae of some beetles. Common salt is also poisonous to snails.
Over crowding is a serious cause of mortality in snail pens. When
too many snails are crowded in a pen, they produce undesirable
secretion which is observed to reduce their productivity. To
remedy these;
 *Examine the pen fence regularly and mend any openings.
 *Use materials that keep out pests from your fence.
 *Maintain the right stocking density in you pen.
 *Keep away poisonous chemicals like common salt.",Snail Production Techniques in Nigeria,https://naerls.gov.ng/wp-content/uploads/2022/11/Snail-Production-Techniques-in-Nigeria.pdf,20,official_naerls_bulletin
naerls_0494,livestock_fisheries_or_specialty_crop,Snail Production Techniques in Nigeria,snail production techniques nigeria harvesting snails generally well fed managed would ready within months date stocking when farmer sees lot baby pen could harvest fully grown first put average weight matured giant type takes less than two years efficient feeding attain growth rate slow patience,"HARVESTING SNAILS:
 Generally, snails that are well fed and managed would be
ready for harvesting within 12 to 24 months from the date of
stocking. Also, when the farmer sees a lot of baby snails in the
snail pen, he could harvest the fully grown snails that he first put
into the pen. Average weight of a snail a well matured snail of the
giant type is 200gm. It takes not less than two years of efficient
feeding to attain this weight. Growth rate is slow and a lot
patience has to be exercised in snail farming. How to Harvest:
Harvesting is done with the hands. Sometimes the snails hide
under the cover of vegetation. Easiest time to find them is when
the plants are wet (after it has rained) or at night when there is dew
and they are moving about eating.",Snail Production Techniques in Nigeria,https://naerls.gov.ng/wp-content/uploads/2022/11/Snail-Production-Techniques-in-Nigeria.pdf,20,official_naerls_bulletin
naerls_0495,livestock_fisheries_or_specialty_crop,Snail Production Techniques in Nigeria,snail production techniques nigeria farmer put some food snails like ripe pawpaw when they comet eat collect them harvesting should carefully handled container such basket box net sack too many than one otherwise bottom would injured what harvested could either sold retained family consumption meant,"The farmer can also put in some of the food that snails like (e.g.
ripe pawpaw) and when they comet to eat, the farmer can collect
them. When harvesting, snails should be carefully handled and
put in a container such as basket, box or net sack. Too many
snails (more than 10kg) should not be put in one container
otherwise those at the bottom would be injured. What to do with harvested snails:
The harvested snails could either be sold or retained for family
consumption. Snails meant for sale should have clean, intact
shells. They should be carried to the market in suitable
containers like baskets or box. Snails could be stored alive in
containers filled with materials such as saw dust or chipped maize
husks for as long as 6 – 8 weeks.",Snail Production Techniques in Nigeria,https://naerls.gov.ng/wp-content/uploads/2022/11/Snail-Production-Techniques-in-Nigeria.pdf,21,official_naerls_bulletin
naerls_0496,livestock_fisheries_or_specialty_crop,Snail Production Techniques in Nigeria,snail production techniques nigeria economics unlike other livestock enterprises housing snails cheap construct could easily kept even make shift feeding compete man food rather they feed wastes kitchen poultry droppings leaves over ripe rotten fruits very high multiplication ratio marginata example lays eggs growing season,"Economics of Snail Production:
 Unlike other livestock enterprises, housing for snails is
cheap to construct. Snails could easily be kept even in make shift
housing. The feeding of snails is cheap, snails do not compete
with man for food, rather, they feed on the wastes from man’s
kitchen, poultry droppings, leaves and over ripe/rotten fruits.
Snails have very high multiplication ratio.
The A. marginata for example lays up to 80 – 100 eggs/growing
season while the A. achatina lays up to 300 eggs or more in a
growing season. Snails hatch within 30 days and in 12 – 24
months are ready for table. One snail therefore can in a growing
season give 100 – 300 new snails (depending on the breed).",Snail Production Techniques in Nigeria,https://naerls.gov.ng/wp-content/uploads/2022/11/Snail-Production-Techniques-in-Nigeria.pdf,21,official_naerls_bulletin
naerls_0497,livestock_fisheries_or_specialty_crop,Snail Production Techniques in Nigeria,snail production techniques nigeria labour requirement attending snails very low man hour day care farmer started which cost umuahia market june growing season will give eggs when hatched reared allowing mortality come new feeding leaves fruits kitchen waste spends nothing feed maturity sell,"Labour requirement for attending to snails is very low. 1 man
hour/day can care for 100 snails.
 If a farmer started with 10 snails which cost about N400
(Umuahia Market – June 2008), in a growing season the 10 snails
will give about 10 x 300 eggs = 3,000 eggs. When hatched and
reared, and allowing 10% mortality, in a growing season, the
farmer will come up with about 2,700 new snails. Feeding on
leaves, fruits and kitchen waste, the farmer spends nothing on
feed.
 At maturity; the 2,700 will sell at
 2,700 x N40 = N108,000",Snail Production Techniques in Nigeria,https://naerls.gov.ng/wp-content/uploads/2022/11/Snail-Production-Techniques-in-Nigeria.pdf,22,official_naerls_bulletin
naerls_0498,livestock_fisheries_or_specialty_crop,Snail Production Techniques in Nigeria,snail production techniques nigeria internationally meat commands good market europe north america french requirement million annum out than imported italy said consume snails annually back home west africa cote ivoire estimated annual consumption although figure known one thing certain demand far ahead supply farming therefore,"Internationally, snail meat commands good market in
Europe and North America. The French snail requirement is
about 5 million kg/annum, out this, more than 60% is imported.
Italy is said to consume about 306 million snails annually. Back
home in West Africa, Cote d’Ivoire has an estimated annual snail
consumption of 7.9 million kg. Although the annual snail
consumption figure for Nigeria is not known, one thing is certain
that the demand is far ahead of the supply. Snail farming in
Nigeria therefore has very bright future.",Snail Production Techniques in Nigeria,https://naerls.gov.ng/wp-content/uploads/2022/11/Snail-Production-Techniques-in-Nigeria.pdf,22,official_naerls_bulletin
naerls_0499,livestock_fisheries_or_specialty_crop,Snail Production Techniques in Nigeria,snail production techniques nigeria meat congo high protein food collection wild sustainable therefore conscious efforts should made rear snails captivity start farm following required enough edible live good site shelter plants pen require soil rich humus calcium shell egg formation prefer damp soils protect wind,"Snail meat (Congo meat) is a high protein food. Collection from the
wild is not sustainable. Therefore conscious efforts should be made to
rear snails in captivity.
To start a snail farm, the following are required: enough edible live
snails, a good site, enough food and shelter plants and a pen for the
snail. Snails require soil that is rich in humus with enough calcium for
shell and egg formation. Snails prefer damp soils. Protect snails from
wind. Snails are cold blooded. Therefore avoid sudden changes in
atmospheric humidity and temperature. Choose snails for rearing that
conform to: good strong shell; snails that fill their shell; fully grown and
large snails. House only one type of snail together construct snail pens
using materials available in your environment and according to your
resources. Do not stock more than 15-25 snails/m . 2",Snail Production Techniques in Nigeria,https://naerls.gov.ng/wp-content/uploads/2022/11/Snail-Production-Techniques-in-Nigeria.pdf,23,official_naerls_bulletin
naerls_0500,livestock_fisheries_or_specialty_crop,The Production of Guinea Fowl in Nigeria,production guinea fowl nigeria animal protein intake average nigerian still falls short food agricultural organization fao recommended level demand far exceeds supply order meet increasing other non conventional sources need exploited driving force behind bulletin largely unimproved great potentials bridge gap wish express our gratitude,"Animal protein intake of an average Nigerian still falls short of the
Food and Agricultural organization (FAO) recommended level. The
demand for animal protein far exceeds the supply. In order to meet the
increasing demand for animal protein, other non-conventional sources
need to be exploited. This is the driving force behind this bulletin.
Guinea fowl, is largely unimproved in Nigeria, but has great potentials
to bridge the demand supply gap in animal protein intake.
 We wish to express our gratitude and to acknowledge the
scientists, researchers and authors, whose work and relevant data
were pooled to make this booklet a complete information package for all
those interested in the production and consumption of Guinea fowl.
 The contribution and cooperation of NAERLS staff, particularly
the staff of Livestock and Fisheries Programme are highly appreciated.",The Production of Guinea Fowl in Nigeria,https://naerls.gov.ng/wp-content/uploads/2022/11/The-Production-of-Guinea-Fowl-in-Nigeria.pdf,2,official_naerls_bulletin
naerls_0501,livestock_fisheries_or_specialty_crop,The Production of Guinea Fowl in Nigeria,production guinea fowl nigeria acknowledgement table content introduction varieties systems selection foundation stock housing equipment feed feeding health care management meat processing utilization marketing summary references,"1. Acknowledgement................................ i
2. Table of Content...................................... 1
3. Introduction............................................ 2
4. Varieties of Guinea Fowl................... 5
5. Production Systems......................... 8
6. Selection of Foundation Stock ........... 10
7. Housing and Equipment ................................ 17
8. Feed and Feeding ................................. 17
9. Health Care Management ............................... 22
10. Meat Processing and Utilization ............... 24
11. Marketing ......................................................... 26
12. Summary ...................................................... 27
13. References .................................................... 28",The Production of Guinea Fowl in Nigeria,https://naerls.gov.ng/wp-content/uploads/2022/11/The-Production-of-Guinea-Fowl-in-Nigeria.pdf,3,official_naerls_bulletin
naerls_0502,livestock_fisheries_or_specialty_crop,The Production of Guinea Fowl in Nigeria,production guinea fowl nigeria introduction belongs pheasant family bird commonly found western central southern parts africa name derived coast which where birds believed originated west grey breasted helmeted varieties common areas bordering sahara many households north keep fowls meat eggs very popular flesh white delicate,"INTRODUCTION
 Guinea fowl belongs to the pheasant family. The bird is commonly
found in the Western, Central and Southern parts of Africa. The name “Guinea
fowl” is derived from the Guinea coast of Africa, which is where the birds are
believed to have originated. In West Africa the grey breasted and helmeted
varieties are common the areas bordering the Sahara. In Nigeria, many
households in the North keep guinea fowls, and the meat and eggs are very
popular. The flesh is white and delicate with distinctive game flavour and the
carcasses weigh between (0.5-1.0kg) at ten weeks, which make them suitable
table birds for the small family.",The Production of Guinea Fowl in Nigeria,https://naerls.gov.ng/wp-content/uploads/2022/11/The-Production-of-Guinea-Fowl-in-Nigeria.pdf,4,official_naerls_bulletin
naerls_0503,livestock_fisheries_or_specialty_crop,The Production of Guinea Fowl in Nigeria,production guinea fowl nigeria advantages keeping fowls always capable coping effects dry weather conditions prevailing northern savanna sahelian ecological zones than other domestic poultry apparently free diseases worrisome most farmers scientists many urban homes meat substitute game birds flesh young tender fine flavour resembling wild,"Advantages for Keeping Guinea Fowls
· The guinea fowls are always more capable of coping with the effects of
dry weather conditions prevailing in the Northern Guinea Savanna and
Sahelian ecological zones than other domestic poultry.
· Guinea fowls are apparently free from the poultry diseases that are
worrisome to most farmers and scientists.
· In many urban homes the guinea fowl meat is used as substitute for
game birds. The flesh of young guinea fowl is tender and has a fine flavour
resembling that of wild game.
· The guinea fowl egg commands premium market prices because of the
gammy flavour and has better storage ability than the chicken egg. The egg
shell does not crack easily due to thickness. The eggs are believed to enhance
virility and sexual potency.
· Guinea fowls with their eggs are used for scientific research, notably in
physiology studies.
· The birds are less expensive to buy by a beginner and are less of
financial risk to maintain on the farm.
· The over 50 million semi-domesticated guinea fowls in Nigeria
constitute about 25% of the entire domestic poultry population in Nigeria,
making it a variable source of animal protein which is socially acceptable.",The Production of Guinea Fowl in Nigeria,https://naerls.gov.ng/wp-content/uploads/2022/11/The-Production-of-Guinea-Fowl-in-Nigeria.pdf,4,official_naerls_bulletin
naerls_0504,livestock_fisheries_or_specialty_crop,The Production of Guinea Fowl in Nigeria,production guinea fowl nigeria varieties wild species many found common domesticated fowls descended one these numida meleagris they exist grass land areas spreading form derived savanna northern vegetation zone forest dwelling crested guttera edouardi edourdi particularly southern region eggs laid during breeding season branches trees,"VARIETIES OF GUINEA FOWL
The wild Species
Many species of wild guinea fowl are found in Nigeria. The common
domesticated guinea fowls descended from one of these wild species (Numida
Meleagris). They exist in the grass land areas spreading form derived savanna
to the northern guinea savanna vegetation zone. The forest dwelling crested
guinea fowls (Guttera edouardi edourdi) also exist in Nigeria particularly to
the Southern region. In the wild about 15-20 eggs are laid during the breeding
season .
Branches of trees are usually utilized as roosting sites at night and as places of
escape from hunters during day light period. Breeding is largely restricted to
the wet season.",The Production of Guinea Fowl in Nigeria,https://naerls.gov.ng/wp-content/uploads/2022/11/The-Production-of-Guinea-Fowl-in-Nigeria.pdf,5,official_naerls_bulletin
naerls_0505,livestock_fisheries_or_specialty_crop,The Production of Guinea Fowl in Nigeria,production guinea fowl nigeria domesticated varieties fowls many centuries they were raised table birds ancient greeks romans there two main species which described crested guttera edopuardi found rain forest zones derived savanna helmeted savannas however commonly known five namely,"Domesticated Varieties
Guinea fowls have been domesticated for many centuries; they were raised as
table birds by the ancient Greeks and Romans.
There are two main species of guinea fowl in Nigeria, which have been
described; the crested guinea fowl (Guttera edopuardi) which is found in the
rain forest zones and derived savanna and the helmeted guinea fowl found in
the savannas. However the commonly known varieties are five, they are
namely:",The Production of Guinea Fowl in Nigeria,https://naerls.gov.ng/wp-content/uploads/2022/11/The-Production-of-Guinea-Fowl-in-Nigeria.pdf,5,official_naerls_bulletin
naerls_0506,livestock_fisheries_or_specialty_crop,The Production of Guinea Fowl in Nigeria,production guinea fowl nigeria pearl variety purplish gray plumage regularly dotted splashed white bird handsome feathers often ornamental purposes see fig below figure most popular country grey breasted breast like,"1. Pearl Variety
This guinea fowl has a purplish gray plumage, regularly dotted or splashed
with white. The bird is so handsome that the feathers are often used for
ornamental purposes. See fig 1 below Figure 1: The Pearl Guinea Fowl.
The Pearl variety of guinea fowl is the most popular in this country.
2. The Grey Breasted Variety
This guinea fowl has grey or white breast feathers with the plumage like that of
the pearl variety (Fig. 2)",The Production of Guinea Fowl in Nigeria,https://naerls.gov.ng/wp-content/uploads/2022/11/The-Production-of-Guinea-Fowl-in-Nigeria.pdf,6,official_naerls_bulletin
naerls_0507,livestock_fisheries_or_specialty_crop,The Production of Guinea Fowl in Nigeria,production guinea fowl nigeria these two varieties most common fowls great potentials commercial poultry industry because wide acceptability lavender variety resemble pearl plumage light gray regularly dotted white markings fig figure like name indicates pure skin lighter colour than,"These two varieties are the most common guinea fowls in Nigeria and
do have great potentials for commercial production in the poultry industry
because of their wide acceptability. 3. The Lavender Variety
This guinea fowl also resemble the pearl variety, but the plumage is light gray
or lavender regularly dotted with white markings (Fig 3) Figure. 3 The Lavender Guinea Fowl
4. The White Variety
This variety like the name indicates, has pure white plumage. Its skin is lighter
in colour than that of the pearl variety (Fig. 4)",The Production of Guinea Fowl in Nigeria,https://naerls.gov.ng/wp-content/uploads/2022/11/The-Production-of-Guinea-Fowl-in-Nigeria.pdf,7,official_naerls_bulletin
naerls_0508,livestock_fisheries_or_specialty_crop,The Production of Guinea Fowl in Nigeria,production guinea fowl nigeria pure white colour variety definitely advantageous respect minimizing heat stress during excessive period systems keeping fowls like other poultry species refer extent which birds allowed access green runs pasture exposure sunshine different management raising below,"The pure white colour of this variety is definitely an advantageous with
respect to minimizing heat stress during the excessive heat period.
PRODUCTION SYSTEMS
 The systems of keeping guinea fowls like in the other poultry species
refer to the extent to which the birds are allowed access to green runs (pasture)
and exposure to sunshine. The different management systems for raising
guinea fowls are as below:",The Production of Guinea Fowl in Nigeria,https://naerls.gov.ng/wp-content/uploads/2022/11/The-Production-of-Guinea-Fowl-in-Nigeria.pdf,8,official_naerls_bulletin
naerls_0509,livestock_fisheries_or_specialty_crop,The Production of Guinea Fowl in Nigeria,production guinea fowl nigeria extensive free range system management most common suitable farmers lot land fields pasture birds confined thus fend own feed roost well ridding field insect pests weed seeds fig because find food shelter almost cost farmer however cannot practiced intensive commercial scale,"1. Extensive (Free Range) System
This system of guinea fowl management is the most common in Nigeria, and
suitable for those farmers with lot of land and fields of pasture. In this
management system, the birds are not confined and thus are free to fend for
their own feed and roost, as well as ridding the field of insect pests and weed
seeds (Fig 5). Because the birds find their own food and shelter, the
management is almost at no cost to the farmer. However, the free-range
management system cannot be practiced on an intensive commercial scale as
the birds could easily revert to the feral state and might not be easily caught
when needed.",The Production of Guinea Fowl in Nigeria,https://naerls.gov.ng/wp-content/uploads/2022/11/The-Production-of-Guinea-Fowl-in-Nigeria.pdf,8,official_naerls_bulletin
naerls_0510,livestock_fisheries_or_specialty_crop,The Production of Guinea Fowl in Nigeria,production guinea fowl nigeria free range birds exposed extremes climatic conditions which often results heavy losses predatory beast parasites infections diseases system therefore recommended intensive commercial scale small back yard semi requires permanent housing attached fenced runs pasture they should minimum two areas fig access,"Also, on free range the birds are exposed to extremes of climatic conditions,
which often results in heavy losses predatory beast, parasites and infections
diseases. This system of production is therefore, not recommended for
intensive commercial scale, but for the small-scale back yard production. 2. Semi Intensive System
This system requires a permanent housing with attached fenced runs or
pasture. They should be in the minimum, two pasture areas (Fig 6). The birds
should have access to each plot in turn, while the other pasture is rested, and
the number of birds raised depends on the amount of land available. This
method is particularly suitable where land is limited and small holder farms.
Under the semi intensive system, disease conditions could be common and
therefore, requires close monitoring and control. At the present levels of
guinea fowl production in Nigeria, this system seems suitable and therefore
recommended.",The Production of Guinea Fowl in Nigeria,https://naerls.gov.ng/wp-content/uploads/2022/11/The-Production-of-Guinea-Fowl-in-Nigeria.pdf,9,official_naerls_bulletin
naerls_0511,livestock_fisheries_or_specialty_crop,The Production of Guinea Fowl in Nigeria,production guinea fowl nigeria rearing deep litter commercial level common system consists solid buildings suitable materials such wood shavings dry maize cobs chopped straw affords effective insulation birds outside atmospheric conditions while perches provided fourth week age recommended large scale because allows high stock density,"In Nigeria, rearing guinea fowl on the deep litter at commercial level of
production is common. The deep litter system consists of solid buildings with
suitable litter materials such as wood shavings; dry maize cobs and chopped
straw. The system affords effective insulation of the birds from outside
atmospheric conditions while Perches are provided for the birds as from the
fourth week of age.
 This system is recommended for large scale commercial guinea fowl
production, because it allows high stock density, efficient management of
resources and labour, resulting in high production output. Selection of foundation stock
 Selection of foundation stock is one of the first decisions to be made by
the starting guinea fowl farmer. It is recommended that the beginner purchases
his foundation stock form very reliable guinea fowl raisers within the locality.",The Production of Guinea Fowl in Nigeria,https://naerls.gov.ng/wp-content/uploads/2022/11/The-Production-of-Guinea-Fowl-in-Nigeria.pdf,10,official_naerls_bulletin
naerls_0512,livestock_fisheries_or_specialty_crop,The Production of Guinea Fowl in Nigeria,production guinea fowl nigeria commercial farm advisable purchase day old keets young fowls sure birds steady legs alert eyes healthy looking physical defects buy which look sleepy could indication ill health sexing difficult differentiate male female one because there little difference appearance many farmers find,"On commercial farm it is advisable to purchase day old keets (young guinea
fowls). But be sure that the birds have steady legs, alert eyes, healthy looking
and with no physical defects. Do not buy guinea fowl, which look ‘sleepy’.
This could be an indication of ill health.
Sexing Guinea Fowls
 It is difficult to differentiate the male guinea fowl from the female one.
This is because there is so little difference in their appearance that many
farmers find it not easy to distinguish them particularly in the young ones.
Farmers who are inexperienced in keeping these birds may unknowingly keep
all males or all females as breeding stock.
 However, sex may easily be distinguished between the cocks from the
hens by the difference in the cry of the birds and by the larger helmet and
wattles and the coarser head of the males. See figure 8a and b below.",The Production of Guinea Fowl in Nigeria,https://naerls.gov.ng/wp-content/uploads/2022/11/The-Production-of-Guinea-Fowl-in-Nigeria.pdf,11,official_naerls_bulletin
naerls_0513,livestock_fisheries_or_specialty_crop,The Production of Guinea Fowl in Nigeria,production guinea fowl nigeria fig cock hen cry sounds like buckwheat put rock which quite different one syllable shriek when frightened both make cries time does sound sexing birds way possible weeks age keets wattles thicker edges than females,"Fig 8a Guinea Cock Fig. 8b Guinea Hen
 The cry of the hen sounds like “buckwheat, buckwheat’ or put rock,
put-rock” which is quite different from the one syllable shriek of the cock.
When frightened both the cock and the hen make one-syllable cries, but at no
time does the cock’s cry sound like “buckwheat, buckwheat”. Sexing the
birds by this way is possible when the birds are about 8 weeks of age.
 In keets (between 12-15 weeks of age) the wattles have thicker edges
than do those of the females.",The Production of Guinea Fowl in Nigeria,https://naerls.gov.ng/wp-content/uploads/2022/11/The-Production-of-Guinea-Fowl-in-Nigeria.pdf,11,official_naerls_bulletin
naerls_0514,livestock_fisheries_or_specialty_crop,The Production of Guinea Fowl in Nigeria,production guinea fowl nigeria mating fowls naturally seasonal breeders because monogamous characteristic commercial breeding programme artificial insemination would great advantage however small scale farmer who keeps birds range practice keeping fewer number cocks flock better cock often prepares nests group hens him why common find,"Mating
 Guinea fowls are naturally seasonal breeders because of their
monogamous characteristic. And so for a commercial breeding programme
artificial insemination would be of great advantage. However, for the small
scale farmer who keeps the birds on the range, the practice of keeping fewer
number cocks in a flock is better. This is because the cock often prepares the
nests for a group of guinea hens that flock with him. This is why it is common
to find 20 to 30 eggs in a single nest during the egg producing season in the
wild. The nests are usually located in well hidden places making it difficult for
the farmer to locate the nests when many males are kept. Such eggs also may
be of poor fertility due to the monogamous tendency of the males. Once the
egg nests are located, farmers are advised to leave at least three newly marked
or dummy eggs in the nests during each collection to encourage the guinea
fowl hen to continue using the same nest during the breeding next season.
 In the wild reproductive pairs are established during the rains, the pairs
and their offsprings merge together with others to form larger groups at the end
of the breeding season. Thus in improved husbandry programme, efforts
should be made to ensure continuous breeding and elimination of permanent
pairs bonds between reproductive adults.",The Production of Guinea Fowl in Nigeria,https://naerls.gov.ng/wp-content/uploads/2022/11/The-Production-of-Guinea-Fowl-in-Nigeria.pdf,12,official_naerls_bulletin
naerls_0515,livestock_fisheries_or_specialty_crop,The Production of Guinea Fowl in Nigeria,production guinea fowl nigeria egg fowls come lay weeks age will continue months producing eggs during first laying period second may start end last slightly higher number than produced cycle efficiency however depends breeding stock management,"Egg Production
 Guinea fowls come into lay at about 25 to 28 weeks of age and will
continue to lay for about 8 months producing between 150 to 160 eggs during
the first laying period. The second laying period may start at 12 to 14 weeks
after the end of first and may last for 4 to 5 / months producing slightly higher
 1
 2 number of eggs than that produced during the first cycle. The egg production
efficiency however, depends on breeding stock and management.",The Production of Guinea Fowl in Nigeria,https://naerls.gov.ng/wp-content/uploads/2022/11/The-Production-of-Guinea-Fowl-in-Nigeria.pdf,12,official_naerls_bulletin
naerls_0516,livestock_fisheries_or_specialty_crop,The Production of Guinea Fowl in Nigeria,production guinea fowl nigeria egg collection should done daily disturb hens while they laying eggs smaller than chicken weigh grammes compared chickens fig collected stored cool dry place left right incubation fowls particularly good mothers best hatched broody naturally artificial incubators natural period days method,"Egg collection should be done daily but do not disturb the hens while they are
laying.
 Guinea fowl eggs are smaller than chicken eggs. They weigh between
35 to 40 grammes as compared to between 45 to 55 grammes in the chickens
fig 9. The eggs collected should be stored in cool dry place. Fig 9: Egg of G/Fowl (Left) and Chicken egg (right)
Egg Incubation
 Guinea fowls are not particularly good mothers and the eggs are best
hatched under broody chicken hens naturally or by artificial incubation using
incubators. i. Natural Incubation
The incubation period of guinea fowl egg is between 26 to 28 days. The
natural incubation method is commonly used by farmers with small flocks.
The chicken hens are usually used because they are more adaptable than
guinea fowl hens which are too wild to be set anywhere except in the nests
where they have become broody. From 12 to 15 eggs may be set under a
guinea hen, while 20 to 28 eggs can be set under a large chicken hen. See
figure 10 below.",The Production of Guinea Fowl in Nigeria,https://naerls.gov.ng/wp-content/uploads/2022/11/The-Production-of-Guinea-Fowl-in-Nigeria.pdf,13,official_naerls_bulletin
naerls_0517,livestock_fisheries_or_specialty_crop,The Production of Guinea Fowl in Nigeria,production guinea fowl nigeria hens should treated against lice before they set ensure adequate food water broody artificial incubation method machines called incubators which different types built devices controlled heating recommended temperature humidity level egg turning ability fig air within same both turkey eggs first,"Hens should be treated against lice before they are set. Also ensure adequate
food and water for the broody hens. ii. Artificial Incubation
The artificial method of incubation is by the use of machines called incubators.
The incubators which are of different types have in-built devices for the
production of controlled heating at recommended temperature, controlled
humidity level and egg turning ability. Fig 11.
Recommended temperature and humidity of the air within incubators are
about the same for both guinea fowl and turkey eggs. Temperature level of
38 c with 58% humidity for the first 3 weeks are recommended. But the
 0 the last week in the incubator. Each egg should be turned at least 4 to 5 times
daily for the first 24 days of incubation.
Kerosene incubators are recommended for rural farmers who keep small flock
and have no access to electricity.",The Production of Guinea Fowl in Nigeria,https://naerls.gov.ng/wp-content/uploads/2022/11/The-Production-of-Guinea-Fowl-in-Nigeria.pdf,14,official_naerls_bulletin
naerls_0518,livestock_fisheries_or_specialty_crop,The Production of Guinea Fowl in Nigeria,production guinea fowl nigeria veterinary research institute nvri made kerosene incubators vom plateau state good enough nigerian small holder egg hatching see figure natural brooding keets hens highly reputed care young ones will necessary separate newly hatched mothers likely take wet grass lead them too,"The Nigeria Veterinary Research Institute (NVRI) made kerosene
incubators at Vom Plateau state is good enough for Nigerian guinea fowl
small holder egg hatching. See figure 10 a) Natural Brooding of Keets
Guinea fowl hens are not highly reputed for the care of their young ones. It
will be necessary to separate the newly hatched keets from their mothers.
Guinea hens are likely to take their keets through wet grass and lead them too
far from the home. The common practice, is to give out newly hatched keets to
a broody chicken hen to raise. A large chicken hen will brood as many as 25
keets. For the first 2-3 days the hen and keets should be confined to an
enclosure, after that time they should be allowed to range (fig. 12). However,
shelter should be provided at night to keep out predatory animals.",The Production of Guinea Fowl in Nigeria,https://naerls.gov.ng/wp-content/uploads/2022/11/The-Production-of-Guinea-Fowl-in-Nigeria.pdf,15,official_naerls_bulletin
naerls_0519,livestock_fisheries_or_specialty_crop,The Production of Guinea Fowl in Nigeria,production guinea fowl nigeria figure natural brooding keets raised method will usually leave brooders house age weeks begin roosting night near trees open air they accustomed going company chicken mother hen trained difficult catch when wanted market artificial newly hatched may same kinds brooden houses,"Figure. 12: Natural Brooding
 Keets raised by natural method will usually leave the brooders house
from the age of 6 to 8 weeks and will begin roosting at night in a near by trees in
the open air. But if they have been accustomed to going into the house at night
in company of the chicken mother hen they are so trained and will not be so
difficult to catch when they are wanted for the market. b) Artificial Brooding
The newly hatched keets may be raised with the same kinds of brooders and
brooden houses as are used for chickens or turkeys. The recommended
brooding methods and temperatures are similar to those used for chickens.
Artificial brooding using electric bulbs can be started at a temperature range of
34-40 c for the first 3 weeks. This should be reduced under the brooder to 30-
 0 heating can be discontinued except during the cold seasons. These
temperatures can be attained using 12 x 60 watt bulbs per 50m floor space or
 2",The Production of Guinea Fowl in Nigeria,https://naerls.gov.ng/wp-content/uploads/2022/11/The-Production-of-Guinea-Fowl-in-Nigeria.pdf,16,official_naerls_bulletin
naerls_0520,livestock_fisheries_or_specialty_crop,The Production of Guinea Fowl in Nigeria,production guinea fowl nigeria brooder house should constructed provide both warmth adequate ventilation keets located where there least disturbance which could cause losses due pilling result frights over crowding avoided any form disturbances noise too frequent visits sight other animals corner guards useful prevent while,"The brooder house should be constructed to provide both warmth and
adequate ventilation for the keets and located where there should be the least
disturbance, which could cause losses due to pilling up as a result of frights.
Over crowding should be avoided and any form of disturbances e.g. noise, too
frequent visits and sight of other animals. Corner guards are useful to prevent
pilling up while pinioning of wings helps to reduce flightiness. Fig 13 below
gives an example of artificial brooding system. Figure. 13: Artificial Brooding of Keets.
HOUSING AND EQUIPMENT
 Commercially, guinea fowls are kept confined in suitably adapted
buildings on a 75mm litter of wood shavings. Adequate ventilation is
important because the droppings are much drier than those of other poultry
and this leads to a dustier atmosphere and therefore to an increased risk of
respiratory diseases. Over stocking should also be avoided.",The Production of Guinea Fowl in Nigeria,https://naerls.gov.ng/wp-content/uploads/2022/11/The-Production-of-Guinea-Fowl-in-Nigeria.pdf,17,official_naerls_bulletin
naerls_0521,livestock_fisheries_or_specialty_crop,The Production of Guinea Fowl in Nigeria,production guinea fowl nigeria top wall should chicken wire mesh high supported wooden frames ventilation holes made walls movable cover plank regulate heat roof could asbestos ensure cooling perches may provided space requirement stock density floor allowed per bird day old till maturity stocking rate,"On top of the wall should be a chicken wire mesh of 2.5m high supported
 by wooden frames.
 · Ventilation holes should be made into the walls but with movable
 cover of plank to regulate heat.
 · Roof could be made of asbestos to ensure cooling
 · Perches may also be provided.
Space Requirement/Stock Density
 Floor space requirement of about 0.06m should be allowed per bird
 2 from day old till maturity. Stocking density is at the rate of 100 birds per 5565m . A stocking rate of more than 16 birds per meter is over crowding and can
 2",The Production of Guinea Fowl in Nigeria,https://naerls.gov.ng/wp-content/uploads/2022/11/The-Production-of-Guinea-Fowl-in-Nigeria.pdf,18,official_naerls_bulletin
naerls_0522,livestock_fisheries_or_specialty_crop,The Production of Guinea Fowl in Nigeria,production guinea fowl nigeria result heavy losses entire flock could lost such over stocking stocked birds look unthrifty normally grow well advisable stock especially when young tend wonder far away sources heat food water which often cause death due starvation order ensure optimum performance rearing,"result to heavy losses. Up to 50% of the entire flock could be lost through such
over stocking. Over stocked birds also look unthrifty and do not normally
grow well.
 It is also advisable not to under stock, as the birds, especially when
young tend to wonder far away from sources of heat, food and water, which
often cause death due to starvation. In order to ensure optimum performance,
rearing size should not exceed a thousand birds.
 Equipment for rearing of guinea fowls are the same with that of
chickens which includes drinkers, feeders, and nest boxes, while lighting
devices are optional.
FEEDS AND FEEDING
 In the wild, guinea fowls diets are naturally rich and include grass
seeds, crop wastes, and about 60 species of insects. In the villages, free range
guinea fowls feed along with the local chickens and scientists tend to believe
that the nutrient requirements of guinea fowls are similar to those of the
chickens.
 However, in captivity, adequate feeding of birds with balanced diets is
very important for the production of fast growing healthy guinea fowls. The
guinea fowl being a range bird could be allowed access to the pasture with
good fresh plants e.g. stylo, tridax and water leaf.",The Production of Guinea Fowl in Nigeria,https://naerls.gov.ng/wp-content/uploads/2022/11/The-Production-of-Guinea-Fowl-in-Nigeria.pdf,18,official_naerls_bulletin
naerls_0523,livestock_fisheries_or_specialty_crop,The Production of Guinea Fowl in Nigeria,production guinea fowl nigeria fowls relatively small crops therefore need feeding frequently than other poultry commercially fed much same turkeys broiler type ration known support good body weight gains however some coccidiostat additives rations toxic they exceed certain levels you should check point your feed,"Guinea fowls have relatively small crops and therefore, need feeding more
frequently than other poultry. Commercially, guinea fowls are fed much the
same as turkeys. Also, a broiler type ration is known to support good body
weight gains in guinea fowls. However, some coccidiostat additives in
poultry rations are toxic to guinea fowl if they exceed certain levels. You
should check this point with your feed supplier before giving your birds such
rations.
 For rapid growth rate, it is recommended to start guinea fowls on high
protein diets containing 25% - 26% crude protein and about 3200 kcal/kg for
the first 6 weeks of life. Between 6 to 12 weeks of age a diet containing 20%
crude protein and 3200kcal/kg is best. Above 12 weeks of age till market size
is attained, the protein levels in the diets may be reduced to 18%, (see tables 1
& 2 below).
 The feed intake of guinea fowl is between 25-30g; 50-60g and 70-80g
per bird per day, between the ages of 0-6, 6-12 and 12-16 weeks respectively.
Feed consumption record of guinea fowl is apparently high because of the
tendency to waste the feed due to their manner of scooping and picking of the
feed. This feed wastage could be minimized by feeding the required feed
twice daily rather than ad lib and using deeper feeders for adults. Feed in
pelleted form can also solve the wastage problems. Clean water should be
made available always. It is also advisable that finely chopped tender green
leaves be scattered a little on guinea fowl rations. Feeding the guinea fowl on
range in late afternoon has the advantage of making them to return to their
coop (shelter) at night.",The Production of Guinea Fowl in Nigeria,https://naerls.gov.ng/wp-content/uploads/2022/11/The-Production-of-Guinea-Fowl-in-Nigeria.pdf,19,official_naerls_bulletin
naerls_0524,livestock_fisheries_or_specialty_crop,The Production of Guinea Fowl in Nigeria,production guinea fowl nigeria however ages weeks rearing fowls free range may combined confinement birds pinioned wind clipped two fenced pasture areas either side fixed building tender fresh greens highly recommended conditions will allow grazing rotation reduce incidence diseases feeder drinker requirement intensive method few,"However, as from the ages of 8-10 weeks rearing guinea fowls on free range
may be combined with confinement if the birds are pinioned or wind clipped.
Two fenced range or pasture areas on either side of the fixed building with
tender and fresh greens are highly recommended. The two fenced range
conditions will allow pasture grazing rotation and reduce the incidence of
diseases. Feeder and Drinker Requirement
In intensive method of production, few hours (2-3hrs) before the newly
hatched keets are received on the farm, feed should be placed on pieces of
paper or flat trays, while drinkers should be placed around to get the birds
familiar with them. The drinkers should be filled with clean cool water, and
positioned about 1m from the wall but away from sources of heat. Coloured
feeders and drinkers are preferred. Red colour is favoured because it attracts
the keets. Drinking spaces of 1cm, 1.5cm - 3.0cm and 3.0-5cm per bird should
be allowed for the first 4 weeks, 5-12 weeks and 12-16 weeks old respectively
Table 3.
Table 3: Feeder and Drinker Requirement/100birds
 Age (weeks) Drinker Requirement Feeder Requirement",The Production of Guinea Fowl in Nigeria,https://naerls.gov.ng/wp-content/uploads/2022/11/The-Production-of-Guinea-Fowl-in-Nigeria.pdf,21,official_naerls_bulletin
naerls_0525,livestock_fisheries_or_specialty_crop,The Production of Guinea Fowl in Nigeria,production guinea fowl nigeria health care management generally believed fowls resistant parasitic infestations than domestic chickens however high stocking density large intensive farms there could occasions when ailing noticed farm often nothing serious chance therefore important able recognize general specific symptoms develop stockman eye which,"HEALTH CARE AND MANAGEMENT
It is generally believed that guinea fowls are more resistant to parasitic
infestations than the domestic chickens. However, with high stocking density,
on large intensive farms, there could be occasions when ailing guinea fowls
are noticed on the farm. Often, it is nothing serious, but there is the chance that
it could be. It is therefore important to be able to recognize general and
specific symptoms and develop the ‘stockman’s eye’ which will help spot any
unusual behaviour in the birds at an early stage.
 The major parasites that have been reported infecting guinea fowls in
Nigeria are such like Heterakis spp and Ascaridia galli while Eimeria spp are
the most important gastro intestinal protozoan parasites. It is also known that
A. galli, Heterakis spp and Eimeria spp are responsible for deaths especially
among the young ones. The practice in most farms, with considerable success
had been to treat guinea fowls with the same drugs as those recommended for
the treatment of other poultry, particularly chickens. However, in Nigeria, no
viral disease has been incriminated in local guinea fowls.
 In guinea fowl, like other domestic birds, prevention is obviously
better than cure and you can avoid diseases a great deal by good sanitary
conditions. This can be attained by the following health management
practices.",The Production of Guinea Fowl in Nigeria,https://naerls.gov.ng/wp-content/uploads/2022/11/The-Production-of-Guinea-Fowl-in-Nigeria.pdf,22,official_naerls_bulletin
naerls_0526,livestock_fisheries_or_specialty_crop,The Production of Guinea Fowl in Nigeria,production guinea fowl nigeria adequate feeding issue balanced diet cannot over emphasized themanagement fowls they should allowed access fresh clean water all times pastures principle rotational grazing applied avoid greens action against lice mites other pests houses perches nest boxes regular dusting powder control infestation,"b) Adequate Feeding
The issue of a balanced diet cannot be over emphasized in themanagement of
guinea fowls. They should be allowed access to fresh, clean water at all times.
For guinea fowls on pastures, the principle of rotational grazing should be
applied to avoid over grazing and access to fresh greens. c) Action Against Lice, Mites and Other Pests
Houses, perches and nest boxes should have regular dusting with powder to
control infestation. Treat the birds and pay particular attention to the areas
under the wings, at the back of the head and around the vent. (Figure 13). Also, sick and decaying dead bodies should be removed as
soon as they are observed while veterinary attention should immediately be
drawn to any disease condition.",The Production of Guinea Fowl in Nigeria,https://naerls.gov.ng/wp-content/uploads/2022/11/The-Production-of-Guinea-Fowl-in-Nigeria.pdf,23,official_naerls_bulletin
naerls_0527,livestock_fisheries_or_specialty_crop,The Production of Guinea Fowl in Nigeria,production guinea fowl nigeria meat processing utilization work nutritional value revealed eggs fowls tastier than chickens known contained higher levels protein some minerals exotic however farm table carcass needs involves steps like slaughtering scalding feather picking evisceration cutting earmarked slaughter should deprived feed period hours,"MEAT PROCESSING AND UTILIZATION
 Work on the nutritional value has revealed that the meat and eggs of
guinea fowls are tastier than those of chickens. It is also known that the meat
contained higher levels of protein and some minerals than those of exotic
chickens. However, from the farm to the table, the guinea fowl carcass needs
to go through processing. This involves steps like slaughtering, scalding or
feather picking, evisceration and meat cutting. Slaughtering
 Guinea fowls that are earmarked for slaughter should be deprived of
feed for a period of 24 hours, but clean cool water should be given. This is to
ensure easiness of cleaning during evisceration. To slaughter; severe the
jugular vein by the neck to ensure thorough bleeding. Severing of the neck by
cutting should be by the use of a sharp knife and should be done quickly to
avoid unnecessary suffering by the bird. (Figure 15):",The Production of Guinea Fowl in Nigeria,https://naerls.gov.ng/wp-content/uploads/2022/11/The-Production-of-Guinea-Fowl-in-Nigeria.pdf,24,official_naerls_bulletin
naerls_0528,livestock_fisheries_or_specialty_crop,The Production of Guinea Fowl in Nigeria,production guinea fowl nigeria scalding dry picking feathers removed which actually done dipping slaughtered bird bowl hot water soon confirmed dead before carcass gets cold takes period minutes easy removal picked successfully mouth severed first ensure good bleeding knife then thrust groove roof brain when,"Scalding/Dry Picking
Guinea fowl feathers can be removed by scalding which actually is done by
dipping the slaughtered bird into a bowl of hot water as soon as the bird is
confirmed dead but before the carcass gets cold. This takes a period of about
6-12 minutes for easy removal of the feathers. The feathers can also be dry
picked. To do this successfully, the mouth of the bird is severed first to ensure
good bleeding, and the knife is then thrust through the groove in the roof of the
mouth into the brain. When the brain is pierced, the feathers are loosened by a
convulsive movement of the muscles, this makes them easier to pick. (Fig. 16)",The Production of Guinea Fowl in Nigeria,https://naerls.gov.ng/wp-content/uploads/2022/11/The-Production-of-Guinea-Fowl-in-Nigeria.pdf,25,official_naerls_bulletin
naerls_0529,livestock_fisheries_or_specialty_crop,The Production of Guinea Fowl in Nigeria,production guinea fowl nigeria evisceration removal gut content scalding process cutting open neck muscles close body leaving flap skin hole which crop removed along gizzard lungs heart liver rear carcass intestines thereafter out cut going processes indicated above next step pieces meat family achieved first,"Evisceration
 This is the removal of the gut content of guinea fowl after scalding.
The process is by cutting open the neck muscles close to the body leaving a flap
of skin to close the hole through which the crop is removed along with gizzard,
lungs, heart and liver through the rear of the carcass. The intestines can
thereafter be removed out of the body. Carcass Cut and Use
 After going through the processes indicated above, the next step is
cutting the carcass into pieces of meat for family use. This is achieved by first
removing the leg sinews and drawing them out from the entire limb. Then cut
out the legs off from below the knee joint. The wings and head could be
removed from the body. Finally, the carcass is pieced into standard meat cuts
(Figure 17).",The Production of Guinea Fowl in Nigeria,https://naerls.gov.ng/wp-content/uploads/2022/11/The-Production-of-Guinea-Fowl-in-Nigeria.pdf,26,official_naerls_bulletin
naerls_0530,livestock_fisheries_or_specialty_crop,The Production of Guinea Fowl in Nigeria,production guinea fowl nigeria these meat cuts then converted different food dishes frying roasting boiling stew soup regarded delicacies particularly respect gummy flavour taste marketing there organized market farmers sell birds needs arise household times urgent petty cash channel such middle men pick farm gates,"These meat cuts can then be converted into different food dishes by
frying, roasting or boiling in stew and soup. These are regarded as delicacies,
particularly with respect to the gummy flavour and taste of guinea fowl meat. MARKETING
 There is no organized guinea fowl market in Nigeria. Farmers sell
their birds as the needs arise in the household particularly in times of urgent
petty-cash needs. The market channel is such that the middle men pick up the
birds at the farm gates, sell to retailers from where it gets to the consumers.
Sales of such birds by hawkers along major high ways is common. Also sales
of dressed roasted whole guinea fowls by road sides in urban centres are
common place in the northern part of the country.",The Production of Guinea Fowl in Nigeria,https://naerls.gov.ng/wp-content/uploads/2022/11/The-Production-of-Guinea-Fowl-in-Nigeria.pdf,27,official_naerls_bulletin
naerls_0531,livestock_fisheries_or_specialty_crop,The Production of Guinea Fowl in Nigeria,production guinea fowl nigeria summary start farm good foundation stock purchased reliable local farmers grey breasted helmet variety well adapted recommended house should situated properly drained area free flow air rat snake proofed noiseless environment avoid any situation causes panic especially during brooding ensure provision,"SUMMARY
· Start guinea fowl farm with good foundation stock purchased from
good and reliable local farmers.
· The grey breasted helmet guinea fowl variety is well adapted in
Nigeria and it is recommended.
· The guinea fowl house should be situated in properly drained area with
free flow of air. The house also should be rat and snake proofed, and in a
noiseless environment. Avoid any situation that causes panic especially
during brooding.
· Ensure provision of adequate balanced diet and clean water at all
times.
· Keep one male to between 4 – 6 guinea fowl hens.
· Ensure a very clean environment around and inside the guinea fowl
house and remove all decaying bodies.
· Keep good farm record for easy assessment of farm operations.",The Production of Guinea Fowl in Nigeria,https://naerls.gov.ng/wp-content/uploads/2022/11/The-Production-of-Guinea-Fowl-in-Nigeria.pdf,28,official_naerls_bulletin
naerls_0532,livestock_fisheries_or_specialty_crop,The Production of Guinea Fowl in Nigeria,production guinea fowl nigeria ayeni oyedipe protein abundance paper presented national conf farm food deficiency sufficiency river state university science technology port harcourt aire olomu eds helmet proc knowledge workshop grey breasted klri new busa okaeme ayorinde general guideline management meat published kainji lake research,"Ayeni, J.S.O. and Oyedipe, F.P.A. (1981). Protein abundance through guinea
 fowl production. Paper presented at National Conf. On “farm food
 deficiency to food sufficiency, River State University of Science and
 Technology, Port Harcourt.
Ayeni, J.S.O, Aire, T.A. and Olomu, J.M (Eds) – 1983; The helmet guinea
 fowl in Nigeria. Proc. Of Conf. On State of Knowledge Workshop on
 the Grey Breasted Helmet Guinea Fowl at KLRI – New Busa.
Okaeme, A.N, Ayorinde, K.L and Ayeni, J.S.O. (1986). A general guideline on
 guinea fowl management for meat production published by Kainji
 Lake Research Institute New Busa.
Thear, K and Alistair Fraser Eds. (1986): The complete book of raising
 livestock and poultry – A self sufficiency guide. Publ. By University
 Services Ltd. Educational Publishers P.M.B. 1038 Lagos
U.S Dept of Agric. (1976) Raising guinea fowl. Printed by Govt. Printing
 Office Washington D.C.",The Production of Guinea Fowl in Nigeria,https://naerls.gov.ng/wp-content/uploads/2022/11/The-Production-of-Guinea-Fowl-in-Nigeria.pdf,29,official_naerls_bulletin
naerls_0533,livestock_fisheries_or_specialty_crop,Bull and Ram Fattening,bull ram fattening writing bulletin could possible without materials largely drawn research work national animal production institute napri department science all ahmadu bello university zaria nigeria acknowledge information small holder scheme project organized level traditional producers livestock nlpd kaduna,"The writing of this bulletin on Bull and Ram Fattening could not have been
possible without materials largely drawn from research work at the National
Animal Production Research Institute (NAPRI) and the Department of
Animal Science, all of Ahmadu Bello University, Zaria, Nigeria. I also acknowledge the use of information from the Small Holder Fattening
Scheme a project that was organized at the level of the traditional producers by
the National Livestock Project Department (NLPD).Kaduna, Nigeria.",Bull and Ram Fattening,https://naerls.gov.ng/wp-content/uploads/2022/11/Bull-and-Ram-Fattening.pdf,2,official_naerls_bulletin
naerls_0534,livestock_fisheries_or_specialty_crop,Bull and Ram Fattening,bull ram fattening acknowledgement table contents introduction capital housing accommodation equipment selection purchase animals castration quarantine water feed handling ration options marketing weight profit motive record keeping management skill maintaining sound flock fattener bibliograpy,"Acknowledgement …………………………………… i
Table of Contents …………………………………… ii
Introduction ………………………………………… 1
Capital ……………………………………………..... 2
Housing and Accommodation ………… ………….. 2
Equipment …………………………………………… 3
Selection and Purchase of Animals …………………… 4
Castration …………………………………………… 5
Quarantine for Animals ……………………………… 6
Water ……………………………………………… 8
Feed-Handling ……………………………………… 8
Ration Options……………………………………… 9
Marketing Weight …………………………………... 13
Profit Motive ………………………………………... 14
Record-Keeping ………………………………….… 14
Management Skill …………………………………… 15
Maintaining a sound flock of fattener animals ……....... 15
Bibliograpy ………………………………………..... 17",Bull and Ram Fattening,https://naerls.gov.ng/wp-content/uploads/2022/11/Bull-and-Ram-Fattening.pdf,3,official_naerls_bulletin
naerls_0535,livestock_fisheries_or_specialty_crop,Bull and Ram Fattening,bull ram fattening introduction modification intensive system animal production bulls rams feedlot one best options increasing protein supply meat cattle sheep even goats nigeria almost entirely extensive low input traditional method domestic results productivity due fact animals receive bulk nutrition overgrazed ranges which poor quality,"INTRODUCTION
As a modification of an intensive system of animal production, fattening of
bulls and rams in a feedlot is one of the best options of increasing animal
protein supply. Meat production from cattle and sheep and even goats in
Nigeria is almost entirely extensive with low input. This traditional method of
domestic meat animal production results in low productivity due to the fact
that animals receive the bulk of their nutrition from overgrazed ranges which
are poor in quality. Furthermore the size of such ranges is declining due to
their use for industries including new agricultural development projects
devoted to especially crop production. The traditional system of meat animal
production cannot thus be expected to meet the future demand for beef and
mutton in particular and animal protein in general. As an economic way of
feeding young cattle and sheep whereby the yield of edible carcass is increased
by 30-40 percent during a short period fattening offers a rapid means for
enhancing productivity. Thus fattening has a role to play in a situation where
range cattle are so under-nourished that a short period on high level of nutrition
is necessary to increase their productivity and to prepare them for market. The
feedlot system therefore is complimentary to the existing system of raising
animals on range and not one of substitution of a new technology for an
existing one. The aim of this bulletin is to discuss bull and ram fattening using
feeding and management options that can be applied at the level of large and
small scale producers. Discussion will focus on capital, housing and
accommodation, purchase of animals, feeds and feeding.",Bull and Ram Fattening,https://naerls.gov.ng/wp-content/uploads/2022/11/Bull-and-Ram-Fattening.pdf,4,official_naerls_bulletin
naerls_0536,livestock_fisheries_or_specialty_crop,Bull and Ram Fattening,bull ram fattening capital meant money which start business such should available purchase animals construction buildings structures handling equipment provision feeds hiring labour loaned banks friends operator project cannot produce himself typical without shown figure fattener bulls accommodated fenced feedlot roof fence built strong wooden,"CAPITAL
 By capital is meant money with which to start the business of fattening.
Such money should be available for purchase of animals and construction of
buildings or structures for handling of animals; for purchase of equipment and
provision of feeds and for hiring labour. Money can be loaned from banks or
friends if the operator of a fattening project cannot produce it himself. A typical bull without fattening is shown in Figure 1
Fattener bulls should be accommodated in a fenced feedlot without roof. The
fence should be built with strong wooden or iron poles. Ideally each bull
should be allowed a space of 25.6cm and feeding space of 2.53m. The
 2",Bull and Ram Fattening,https://naerls.gov.ng/wp-content/uploads/2022/11/Bull-and-Ram-Fattening.pdf,5,official_naerls_bulletin
naerls_0537,livestock_fisheries_or_specialty_crop,Bull and Ram Fattening,bull ram fattening feedlot should divided pens depending number animals example designed contain could partitioned six equal equally distributed inexpensive accommodation three bulls similar one farmers small holder scheme organized national livestock project department built fairly,"feedlot should be divided into pens depending on the number of animals. For
example, a feedlot designed to contain 300 animals could be partitioned into
six (6) equal pens with the animals equally distributed in the pens. An
inexpensive accommodation for three (3) bulls similar to the one used by
farmers under the Small Holder Fattening Scheme organized by the National
Livestock Project Department can be built with a fairly",Bull and Ram Fattening,https://naerls.gov.ng/wp-content/uploads/2022/11/Bull-and-Ram-Fattening.pdf,5,official_naerls_bulletin
naerls_0538,livestock_fisheries_or_specialty_crop,Bull and Ram Fattening,bull ram fattening strong wire gauze wooden poles within farmer premises bulls fed concentrate morning evening grazing scheme designed introduce farmers small scale large animals enterprise develop appropriate techniques similar accommodation few rams bucks fattened sallah christmas take approximate design these managed around homestead figure,"strong wire gauze and strong wooden poles within a farmer’s premises In it
the bulls are fed concentrate in the morning and evening with grazing in
between. The scheme was designed to introduce farmers to small scale
fattening of large animals as an enterprise and to develop appropriate fattening
techniques. Similar accommodation for a few rams and bucks fattened for
Sallah or Christmas take approximate design as these animals are managed
and fed around homestead.
(b) Rams: Figure 2 shows a typical ram before fattening
Construct simple and inexpensive housing for your fattener animal. Housing
could be made of mud bricks or cement blocks with plenty of ventilation.
Corrugated iron sheet or thatch could be used for roofing the house can be in
the shape of a poultry type, divided into pens with space allowance of 1m per
 2",Bull and Ram Fattening,https://naerls.gov.ng/wp-content/uploads/2022/11/Bull-and-Ram-Fattening.pdf,6,official_naerls_bulletin
naerls_0539,livestock_fisheries_or_specialty_crop,Bull and Ram Fattening,bull ram fattening equipment you need simple your operation they include troughs feed water hay racks construct cut half drum cannot easily damaged strong plastics metal buckets basins feeding watering fatteners figure large scale feeders waterers made concrete since last much longer than drums feedlot,"EQUIPMENT
 You need simple equipment for your fattening operation and they
include troughs for feed and water, and hay racks. Construct the water and
feed troughs from cut half drum as they cannot be easily damaged; strong
plastics and metal buckets or basins can be used for feeding and watering
fatteners (Figure 3). In a large scale fattening operation, feeders and waterers
can be made of concrete since they last much longer than cut drums and
buckets. A feedlot designed to turn out about 300 animals per period must
necessarily need concrete feeders and waterers. Other equipment needed for
such large enterprise include:
 - spray race or dip for routine spraying or dipping
 of animals against external parasites.
 - weighing bridge (for bulls) or other weighing of animals
 during sales as the need arises.
 - A loading and unloading area especially for bulls.
 - A treatment crush.
 - An overhead water tank
 - An office
 - Stores for feeds
 - A quarantine which should be removed to some distance from
 the feedlot Strong plastic basin.",Bull and Ram Fattening,https://naerls.gov.ng/wp-content/uploads/2022/11/Bull-and-Ram-Fattening.pdf,7,official_naerls_bulletin
naerls_0540,livestock_fisheries_or_specialty_crop,Bull and Ram Fattening,bull ram fattening selection purchase animals bulls rams selected feedlot should lean healthy because they less expensive reason physical appearance capable responding fast good feeding within fasting period well make returns better than fed time such principally lay down marbling palatable fat found intra intramuscular,"SELECTION AND PURCHASE OF ANIMALS
Bulls and rams selected for feedlot should be lean and healthy. This is because
they are less expensive for reason of their physical appearance and are capable
of responding fast to good feeding within the fasting period as well as make
good returns better than animals that are well fed at purchase time. Such lean
animals principally lay down more of marbling (palatable) fat found within
intra and intramuscular areas than
sebaceous fat which no one wants. Breeds of bulls. Rams and bucks adapted
to an ecological zone should be preferred for fattening.
 Purchase of fattener animals especially for large scale operation should
be at terminal markets, preferably during the middle of dry season, when feed
is scarce and farmers are willing to let go their animals for lack of feeds.
 A fattening programme involves finishing young animals in a
restricted area where feed and water can be provided. Age range for fattener
bulls should be between 2 to 2 / years or 180-200kg weight. Rams for
 1
 2",Bull and Ram Fattening,https://naerls.gov.ng/wp-content/uploads/2022/11/Bull-and-Ram-Fattening.pdf,8,official_naerls_bulletin
naerls_0541,livestock_fisheries_or_specialty_crop,Bull and Ram Fattening,bull ram fattening large indigenous breeds namely balami uda yankassa small dwarf forest zone castration young bulls may castrated nigeria lambs bucks should within three months birth such animals look smoother bigger rams religious festivals need forbidden united states america,"the large indigenous breeds (namely Balami, Uda and Yankassa) and 16 to
20kg for the small or dwarf breeds of the forest zone.
CASTRATION
 Young bulls for fattening may or may not be castrated in Nigeria. But
ram lambs and young bucks for fattening should be castrated within three (3)
months of birth. Such animals on fattening look smoother and bigger. Rams
for religious festivals need not be castrated for it is forbidden. In the United
States of America,",Bull and Ram Fattening,https://naerls.gov.ng/wp-content/uploads/2022/11/Bull-and-Ram-Fattening.pdf,8,official_naerls_bulletin
naerls_0542,livestock_fisheries_or_specialty_crop,Bull and Ram Fattening,bull ram fattening steers castrated young bulls preferred feedlot while united kingdom uncasturated because faster growth rate they said better feed conversion efficiency heavier carcass trunk slaughtered animal without head limbs offal quarantine animals newly purchased fattener should guarantined days during which given prophylactic treatment,"steers (castrated young bulls) are preferred for feedlot while in the United
Kingdom, young uncasturated bulls are preferred because of their faster
growth rate, they are said to have better feed conversion efficiency and heavier
carcass (trunk of slaughtered animal without head, Limbs or offal). Quarantine For Animals:
 Newly purchased fattener animals should be guarantined for about 30
days during which they are given prophylactic treatment with coccidiostat and
antihelmintics. The animals also should be dipped or sprayed against ticks
and other ectoparasites. In both castration and dipping, a veterinarian should
be consulted.
FEEDS AND FEEDING
 Feeds for feedlot animals include roughages, concentrates, water,
minerals and vitamin premix since ruminants including bulls and rams utilize
roughages to a large extent in meeting their nutrient requirements. Sources of
roughages include grass and legume hays, cereal crop residues, corn cobs,
sugar cane baggasse etc.
 Under this feed regime about 3 bulls can be fattened under the Small
Holder Fattening Scheme. Fattener bulls are fed one of the following
concentrate ration options. (Table 1), plus grazing or hay.",Bull and Ram Fattening,https://naerls.gov.ng/wp-content/uploads/2022/11/Bull-and-Ram-Fattening.pdf,9,official_naerls_bulletin
naerls_0543,livestock_fisheries_or_specialty_crop,Bull and Ram Fattening,bull ram fattening fattener bulls fed any rations above should ready market within days groundnut cake very high protein energy reason expensive farmers must exercise care feed animals accurately concentrate wasted wheat bran molasses mixed together offered each animal half morning evening legume hay available,"Fattener bulls fed any of the rations above should be ready for market within
120 days. Groundnut cake is very high in protein and energy and for this
reason is expensive. Farmers must exercise care to feed their animals
accurately so that the concentrate is not wasted. Groundnut cake, wheat bran
and molasses must be fed mixed together and offered to each animal half in the
morning and half in the evening.
 If legume hay is available enough to replace grass hay or grazing, it
should be fed at the rate of 2.3kg per animal per day.
 Ram and bucks for fattening can be fed 1 / kg legume hay only per head
 1
 2",Bull and Ram Fattening,https://naerls.gov.ng/wp-content/uploads/2022/11/Bull-and-Ram-Fattening.pdf,10,official_naerls_bulletin
naerls_0544,livestock_fisheries_or_specialty_crop,Bull and Ram Fattening,bull ram fattening fed morning evening when available rams bucks fatten well concentrate mixtures ration options mentioned later write mixing feed animals concentrates such cereals oilseed cakes minerals vitamin premix sources fattener because energy supply roughages usually insufficient feedlot feeding becomes necessary concentrated roughage ratio,"fed in the morning and evening. When this is not available, rams or bucks can
fatten well on concentrate mixtures under ration options mentioned later in
this write-up. Mixing feed for animals
 Concentrates such as cereals, oilseed cakes, minerals and vitamin
premix are sources of feed for fattener animals. Because energy supply from
roughages is usually insufficient for feedlot animals, the feeding of
concentrates becomes necessary. A concentrated to roughage ratio of 40:60 is
recommended for fattening; a ratio of 60:40 is more qualitative. A fattener
bull receiving about 6.5kg feed daily will be ready for market in about 90
days.
 Large scale fattening operation has always involved the use of maize
or guinea corn as a major source of energy. However these cereal grains are
staple food for man; it is unusual for maize or guinea corn to be used as
ruminant animal feed except in very restricted quantities. For this reason
recent investigations into development of rations for feedlot animals has
tended to eliminate the use of maize or guinea corn as can be seen from some of
the ration options shown later in this write-up.",Bull and Ram Fattening,https://naerls.gov.ng/wp-content/uploads/2022/11/Bull-and-Ram-Fattening.pdf,11,official_naerls_bulletin
naerls_0545,livestock_fisheries_or_specialty_crop,Bull and Ram Fattening,bull ram fattening water regular supply clean cool drinking important because role digesting food absorption transportation nutrients body animal should given free choice feedlot animals requires less than liters buck per day especially during dry season feed handling feeds would properly handled order avoid wastage,"WATER
 Regular supply of clean and cool drinking water is important because
of the role of water in the digesting of food, absorption and transportation of
nutrients in the body of the animal. Water should be given free choice to
feedlot animals. A bull requires not less than 100 liters and ram or buck not
less than 20 liters of water per day, especially during dry season. FEED HANDLING
 Feeds would be properly handled in order to avoid wastage. Hay
should be stored in barns as soon as it is purchased or produced to avoid
unnecessary exposure to heat and rain to discourage fermentation.
Concentrates also should be properly handled and stored to eschew termite and
rodents attack. Poor feed handling reduces the nutritive value of feed.",Bull and Ram Fattening,https://naerls.gov.ng/wp-content/uploads/2022/11/Bull-and-Ram-Fattening.pdf,15,official_naerls_bulletin
naerls_0546,livestock_fisheries_or_specialty_crop,Bull and Ram Fattening,bull ram fattening cottonseed cake wheat offal salt lick block hay free choice molasses grazing iii bran groundnut corn maize bonemeal premix vii palm kernel meal viii molesses,"I Cottonseed cake 2.0
 Wheat Offal 1.0
 Salt lick 1 block
 Hay Free choice (3.3kg)
 Ii Cottonseed cake 2.0
 Molasses 1.5
 Grazing or Hay Free choice
 Salt lick 1 block
 Iii Wheat bran 3.0
 Molasses 1.0
 Hay or Grazing Free choice
 Salt lick 1 block
 Iv Groundnut cake 0.5
 Molasses 1.5
 Wheat Offal/bran 1.0
 Hay Free choice
 V Groundnut cake 0.5
 Cottonseed cake 0.66
 Wheat offal 1.0
 Hay Free choice
 Vi Corn (Maize) 12.67
 Cottonseed cake 14.83
 Molasses 10.0
 Bonemeal 1.75
 Salt 0.50
 Premix 0.25
 Hay Free choice
 Vii Maize 48.18
 Palm Kernel Meal 44.52
 Bonemeal 1.55
 Molasses 10.0
 Salt 0.5
 Premix 0.25
 Hay Free choice
 Viii Maize 22.08
 Palm Kernel Meal 66.26
 Molesses 10.00
 Bonemeal 0.91
 Salt 0.50
 Premix 0.25",Bull and Ram Fattening,https://naerls.gov.ng/wp-content/uploads/2022/11/Bull-and-Ram-Fattening.pdf,16,official_naerls_bulletin
naerls_0547,livestock_fisheries_or_specialty_crop,Bull and Ram Fattening,bull ram fattening feed quantity wheat offal cottonseed cake molasses bdg bonemeal premix maize bdc iii calculation ration components feeding farmer intends mix concentrate which contain should assume each component included percentages shown thus parts total all mixed together clean cement floor mat similar materia,"FEED QUANTITY (%)
 i Wheat offal 47
 Cottonseed cake 20
 Molasses 20
 BDG 10
 Bonemeal 1.5
 Premix 1.0
 ii Maize 25
 Cottonseed cake 25
 Wheat Offal 30
 BDC 20%
 iii Wheat offal 40
 Cottonseed cake 25
 BDC 25
 Molasses 10 Calculation of Ration Components and Feeding:
 If a farmer intends to mix 100kg of concentrate feed which is to
contain:-
 Wheat offal 40%
 Cottonseed cake 25%
 BDG 35%
 Molasses 10%
He should assume that the quantity of each component to be included are
by the percentages shown thus:
Wheat offal (40%) = 40 parts or 40kg
Cottonseed cake (25%) = 25 Parts or 25kg
B D G (35%) = 35 parts or 25kg Molasses (10%)
 = 10 parts or 10kg ——————
 Total 100kg
 ——————
All the components should be mixed together on a clean cement floor or mat or
similar materia0l. The mixture should be",Bull and Ram Fattening,https://naerls.gov.ng/wp-content/uploads/2022/11/Bull-and-Ram-Fattening.pdf,17,official_naerls_bulletin
naerls_0548,livestock_fisheries_or_specialty_crop,Bull and Ram Fattening,bull ram fattening bagged stored fed necessary animal should receive body weight terms daily feed requirement example taken ration concentrate roughage calculated based above range percentage depending ability consume heavy eaters quantity upwards animals thus will now ratio discussed earlier calculate follows sum,"bagged, stored and fed as necessary. An animal should receive between 2.5%
to 3.0% of its body weight in terms of its daily feed requirement. For example,
if a bull is taken for fattening at 200kg body weight, its daily ration of
concentrate and roughage should be calculated based on the above range of
percentage depending on the ability of the animal to consume feed. For heavy
eaters, the quantity of feed should be calculated upwards to 3.0% of the
animals body weight. Thus based on 3.0% of body weight, the quantity of
ration for a 200kg bull will be calculated thus:- 3.0 200
 ______ x _______ = 6.0kg
 100 1
Now from the 40:.60 concentrate to roughage ratio discussed earlier, we can
calculate the quantity of concentrate or roughage in the 6.0kg feed as follows:-
 Sum of ration = 100",Bull and Ram Fattening,https://naerls.gov.ng/wp-content/uploads/2022/11/Bull-and-Ram-Fattening.pdf,18,official_naerls_bulletin
naerls_0549,livestock_fisheries_or_specialty_crop,Bull and Ram Fattening,bull ram fattening thus daily ration should made concentrate roughage one half fed morning another evening usual practice feed hay free choice end animal will selective feeding would consumed per day however feedlot animals usually together reason amount calculated based number such provided put accordingly,"Thus the bull’s daily ration should be made up of 2.4kg of concentrate
and 3.6kg of roughage. One half of the concentrate should be fed in the
morning and another half in the evening. The usual Practice is to feed the
roughage hay free choice so that in the end the animal will do selective feeding
and would have consumed about 3.6kg of hay per day.
 However, feedlot animals are usually fed together, and for this reason
the amount of concentrate or hay is calculated based on the number of animals
to be fed and such amount of feed is provided and put together accordingly.
MARKETING WEIGHT
 The optimal marketing weight for feedlot bulls is 300kg and for rams
is 35kg. Additional weight beyond this tends to encourage deposition of
subcutaneous fat. Dressing percentage is between 50 – 51%. Ideal careass
yield is high quality lean meat with less waste.
PROFIT MOTIVE
 Profit motive is an important driving force for any successful
fattening operation. For this and other reasons a decision should be made on
the choice of between home grown and purchased feeds for the operation. A
feedlot operator may decide in advance to partially produce his own feeds.
Generally net returns are higher in feedlots that produce their own feeds –
grain and roughage",Bull and Ram Fattening,https://naerls.gov.ng/wp-content/uploads/2022/11/Bull-and-Ram-Fattening.pdf,19,official_naerls_bulletin
naerls_0550,livestock_fisheries_or_specialty_crop,Bull and Ram Fattening,bull ram fattening record keeping one pillars good scheme gives account fatness feedlot animal enables farmer know efficiency meat production how much kilogram feed produces instance intake beef sheet should contain information date fattener animals enter leave regular weighing dates weights obtained well amount offer,".RECORD-KEEPING
Record-keeping is one of the pillars of good fattening scheme. A fattening
record gives account of the fatness of feedlot animal. It also enables the
farmer to know the efficiency of meat production, i.e. how much kilogram of
feed produces a kilogram of meat. For instance, 6.5kg feed intake gives a
kilogram of beef.
A record sheet should contain information on the date the fattener the animals
enter and leave the feedlot, the regular weighing dates and weights obtained,
as well as the amount of feed on offer. In a simple record shown in the Table
below, the feedlot operator should enter fattening data in the appropriate
column.",Bull and Ram Fattening,https://naerls.gov.ng/wp-content/uploads/2022/11/Bull-and-Ram-Fattening.pdf,19,official_naerls_bulletin
naerls_0551,livestock_fisheries_or_specialty_crop,Bull and Ram Fattening,bull ram fattening initial deed offer final remarks buck period hay conc date days fair daily managerial skill consists facility harness all inputs already discussed successful operation involves one discretion carefully ably take correct decision right time select type fattener animals set accommodation housing iii,"Bull, ram, Initial Deed on Offer (kg) Final Fattening Remarks
 Buck Wt. Wt. Period
 Hay (kg) Conc.
 Date in… (kg) Kg (days)
 (kg)
 Bull: 250 3.6 2.5 295 105 Fair
 1-3-96 daily daily MANAGERIAL SKILL
 Managerial skill consists of the facility to harness all the inputs
(already discussed) for successful fattening operation. It involves the use of
one’s discretion to carefully and ably take the correct decision at the right time
so as to:
 i Select the right type of fattener animals.
 ii Set up the right type of accommodation or housing
 iii Provide animals with good and adequate feed in store.
 iv Fatten the animals within the recommended period.
 v Provide market and also wisely dispose of fattened animals.",Bull and Ram Fattening,https://naerls.gov.ng/wp-content/uploads/2022/11/Bull-and-Ram-Fattening.pdf,20,official_naerls_bulletin
naerls_0552,livestock_fisheries_or_specialty_crop,Bull and Ram Fattening,bull ram fattening adesipe olayiwolle economic optimal marketing weight margin feedlot steers fattened high concentrate rations northern nigeria iwuanyanwu saidu sheep goats livestock poultry management training manual officer naerls abu zaria iar oau ibadan olayiwole buvazendra fuleni ikhatua intensive indigenous breeds cattle economics technology small,"Adesipe, Y.M. and Olayiwolle, M.B. (1982) Economic optimal marketing
 weight and margin for feedlot Steers fattened on high concentrate
 rations in Northern Nigeria. Iwuanyanwu, I.E.J. and S.N.A. Saidu (1989) Fattening of sheep and goats.
 In: Livestock and Poultry Management. A training Manual for
 Livestock and Poultry Officer. NAERLS/ABU, Zaria and IAR & T.
 OAU Ibadan pp. 197 – 204 Olayiwole, M.B; Buvazendra, V.; Fuleni, I.J. and Ikhatua, J.U. (1981).
 Intensive fattening of indigenous breeds of cattle in Nigeria. Olayiwole, M.B. (1986) Economics of feedlot technology for cattle. Small
 Holder Fattening Scheme (1981) Kaduna Local Government Umunna, N.N., (1986) Management and feeding of beef cattle. In:
 Livestock And Poultry Management Course. NAERLS/ABU,
 Zaria. PP. 1 - 15",Bull and Ram Fattening,https://naerls.gov.ng/wp-content/uploads/2022/11/Bull-and-Ram-Fattening.pdf,23,official_naerls_bulletin
naerls_0553,crop_disease_management,NAERLS crop disease catalogue,crop disease pest control naerls farmer knowledge base management entry name description,NAERLS Farmer Knowledge Base disease-management entry: S/N | Crop Disease Name | Disease Description,NAERLS Farmer Knowledge Base: Crop Disease Management,https://kms.naerls.gov.ng/diseasemanagment/listdiseases,,official_naerls_kms_catalogue
naerls_0554,crop_disease_management,NAERLS crop disease catalogue,crop disease pest control naerls farmer knowledge base management entry temparomosis sight weakening yellow fever,NAERLS Farmer Knowledge Base disease-management entry: 1 | Temparomosis | A sight weakening disease and yellow fever,NAERLS Farmer Knowledge Base: Crop Disease Management,https://kms.naerls.gov.ng/diseasemanagment/listdiseases,,official_naerls_kms_catalogue
naerls_0555,crop_disease_management,NAERLS crop disease catalogue,crop disease pest control naerls farmer knowledge base management entry waterkalinasis watery eyes,NAERLS Farmer Knowledge Base disease-management entry: 2 | Waterkalinasis | Watery eyes disease,NAERLS Farmer Knowledge Base: Crop Disease Management,https://kms.naerls.gov.ng/diseasemanagment/listdiseases,,official_naerls_kms_catalogue
naerls_0556,crop_disease_management,NAERLS crop disease catalogue,crop disease pest control naerls farmer knowledge base management entry janjanwuya red stem plants,NAERLS Farmer Knowledge Base disease-management entry: 4 | Janjanwuya | A disease of red stem of plants,NAERLS Farmer Knowledge Base: Crop Disease Management,https://kms.naerls.gov.ng/diseasemanagment/listdiseases,,official_naerls_kms_catalogue
naerls_0557,crop_disease_management,NAERLS crop disease catalogue,crop disease pest control naerls farmer knowledge base management entry jute mallow ewedu ayoyo corchorus olitirus foot rot wilting cultivation well drained beds wide spacing,"NAERLS Farmer Knowledge Base disease-management entry: 7 | Jute Mallow (Ewedu, Ayoyo ) Corchorus olitirus Foot rot and wilting disease | Foot rot and wilting; Control: Cultivation on a well-drained beds and wide spacing",NAERLS Farmer Knowledge Base: Crop Disease Management,https://kms.naerls.gov.ng/diseasemanagment/listdiseases,,official_naerls_kms_catalogue
naerls_0558,crop_disease_management,NAERLS crop disease catalogue,crop disease pest control naerls farmer knowledge base management entry jute mallow ewedu ayoyo corchorus olitirus black leaf spots circular spot cultivation well drained beds wide spacing,"NAERLS Farmer Knowledge Base disease-management entry: 8 | Jute Mallow (Ewedu, Ayoyo ) Corchorus olitirus Black leaf spots and circular leaf spot disease | Black leaf spots and circular leaf spot disease; Control: Cultivation on a well-drained beds and wide spacing",NAERLS Farmer Knowledge Base: Crop Disease Management,https://kms.naerls.gov.ng/diseasemanagment/listdiseases,,official_naerls_kms_catalogue
naerls_0559,crop_disease_management,NAERLS crop disease catalogue,crop disease pest control naerls farmer knowledge base management entry jute mallow ewedu ayoyo corchorus olitirus leaf deformation retarded growth rotation plant free seed,"NAERLS Farmer Knowledge Base disease-management entry: 9 | Jute Mallow (Ewedu, Ayoyo ) Corchorus olitirus Leaf deformation and retarded growth disease | Leaf deformation and retarded growth disease; Control: Crop rotation, Plant disease free seed",NAERLS Farmer Knowledge Base: Crop Disease Management,https://kms.naerls.gov.ng/diseasemanagment/listdiseases,,official_naerls_kms_catalogue
naerls_0560,crop_disease_management,NAERLS crop disease catalogue,crop disease pest control naerls farmer knowledge base management entry jute mallow ewedu ayoyo corchorus olitirus nematode galls root stunted growth avoid planting crops susceptible knot infestation least year add high organic manure soil,"NAERLS Farmer Knowledge Base disease-management entry: 10 | Jute Mallow (Ewedu, Ayoyo ) Corchorus olitirus Nematode disease | Galls on root, stunted growth; Control: Avoid planting crops susceptible to knot nematode infestation for at least a year, Add high organic manure into the soil",NAERLS Farmer Knowledge Base: Crop Disease Management,https://kms.naerls.gov.ng/diseasemanagment/listdiseases,,official_naerls_kms_catalogue
naerls_0561,crop_disease_management,NAERLS crop disease catalogue,crop disease pest control naerls farmer knowledge base management entry powdery mildewm white growth flower fruit leaf young stem,"NAERLS Farmer Knowledge Base disease-management entry: 11 | Powdery mildewM | White powdery growth on flower, fruit, leaf, young stem,",NAERLS Farmer Knowledge Base: Crop Disease Management,https://kms.naerls.gov.ng/diseasemanagment/listdiseases,,official_naerls_kms_catalogue
naerls_0562,crop_disease_management,NAERLS crop disease catalogue,crop disease pest control naerls farmer knowledge base management entry anthracnose diseasem brown deep spots leaf surface become blighted burn ruptured leave short hole same symptoms appear flower other parts,"NAERLS Farmer Knowledge Base disease-management entry: 12 | Anthracnose diseaseM | a. brown to deep brown spots on leaf surface , spots become blighted/burn and ruptured and leave a short hole b. same symptoms can appear on flower an other parts",NAERLS Farmer Knowledge Base: Crop Disease Management,https://kms.naerls.gov.ng/diseasemanagment/listdiseases,,official_naerls_kms_catalogue
naerls_0563,crop_disease_management,NAERLS crop disease catalogue,crop disease pest control naerls farmer knowledge base management entry sooty mould black mildewm common whrere honey dew sugary substance secreting insects velvet thin membraneous covering leaves stems fruits affected curl shrivels dry condition,"NAERLS Farmer Knowledge Base disease-management entry: 14 | Sooty Mould or Black MildewM | a. it is common whrere honey dew or sugary substance secreting insects are b. black velvet thin membraneous covering on leaves, stems and fruits c. affected leaves curl and shrivels in dry condition",NAERLS Farmer Knowledge Base: Crop Disease Management,https://kms.naerls.gov.ng/diseasemanagment/listdiseases,,official_naerls_kms_catalogue
naerls_0564,crop_disease_management,NAERLS crop disease catalogue,crop disease pest control naerls farmer knowledge base management entry scabm prevalent nursery seedlings young plant blotches bark stem spots mango fruit lesions form part rainy season aid,NAERLS Farmer Knowledge Base disease-management entry: 15 | ScabM | a. prevalent in nursery on seedlings and young plant b. blotches on the bark of stem c. spots on the mango fruit d. lesions are also form on plant part e. rainy season aid disease,NAERLS Farmer Knowledge Base: Crop Disease Management,https://kms.naerls.gov.ng/diseasemanagment/listdiseases,,official_naerls_kms_catalogue
naerls_0565,crop_disease_management,NAERLS crop disease catalogue,crop disease pest control naerls farmer knowledge base management entry black bandedm velvet fungal growth veins leave twigs branches infected parts banded appearance,"NAERLS Farmer Knowledge Base disease-management entry: 16 | Black bandedM | a. black velvet fungal growth on veins of leave, twigs and branches b. infected parts have black banded appearance",NAERLS Farmer Knowledge Base: Crop Disease Management,https://kms.naerls.gov.ng/diseasemanagment/listdiseases,,official_naerls_kms_catalogue
naerls_0566,crop_disease_management,NAERLS crop disease catalogue,crop disease pest control naerls farmer knowledge base management entry pink thread blight rubellosis cobweb internal tissue infected plant becomes coloured white felty fungal twigs branch crotches fungi grow round stem barks get shredded wood exposed shoot branches wilt dry,"NAERLS Farmer Knowledge Base disease-management entry: 17 | Pink disease or Thread blight or rubellosis 0r cobweb disease | a. internal tissue of infected plant becomes pink coloured b. white, felty fungal thread on twigs and branch crotches c. fungi grow round the stem d. infected barks get shredded and wood exposed e. shoot and branches wilt and dry",NAERLS Farmer Knowledge Base: Crop Disease Management,https://kms.naerls.gov.ng/diseasemanagment/listdiseases,,official_naerls_kms_catalogue
naerls_0567,crop_disease_management,NAERLS crop disease catalogue,crop disease pest control naerls farmer knowledge base management entry alternaria spotm small brownish circular spots leavesand fruits black patches twigs round spot occurs evenly lamina,"NAERLS Farmer Knowledge Base disease-management entry: 18 | Alternaria spotM | a. small, brownish circular spots on leavesand fruits and as black patches on twigs b. round black spot occurs evenly on lamina",NAERLS Farmer Knowledge Base: Crop Disease Management,https://kms.naerls.gov.ng/diseasemanagment/listdiseases,,official_naerls_kms_catalogue
naerls_0568,crop_disease_management,NAERLS crop disease catalogue,crop disease pest control naerls farmer knowledge base management entry root rot damping offm sudden seedling leave drop emergence collapse die prevalent during prolong rainy humid period,NAERLS Farmer Knowledge Base disease-management entry: 19 | Root rot and damping offM | a. sudden seedling leave drop after emergence b. seedling collapse and die c. prevalent during prolong rainy and humid period,NAERLS Farmer Knowledge Base: Crop Disease Management,https://kms.naerls.gov.ng/diseasemanagment/listdiseases,,official_naerls_kms_catalogue
naerls_0569,crop_disease_management,NAERLS crop disease catalogue,crop disease pest control naerls farmer knowledge base management entry gummosis oozing gum surface affected bark cracks longitudinally rot completely tree dries,NAERLS Farmer Knowledge Base disease-management entry: 20 | Gummosis | a. oozing of gum on surface of affected bark b. bark cracks longitudinally c. bark rot completely and tree dries,NAERLS Farmer Knowledge Base: Crop Disease Management,https://kms.naerls.gov.ng/diseasemanagment/listdiseases,,official_naerls_kms_catalogue
naerls_0570,crop_disease_management,NAERLS crop disease catalogue,crop disease pest control naerls farmer knowledge base management entry bacterial canker diseasem initial water sosk lesion onleaves leaf stalks stem twigs branches fruits which later turn hard swollen mass,"NAERLS Farmer Knowledge Base disease-management entry: 21 | Bacterial canker diseaseM | a. Initial water sosk lesion onleaves, leaf stalks, stem, twigs, branches, fruits which later turn into CANKER (hard swollen mass)",NAERLS Farmer Knowledge Base: Crop Disease Management,https://kms.naerls.gov.ng/diseasemanagment/listdiseases,,official_naerls_kms_catalogue
naerls_0571,crop_disease_management,NAERLS crop disease catalogue,crop disease pest control naerls farmer knowledge base management entry alga red rustm rusty substances leave surface veins petioles young twigs rust later disappear leaving white creamy spot,"NAERLS Farmer Knowledge Base disease-management entry: 22 | Alga Red rustM | a. Rusty red substances on leave surface, veins, petioles, and young twigs b. Rust later disappear leaving and leave a white creamy spot.",NAERLS Farmer Knowledge Base: Crop Disease Management,https://kms.naerls.gov.ng/diseasemanagment/listdiseases,,official_naerls_kms_catalogue
naerls_0572,crop_disease_management,NAERLS crop disease catalogue,crop disease pest control naerls farmer knowledge base management entry cercospora leafspot caused sesame,NAERLS Farmer Knowledge Base disease-management entry: 25 | Cercospora leafspot | caused by Cercospora sesame,NAERLS Farmer Knowledge Base: Crop Disease Management,https://kms.naerls.gov.ng/diseasemanagment/listdiseases,,official_naerls_kms_catalogue
naerls_0573,crop_disease_management,NAERLS crop disease catalogue,crop disease pest control naerls farmer knowledge base management entry bacterial blight caused xanthomonas,NAERLS Farmer Knowledge Base disease-management entry: 27 | Bacterial blight | Caused by Xanthomonas sp.,NAERLS Farmer Knowledge Base: Crop Disease Management,https://kms.naerls.gov.ng/diseasemanagment/listdiseases,,official_naerls_kms_catalogue
naerls_0574,crop_disease_management,NAERLS crop disease catalogue,crop disease pest control naerls farmer knowledge base management entry bacterial soft rot erwinia caratovora,NAERLS Farmer Knowledge Base disease-management entry: 28 | Bacterial soft rot | Erwinia caratovora,NAERLS Farmer Knowledge Base: Crop Disease Management,https://kms.naerls.gov.ng/diseasemanagment/listdiseases,,official_naerls_kms_catalogue
naerls_0575,crop_disease_management,NAERLS crop disease catalogue,crop disease pest control naerls farmer knowledge base management entry black rot xanthomonas campestris,NAERLS Farmer Knowledge Base disease-management entry: 30 | Black rot | Xanthomonas campestris,NAERLS Farmer Knowledge Base: Crop Disease Management,https://kms.naerls.gov.ng/diseasemanagment/listdiseases,,official_naerls_kms_catalogue
naerls_0576,crop_disease_management,NAERLS crop disease catalogue,crop disease pest control naerls farmer knowledge base management entry downey mildew perenospora parasitica,NAERLS Farmer Knowledge Base disease-management entry: 32 | Downey Mildew | Perenospora parasitica,NAERLS Farmer Knowledge Base: Crop Disease Management,https://kms.naerls.gov.ng/diseasemanagment/listdiseases,,official_naerls_kms_catalogue
naerls_0577,crop_disease_management,NAERLS crop disease catalogue,crop disease pest control naerls farmer knowledge base management entry lnflorescence blight diseases iasiodiplodia tbeobroma,NAERLS Farmer Knowledge Base disease-management entry: 33 | lnflorescence blight diseases | Iasiodiplodia tbeobroma,NAERLS Farmer Knowledge Base: Crop Disease Management,https://kms.naerls.gov.ng/diseasemanagment/listdiseases,,official_naerls_kms_catalogue
naerls_0578,crop_disease_management,NAERLS crop disease catalogue,crop disease pest control naerls farmer knowledge base management entry rot developing cashew nuts theobroma aspergillus tamari penicillium citrium,NAERLS Farmer Knowledge Base disease-management entry: 34 | Rot of developing cashew nuts | . L. theobroma b. Aspergillus tamari c. penicillium citrium,NAERLS Farmer Knowledge Base: Crop Disease Management,https://kms.naerls.gov.ng/diseasemanagment/listdiseases,,official_naerls_kms_catalogue
naerls_0579,crop_disease_management,NAERLS crop disease catalogue,crop disease pest control naerls farmer knowledge base management entry rot pseudoapple gealticbuw cardidum mucus spinosus penecillium citri aspergillus ensad,NAERLS Farmer Knowledge Base disease-management entry: 35 | Rot of pseudoapple | a. Gealticbuw cardidum b) Mucus spinosus c) penecillium citri d) Aspergillus sp e) Ensad nw. sp,NAERLS Farmer Knowledge Base: Crop Disease Management,https://kms.naerls.gov.ng/diseasemanagment/listdiseases,,official_naerls_kms_catalogue
naerls_0580,crop_disease_management,NAERLS crop disease catalogue,crop disease pest control naerls farmer knowledge base management entry leaves spot cashew seedlings curyularia senegalensis,NAERLS Farmer Knowledge Base disease-management entry: 36 | Leaves spot disease of cashew seedlings | Curyularia senegalensis,NAERLS Farmer Knowledge Base: Crop Disease Management,https://kms.naerls.gov.ng/diseasemanagment/listdiseases,,official_naerls_kms_catalogue
naerls_0581,crop_disease_management,NAERLS crop disease catalogue,crop disease pest control naerls farmer knowledge base management entry leaf blight cashew pestalotia paeoniae,NAERLS Farmer Knowledge Base disease-management entry: 37 | Leaf blight of cashew | pestalotia paeoniae,NAERLS Farmer Knowledge Base: Crop Disease Management,https://kms.naerls.gov.ng/diseasemanagment/listdiseases,,official_naerls_kms_catalogue
naerls_0582,crop_disease_management,NAERLS crop disease catalogue,crop disease pest control naerls farmer knowledge base management entry root rot cashew seedlings pythium ultimum,NAERLS Farmer Knowledge Base disease-management entry: 38 | Root rot of cashew seedlings | Pythium Ultimum,NAERLS Farmer Knowledge Base: Crop Disease Management,https://kms.naerls.gov.ng/diseasemanagment/listdiseases,,official_naerls_kms_catalogue
naerls_0583,crop_disease_management,NAERLS crop disease catalogue,crop disease pest control naerls farmer knowledge base management entry storage diseases harvested nuts paecilomuyce varioti aspergillus niger iii fusarium penicillium,NAERLS Farmer Knowledge Base disease-management entry: 39 | Storage diseases of harvested nuts | paecilomuyce varioti ii) Aspergillus niger iii) Fusarium sp. iv) Penicillium sp.,NAERLS Farmer Knowledge Base: Crop Disease Management,https://kms.naerls.gov.ng/diseasemanagment/listdiseases,,official_naerls_kms_catalogue
naerls_0584,crop_disease_management,NAERLS crop disease catalogue,crop disease pest control naerls farmer knowledge base management entry african cassava mosaic acmd virus,NAERLS Farmer Knowledge Base disease-management entry: 40 | African Cassava Mosaic Disease (ACMD) | Virus,NAERLS Farmer Knowledge Base: Crop Disease Management,https://kms.naerls.gov.ng/diseasemanagment/listdiseases,,official_naerls_kms_catalogue
naerls_0585,crop_disease_management,NAERLS crop disease catalogue,crop disease pest control naerls farmer knowledge base management entry bacterial blight,NAERLS Farmer Knowledge Base disease-management entry: 41 | Bacterial Blight | Bacterial,NAERLS Farmer Knowledge Base: Crop Disease Management,https://kms.naerls.gov.ng/diseasemanagment/listdiseases,,official_naerls_kms_catalogue
naerls_0586,crop_disease_management,NAERLS crop disease catalogue,crop disease pest control naerls farmer knowledge base management entry cassava root rot diseases fungi,NAERLS Farmer Knowledge Base disease-management entry: 43 | Cassava Root Rot Diseases | Fungi,NAERLS Farmer Knowledge Base: Crop Disease Management,https://kms.naerls.gov.ng/diseasemanagment/listdiseases,,official_naerls_kms_catalogue
naerls_0587,crop_disease_management,NAERLS crop disease catalogue,crop disease pest control naerls farmer knowledge base management entry cauliflower bacterial soft rot,NAERLS Farmer Knowledge Base disease-management entry: 45 | Cauliflower Bacterial soft rot | a,NAERLS Farmer Knowledge Base: Crop Disease Management,https://kms.naerls.gov.ng/diseasemanagment/listdiseases,,official_naerls_kms_catalogue
naerls_0588,crop_disease_management,NAERLS crop disease catalogue,crop disease pest control naerls farmer knowledge base management entry cauliflower black rot,NAERLS Farmer Knowledge Base disease-management entry: 47 | Cauliflower Black rot | a,NAERLS Farmer Knowledge Base: Crop Disease Management,https://kms.naerls.gov.ng/diseasemanagment/listdiseases,,official_naerls_kms_catalogue
naerls_0589,crop_disease_management,NAERLS crop disease catalogue,crop disease pest control naerls farmer knowledge base management entry swollen shoot,NAERLS Farmer Knowledge Base disease-management entry: 53 | Swollen Shoot Disease | a,NAERLS Farmer Knowledge Base: Crop Disease Management,https://kms.naerls.gov.ng/diseasemanagment/listdiseases,,official_naerls_kms_catalogue
naerls_0590,crop_disease_management,NAERLS crop disease catalogue,crop disease pest control naerls farmer knowledge base management entry coffee bacterial blight pseudomonas syringae,NAERLS Farmer Knowledge Base disease-management entry: 57 | coffee Bacterial blight | pseudomonas syringae,NAERLS Farmer Knowledge Base: Crop Disease Management,https://kms.naerls.gov.ng/diseasemanagment/listdiseases,,official_naerls_kms_catalogue
naerls_0591,crop_disease_management,NAERLS crop disease catalogue,crop disease pest control naerls farmer knowledge base management entry cercospora leaf spot brown eye berry blotch,"NAERLS Farmer Knowledge Base disease-management entry: 58 | Cercospora leaf spot (brown eye spot, berry blotch) | a",NAERLS Farmer Knowledge Base: Crop Disease Management,https://kms.naerls.gov.ng/diseasemanagment/listdiseases,,official_naerls_kms_catalogue
naerls_0592,crop_disease_management,NAERLS crop disease catalogue,crop disease pest control naerls farmer knowledge base management entry coffee berry colletotrichum kahawae,NAERLS Farmer Knowledge Base disease-management entry: 59 | Coffee berry disease | colletotrichum kahawae,NAERLS Farmer Knowledge Base: Crop Disease Management,https://kms.naerls.gov.ng/diseasemanagment/listdiseases,,official_naerls_kms_catalogue
naerls_0593,crop_disease_management,NAERLS crop disease catalogue,crop disease pest control naerls farmer knowledge base management entry bacterial blight cotton bacteria caused,NAERLS Farmer Knowledge Base disease-management entry: 61 | Bacterial blight of cotton | bacteria caused,NAERLS Farmer Knowledge Base: Crop Disease Management,https://kms.naerls.gov.ng/diseasemanagment/listdiseases,,official_naerls_kms_catalogue
naerls_0594,crop_disease_management,NAERLS crop disease catalogue,crop disease pest control naerls farmer knowledge base management entry alternaria leaf spot ctton fungus,NAERLS Farmer Knowledge Base disease-management entry: 62 | Alternaria leaf spot of ctton | fungus,NAERLS Farmer Knowledge Base: Crop Disease Management,https://kms.naerls.gov.ng/diseasemanagment/listdiseases,,official_naerls_kms_catalogue
naerls_0595,crop_disease_management,NAERLS crop disease catalogue,crop disease pest control naerls farmer knowledge base management entry die back cotton,NAERLS Farmer Knowledge Base disease-management entry: 63 | Die-back disease of cotton | a,NAERLS Farmer Knowledge Base: Crop Disease Management,https://kms.naerls.gov.ng/diseasemanagment/listdiseases,,official_naerls_kms_catalogue
naerls_0596,crop_disease_management,NAERLS crop disease catalogue,crop disease pest control naerls farmer knowledge base management entry cercospora leaf spot cotton,NAERLS Farmer Knowledge Base disease-management entry: 64 | Cercospora leaf spot of cotton | a,NAERLS Farmer Knowledge Base: Crop Disease Management,https://kms.naerls.gov.ng/diseasemanagment/listdiseases,,official_naerls_kms_catalogue
naerls_0597,crop_disease_management,NAERLS crop disease catalogue,crop disease pest control naerls farmer knowledge base management entry coowpea leaf spot fungal,NAERLS Farmer Knowledge Base disease-management entry: 65 | coowpea Leaf spot disease | • Fungal disease,NAERLS Farmer Knowledge Base: Crop Disease Management,https://kms.naerls.gov.ng/diseasemanagment/listdiseases,,official_naerls_kms_catalogue
naerls_0598,crop_disease_management,NAERLS crop disease catalogue,crop disease pest control naerls farmer knowledge base management entry cowpea rot caused bacteria,NAERLS Farmer Knowledge Base disease-management entry: 66 | cowpea Rot | caused by bacteria,NAERLS Farmer Knowledge Base: Crop Disease Management,https://kms.naerls.gov.ng/diseasemanagment/listdiseases,,official_naerls_kms_catalogue
naerls_0599,crop_disease_management,NAERLS crop disease catalogue,crop disease pest control naerls farmer knowledge base management entry cowpea nematode caused,NAERLS Farmer Knowledge Base disease-management entry: 67 | cowpea Nematode disease | caused by nematode,NAERLS Farmer Knowledge Base: Crop Disease Management,https://kms.naerls.gov.ng/diseasemanagment/listdiseases,,official_naerls_kms_catalogue
naerls_0600,crop_disease_management,NAERLS crop disease catalogue,crop disease pest control naerls farmer knowledge base management entry cowpea damping off caused fungus,NAERLS Farmer Knowledge Base disease-management entry: 68 | cowpea Damping-off disease | • Caused by fungus,NAERLS Farmer Knowledge Base: Crop Disease Management,https://kms.naerls.gov.ng/diseasemanagment/listdiseases,,official_naerls_kms_catalogue
naerls_0601,crop_disease_management,NAERLS crop disease catalogue,crop disease pest control naerls farmer knowledge base management entry graphiola leafspot fungus,NAERLS Farmer Knowledge Base disease-management entry: 69 | Graphiola Leafspot | Fungus,NAERLS Farmer Knowledge Base: Crop Disease Management,https://kms.naerls.gov.ng/diseasemanagment/listdiseases,,official_naerls_kms_catalogue
naerls_0602,crop_disease_management,NAERLS crop disease catalogue,crop disease pest control naerls farmer knowledge base management entry diplodia fungus,NAERLS Farmer Knowledge Base disease-management entry: 71 | Diplodia disease | Fungus,NAERLS Farmer Knowledge Base: Crop Disease Management,https://kms.naerls.gov.ng/diseasemanagment/listdiseases,,official_naerls_kms_catalogue
naerls_0603,crop_disease_management,NAERLS crop disease catalogue,crop disease pest control naerls farmer knowledge base management entry angular leaf spot bacterium,NAERLS Farmer Knowledge Base disease-management entry: 73 | Angular leaf spot | Bacterium,NAERLS Farmer Knowledge Base: Crop Disease Management,https://kms.naerls.gov.ng/diseasemanagment/listdiseases,,official_naerls_kms_catalogue
naerls_0604,crop_disease_management,NAERLS crop disease catalogue,crop disease pest control naerls farmer knowledge base management entry crown root rot fungi phytophthora spp,NAERLS Farmer Knowledge Base disease-management entry: 75 | crown and root rot | Fungi (Phytophthora spp),NAERLS Farmer Knowledge Base: Crop Disease Management,https://kms.naerls.gov.ng/diseasemanagment/listdiseases,,official_naerls_kms_catalogue
naerls_0605,crop_disease_management,NAERLS crop disease catalogue,crop disease pest control naerls farmer knowledge base management entry cucumber mosaic diseases virus,NAERLS Farmer Knowledge Base disease-management entry: 77 | cucumber mosaic diseases | Virus,NAERLS Farmer Knowledge Base: Crop Disease Management,https://kms.naerls.gov.ng/diseasemanagment/listdiseases,,official_naerls_kms_catalogue
naerls_0606,crop_disease_management,NAERLS crop disease catalogue,crop disease pest control naerls farmer knowledge base management entry alternaria leaf blight fungal,NAERLS Farmer Knowledge Base disease-management entry: 78 | Alternaria Leaf Blight | Fungal,NAERLS Farmer Knowledge Base: Crop Disease Management,https://kms.naerls.gov.ng/diseasemanagment/listdiseases,,official_naerls_kms_catalogue
naerls_0607,crop_disease_management,NAERLS crop disease catalogue,crop disease pest control naerls farmer knowledge base management entry cercospora leaf blight fungi,NAERLS Farmer Knowledge Base disease-management entry: 79 | Cercospora Leaf Blight | Fungi,NAERLS Farmer Knowledge Base: Crop Disease Management,https://kms.naerls.gov.ng/diseasemanagment/listdiseases,,official_naerls_kms_catalogue
naerls_0608,crop_disease_management,NAERLS crop disease catalogue,crop disease pest control naerls farmer knowledge base management entry okra enation leaf curl virus,NAERLS Farmer Knowledge Base disease-management entry: 84 | Okra Enation Leaf Curl Virus | Virus,NAERLS Farmer Knowledge Base: Crop Disease Management,https://kms.naerls.gov.ng/diseasemanagment/listdiseases,,official_naerls_kms_catalogue
naerls_0609,crop_disease_management,NAERLS crop disease catalogue,crop disease pest control naerls farmer knowledge base management entry yello vein mosaic virus,NAERLS Farmer Knowledge Base disease-management entry: 85 | Yello vein Mosaic Virus | Virus,NAERLS Farmer Knowledge Base: Crop Disease Management,https://kms.naerls.gov.ng/diseasemanagment/listdiseases,,official_naerls_kms_catalogue
naerls_0610,crop_disease_management,NAERLS crop disease catalogue,crop disease pest control naerls farmer knowledge base management entry bacterial wilt caused bacteria,NAERLS Farmer Knowledge Base disease-management entry: 89 | Bacterial Wilt | caused by bacteria,NAERLS Farmer Knowledge Base: Crop Disease Management,https://kms.naerls.gov.ng/diseasemanagment/listdiseases,,official_naerls_kms_catalogue
naerls_0611,crop_disease_management,NAERLS crop disease catalogue,crop disease pest control naerls farmer knowledge base management entry groundnut rosette caused virus,NAERLS Farmer Knowledge Base disease-management entry: 90 | Groundnut rosette disease | caused by a virus,NAERLS Farmer Knowledge Base: Crop Disease Management,https://kms.naerls.gov.ng/diseasemanagment/listdiseases,,official_naerls_kms_catalogue
naerls_0612,crop_disease_management,NAERLS crop disease catalogue,crop disease pest control naerls farmer knowledge base management entry early late leaf spots fungus caused,NAERLS Farmer Knowledge Base disease-management entry: 91 | Early and late leaf spots | fungus caused,NAERLS Farmer Knowledge Base: Crop Disease Management,https://kms.naerls.gov.ng/diseasemanagment/listdiseases,,official_naerls_kms_catalogue
naerls_0613,crop_disease_management,NAERLS crop disease catalogue,crop disease pest control naerls farmer knowledge base management entry blackleg soft rot bacteria caused,NAERLS Farmer Knowledge Base disease-management entry: 97 | Blackleg and Soft Rot | bacteria caused,NAERLS Farmer Knowledge Base: Crop Disease Management,https://kms.naerls.gov.ng/diseasemanagment/listdiseases,,official_naerls_kms_catalogue
naerls_0614,crop_disease_management,NAERLS crop disease catalogue,crop disease pest control naerls farmer knowledge base management entry ring rot bacteria caused clavibacter michiganensis ssp sepedonicus,NAERLS Farmer Knowledge Base disease-management entry: 98 | Ring Rot | bacteria caused. Clavibacter michiganensis ssp. Sepedonicus,NAERLS Farmer Knowledge Base: Crop Disease Management,https://kms.naerls.gov.ng/diseasemanagment/listdiseases,,official_naerls_kms_catalogue
naerls_0615,crop_disease_management,NAERLS crop disease catalogue,crop disease pest control naerls farmer knowledge base management entry powdery scab fungal caused spongospora subterranea,NAERLS Farmer Knowledge Base disease-management entry: 100 | Powdery Scab | fungal caused Spongospora subterranea,NAERLS Farmer Knowledge Base: Crop Disease Management,https://kms.naerls.gov.ng/diseasemanagment/listdiseases,,official_naerls_kms_catalogue
naerls_0616,crop_disease_management,NAERLS crop disease catalogue,crop disease pest control naerls farmer knowledge base management entry late blight fungal caused phytophthora infestans,NAERLS Farmer Knowledge Base disease-management entry: 101 | Late Blight | fungal caused Phytophthora infestans,NAERLS Farmer Knowledge Base: Crop Disease Management,https://kms.naerls.gov.ng/diseasemanagment/listdiseases,,official_naerls_kms_catalogue
naerls_0617,crop_disease_management,NAERLS crop disease catalogue,crop disease pest control naerls farmer knowledge base management entry early blight fungal caused alternaria solani,NAERLS Farmer Knowledge Base disease-management entry: 102 | Early Blight | fungal caused Alternaria solani,NAERLS Farmer Knowledge Base: Crop Disease Management,https://kms.naerls.gov.ng/diseasemanagment/listdiseases,,official_naerls_kms_catalogue
naerls_0618,crop_disease_management,NAERLS crop disease catalogue,crop disease pest control naerls farmer knowledge base management entry stem rot fungal caused sclerotium rolfsi,NAERLS Farmer Knowledge Base disease-management entry: 103 | Stem Rot | fungal caused.. Sclerotium rolfsi,NAERLS Farmer Knowledge Base: Crop Disease Management,https://kms.naerls.gov.ng/diseasemanagment/listdiseases,,official_naerls_kms_catalogue
naerls_0619,crop_disease_management,NAERLS crop disease catalogue,crop disease pest control naerls farmer knowledge base management entry fusarium dry rot wilt fungal caused spp,NAERLS Farmer Knowledge Base disease-management entry: 104 | Fusarium Dry Rot and Wilt | fungal caused Fusarium spp.,NAERLS Farmer Knowledge Base: Crop Disease Management,https://kms.naerls.gov.ng/diseasemanagment/listdiseases,,official_naerls_kms_catalogue
naerls_0620,crop_disease_management,NAERLS crop disease catalogue,crop disease pest control naerls farmer knowledge base management entry potato leaf roll virus,NAERLS Farmer Knowledge Base disease-management entry: 105 | Potato Leaf-roll virus | virus,NAERLS Farmer Knowledge Base: Crop Disease Management,https://kms.naerls.gov.ng/diseasemanagment/listdiseases,,official_naerls_kms_catalogue
naerls_0621,crop_disease_management,NAERLS crop disease catalogue,crop disease pest control naerls farmer knowledge base management entry potato viruses virus,NAERLS Farmer Knowledge Base disease-management entry: 106 | Potato Viruses Y and A | virus,NAERLS Farmer Knowledge Base: Crop Disease Management,https://kms.naerls.gov.ng/diseasemanagment/listdiseases,,official_naerls_kms_catalogue
naerls_0622,crop_disease_management,NAERLS crop disease catalogue,crop disease pest control naerls farmer knowledge base management entry potato mop top virus,NAERLS Farmer Knowledge Base disease-management entry: 107 | Potato Mop-Top Virus | virus,NAERLS Farmer Knowledge Base: Crop Disease Management,https://kms.naerls.gov.ng/diseasemanagment/listdiseases,,official_naerls_kms_catalogue
naerls_0623,crop_disease_management,NAERLS crop disease catalogue,crop disease pest control naerls farmer knowledge base management entry corn smut fungus caused,NAERLS Farmer Knowledge Base disease-management entry: 110 | Corn Smut | Fungus caused,NAERLS Farmer Knowledge Base: Crop Disease Management,https://kms.naerls.gov.ng/diseasemanagment/listdiseases,,official_naerls_kms_catalogue
naerls_0624,crop_disease_management,NAERLS crop disease catalogue,crop disease pest control naerls farmer knowledge base management entry maize streak caused virus,NAERLS Farmer Knowledge Base disease-management entry: 111 | Maize Streak disease | caused by virus,NAERLS Farmer Knowledge Base: Crop Disease Management,https://kms.naerls.gov.ng/diseasemanagment/listdiseases,,official_naerls_kms_catalogue
naerls_0625,crop_disease_management,NAERLS crop disease catalogue,crop disease pest control naerls farmer knowledge base management entry monosporascus root fungal,NAERLS Farmer Knowledge Base disease-management entry: 114 | Monosporascus Root | a fungal disease,NAERLS Farmer Knowledge Base: Crop Disease Management,https://kms.naerls.gov.ng/diseasemanagment/listdiseases,,official_naerls_kms_catalogue
naerls_0626,crop_disease_management,NAERLS crop disease catalogue,crop disease pest control naerls farmer knowledge base management entry bacterial bud rot bacteria,NAERLS Farmer Knowledge Base disease-management entry: 122 | Bacterial bud rot | a bacteria disease,NAERLS Farmer Knowledge Base: Crop Disease Management,https://kms.naerls.gov.ng/diseasemanagment/listdiseases,,official_naerls_kms_catalogue
naerls_0627,crop_disease_management,NAERLS crop disease catalogue,crop disease pest control naerls farmer knowledge base management entry oil palm wilt fungal,NAERLS Farmer Knowledge Base disease-management entry: 123 | Oil palm wilt | a fungal disease,NAERLS Farmer Knowledge Base: Crop Disease Management,https://kms.naerls.gov.ng/diseasemanagment/listdiseases,,official_naerls_kms_catalogue
naerls_0628,crop_disease_management,NAERLS crop disease catalogue,crop disease pest control naerls farmer knowledge base management entry ganoderma butt rot fungal,NAERLS Farmer Knowledge Base disease-management entry: 124 | Ganoderma butt rot | a fungal disease,NAERLS Farmer Knowledge Base: Crop Disease Management,https://kms.naerls.gov.ng/diseasemanagment/listdiseases,,official_naerls_kms_catalogue
naerls_0629,crop_disease_management,NAERLS crop disease catalogue,crop disease pest control naerls farmer knowledge base management entry pestalotiopsis leaf spot fungal,NAERLS Farmer Knowledge Base disease-management entry: 125 | Pestalotiopsis leaf spot | a fungal disease,NAERLS Farmer Knowledge Base: Crop Disease Management,https://kms.naerls.gov.ng/diseasemanagment/listdiseases,,official_naerls_kms_catalogue
naerls_0630,crop_disease_management,NAERLS crop disease catalogue,crop disease pest control naerls farmer knowledge base management entry basal stem rot ganoderma boninense fungal,NAERLS Farmer Knowledge Base disease-management entry: 126 | Basal stem Rot (Ganoderma boninense) | A fungal disease,NAERLS Farmer Knowledge Base: Crop Disease Management,https://kms.naerls.gov.ng/diseasemanagment/listdiseases,,official_naerls_kms_catalogue
naerls_0631,crop_disease_management,NAERLS crop disease catalogue,crop disease pest control naerls farmer knowledge base management entry freckle cercospora elaeidis fungal,NAERLS Farmer Knowledge Base disease-management entry: 127 | Freckle (Cercospora elaeidis) | A fungal disease,NAERLS Farmer Knowledge Base: Crop Disease Management,https://kms.naerls.gov.ng/diseasemanagment/listdiseases,,official_naerls_kms_catalogue
naerls_0632,crop_disease_management,NAERLS crop disease catalogue,crop disease pest control naerls farmer knowledge base management entry blast pythium splendens fungal,NAERLS Farmer Knowledge Base disease-management entry: 128 | Blast (Pythium Splendens) | A fungal disease,NAERLS Farmer Knowledge Base: Crop Disease Management,https://kms.naerls.gov.ng/diseasemanagment/listdiseases,,official_naerls_kms_catalogue
naerls_0633,crop_disease_management,NAERLS crop disease catalogue,crop disease pest control naerls farmer knowledge base management entry purple blotch fungal,NAERLS Farmer Knowledge Base disease-management entry: 130 | Purple Blotch | a fungal disease,NAERLS Farmer Knowledge Base: Crop Disease Management,https://kms.naerls.gov.ng/diseasemanagment/listdiseases,,official_naerls_kms_catalogue
naerls_0634,crop_disease_management,NAERLS crop disease catalogue,crop disease pest control naerls farmer knowledge base management entry fusarium basal plate rot,NAERLS Farmer Knowledge Base disease-management entry: 132 | Fusarium Basal Plate rot | a,NAERLS Farmer Knowledge Base: Crop Disease Management,https://kms.naerls.gov.ng/diseasemanagment/listdiseases,,official_naerls_kms_catalogue
naerls_0635,crop_disease_management,NAERLS crop disease catalogue,crop disease pest control naerls farmer knowledge base management entry black mold fungal,NAERLS Farmer Knowledge Base disease-management entry: 134 | Black Mold | a fungal disease,NAERLS Farmer Knowledge Base: Crop Disease Management,https://kms.naerls.gov.ng/diseasemanagment/listdiseases,,official_naerls_kms_catalogue
naerls_0636,crop_disease_management,NAERLS crop disease catalogue,crop disease pest control naerls farmer knowledge base management entry leaf streak bulb rot,NAERLS Farmer Knowledge Base disease-management entry: 135 | Leaf Streak and bulb rot | a,NAERLS Farmer Knowledge Base: Crop Disease Management,https://kms.naerls.gov.ng/diseasemanagment/listdiseases,,official_naerls_kms_catalogue
naerls_0637,crop_disease_management,NAERLS crop disease catalogue,crop disease pest control naerls farmer knowledge base management entry bacterial heart rot bacteria,NAERLS Farmer Knowledge Base disease-management entry: 137 | Bacterial heart rot | a bacteria disease,NAERLS Farmer Knowledge Base: Crop Disease Management,https://kms.naerls.gov.ng/diseasemanagment/listdiseases,,official_naerls_kms_catalogue
naerls_0638,crop_disease_management,NAERLS crop disease catalogue,crop disease pest control naerls farmer knowledge base management entry mealybug wilt pineapple virus pwv,NAERLS Farmer Knowledge Base disease-management entry: 140 | Mealybug wilt or Pineapple wilt virus (PWV) | a virus disease,NAERLS Farmer Knowledge Base: Crop Disease Management,https://kms.naerls.gov.ng/diseasemanagment/listdiseases,,official_naerls_kms_catalogue
naerls_0639,crop_disease_management,NAERLS crop disease catalogue,crop disease pest control naerls farmer knowledge base management entry bacterial leaf blight,NAERLS Farmer Knowledge Base disease-management entry: 142 | Bacterial Leaf blight | a,NAERLS Farmer Knowledge Base: Crop Disease Management,https://kms.naerls.gov.ng/diseasemanagment/listdiseases,,official_naerls_kms_catalogue
naerls_0640,crop_disease_management,NAERLS crop disease catalogue,crop disease pest control naerls farmer knowledge base management entry white root caused rigidoporus lignosus klotzsch,NAERLS Farmer Knowledge Base disease-management entry: 146 | White root disease | caused by (Rigidoporus Lignosus (Klotzsch)),NAERLS Farmer Knowledge Base: Crop Disease Management,https://kms.naerls.gov.ng/diseasemanagment/listdiseases,,official_naerls_kms_catalogue
naerls_0641,crop_disease_management,NAERLS crop disease catalogue,crop disease pest control naerls farmer knowledge base management entry brown root rot caused phellinus noxius,NAERLS Farmer Knowledge Base disease-management entry: 147 | Brown Root Rot Disease | caused by (Phellinus noxius),NAERLS Farmer Knowledge Base: Crop Disease Management,https://kms.naerls.gov.ng/diseasemanagment/listdiseases,,official_naerls_kms_catalogue
naerls_0642,crop_disease_management,NAERLS crop disease catalogue,crop disease pest control naerls farmer knowledge base management entry armillaria root rot caused mellea,NAERLS Farmer Knowledge Base disease-management entry: 148 | Armillaria root rot | caused by (Armillaria mellea),NAERLS Farmer Knowledge Base: Crop Disease Management,https://kms.naerls.gov.ng/diseasemanagment/listdiseases,,official_naerls_kms_catalogue
naerls_0643,crop_disease_management,NAERLS crop disease catalogue,crop disease pest control naerls farmer knowledge base management entry mouldy rot caused ceratocystis fimbrata,NAERLS Farmer Knowledge Base disease-management entry: 150 | Mouldy Rot Disease | caused by (Ceratocystis Fimbrata),NAERLS Farmer Knowledge Base: Crop Disease Management,https://kms.naerls.gov.ng/diseasemanagment/listdiseases,,official_naerls_kms_catalogue
naerls_0644,crop_disease_management,NAERLS crop disease catalogue,crop disease pest control naerls farmer knowledge base management entry bird eye leaf spot caused dreschlera hevea,NAERLS Farmer Knowledge Base disease-management entry: 151 | Bird’s eye leaf spot | caused by (Dreschlera hevea),NAERLS Farmer Knowledge Base: Crop Disease Management,https://kms.naerls.gov.ng/diseasemanagment/listdiseases,,official_naerls_kms_catalogue
naerls_0645,crop_disease_management,NAERLS crop disease catalogue,crop disease pest control naerls farmer knowledge base management entry gloeosporium leaf caused colletorichum gloesporoides,NAERLS Farmer Knowledge Base disease-management entry: 152 | Gloeosporium Leaf Disease | caused by (Colletorichum Gloesporoides),NAERLS Farmer Knowledge Base: Crop Disease Management,https://kms.naerls.gov.ng/diseasemanagment/listdiseases,,official_naerls_kms_catalogue
naerls_0646,crop_disease_management,NAERLS crop disease catalogue,crop disease pest control naerls farmer knowledge base management entry red rot caused fungi soil air rainfall splash diseased setts,"NAERLS Farmer Knowledge Base disease-management entry: 155 | Red Rot | • Caused by fungi • Through soil, air, rainfall splash and diseased setts",NAERLS Farmer Knowledge Base: Crop Disease Management,https://kms.naerls.gov.ng/diseasemanagment/listdiseases,,official_naerls_kms_catalogue
naerls_0647,crop_disease_management,NAERLS crop disease catalogue,crop disease pest control naerls farmer knowledge base management entry wilt soil seed pieces wind rain irrigation water,"NAERLS Farmer Knowledge Base disease-management entry: 157 | Wilt | • Through soil, seed pieces, wind, rain and irrigation water",NAERLS Farmer Knowledge Base: Crop Disease Management,https://kms.naerls.gov.ng/diseasemanagment/listdiseases,,official_naerls_kms_catalogue
naerls_0648,crop_disease_management,NAERLS crop disease catalogue,crop disease pest control naerls farmer knowledge base management entry sugarcane mosaic caused virus,NAERLS Farmer Knowledge Base disease-management entry: 160 | Sugarcane Mosaic | • Caused by virus,NAERLS Farmer Knowledge Base: Crop Disease Management,https://kms.naerls.gov.ng/diseasemanagment/listdiseases,,official_naerls_kms_catalogue
naerls_0649,crop_disease_management,NAERLS crop disease catalogue,crop disease pest control naerls farmer knowledge base management entry sugarcane yellow leaf caused virus,NAERLS Farmer Knowledge Base disease-management entry: 162 | Sugarcane yellow leaf | • Caused by virus,NAERLS Farmer Knowledge Base: Crop Disease Management,https://kms.naerls.gov.ng/diseasemanagment/listdiseases,,official_naerls_kms_catalogue
naerls_0650,crop_disease_management,NAERLS crop disease catalogue,crop disease pest control naerls farmer knowledge base management entry stem rot wilt fungal caused,NAERLS Farmer Knowledge Base disease-management entry: 163 | Stem Rot or Wilt | fungal caused,NAERLS Farmer Knowledge Base: Crop Disease Management,https://kms.naerls.gov.ng/diseasemanagment/listdiseases,,official_naerls_kms_catalogue
naerls_0651,crop_disease_management,NAERLS crop disease catalogue,crop disease pest control naerls farmer knowledge base management entry soil rot fungal,NAERLS Farmer Knowledge Base disease-management entry: 165 | Soil Rot | fungal disease,NAERLS Farmer Knowledge Base: Crop Disease Management,https://kms.naerls.gov.ng/diseasemanagment/listdiseases,,official_naerls_kms_catalogue
naerls_0652,crop_disease_management,NAERLS crop disease catalogue,crop disease pest control naerls farmer knowledge base management entry sclerotial blight circular spot fungal,"NAERLS Farmer Knowledge Base disease-management entry: 166 | Sclerotial Blight. and Circular Spot, | fungal disease",NAERLS Farmer Knowledge Base: Crop Disease Management,https://kms.naerls.gov.ng/diseasemanagment/listdiseases,,official_naerls_kms_catalogue
naerls_0653,crop_disease_management,NAERLS crop disease catalogue,crop disease pest control naerls farmer knowledge base management entry java black rot fungal,NAERLS Farmer Knowledge Base disease-management entry: 167 | Java Black Rot | fungal disease,NAERLS Farmer Knowledge Base: Crop Disease Management,https://kms.naerls.gov.ng/diseasemanagment/listdiseases,,official_naerls_kms_catalogue
naerls_0654,crop_disease_management,NAERLS crop disease catalogue,crop disease pest control naerls farmer knowledge base management entry sweet potato virus spvd,NAERLS Farmer Knowledge Base disease-management entry: 168 | Sweet potato virus disease (SPVD) | virus disease,NAERLS Farmer Knowledge Base: Crop Disease Management,https://kms.naerls.gov.ng/diseasemanagment/listdiseases,,official_naerls_kms_catalogue
naerls_0655,crop_disease_management,NAERLS crop disease catalogue,crop disease pest control naerls farmer knowledge base management entry virus feathery mottle,NAERLS Farmer Knowledge Base disease-management entry: 169 | Virus — feathery mottle | virus disease,NAERLS Farmer Knowledge Base: Crop Disease Management,https://kms.naerls.gov.ng/diseasemanagment/listdiseases,,official_naerls_kms_catalogue
naerls_0656,crop_disease_management,NAERLS crop disease catalogue,crop disease pest control naerls farmer knowledge base management entry internal cork virus,NAERLS Farmer Knowledge Base disease-management entry: 170 | Internal cork | virus disease,NAERLS Farmer Knowledge Base: Crop Disease Management,https://kms.naerls.gov.ng/diseasemanagment/listdiseases,,official_naerls_kms_catalogue
naerls_0657,crop_disease_management,NAERLS crop disease catalogue,crop disease pest control naerls farmer knowledge base management entry septoria leaf spot fungal,NAERLS Farmer Knowledge Base disease-management entry: 171 | Septoria Leaf Spot | fungal disease,NAERLS Farmer Knowledge Base: Crop Disease Management,https://kms.naerls.gov.ng/diseasemanagment/listdiseases,,official_naerls_kms_catalogue
naerls_0658,crop_disease_management,NAERLS crop disease catalogue,crop disease pest control naerls farmer knowledge base management entry watermelon mosaic virus,NAERLS Farmer Knowledge Base disease-management entry: 172 | Watermelon mosaic | a virus disease,NAERLS Farmer Knowledge Base: Crop Disease Management,https://kms.naerls.gov.ng/diseasemanagment/listdiseases,,official_naerls_kms_catalogue
naerls_0659,crop_disease_management,NAERLS crop disease catalogue,crop disease pest control naerls farmer knowledge base management entry yam mosaic caused fungus,NAERLS Farmer Knowledge Base disease-management entry: 173 | Yam mosaic disease | caused by fungus,NAERLS Farmer Knowledge Base: Crop Disease Management,https://kms.naerls.gov.ng/diseasemanagment/listdiseases,,official_naerls_kms_catalogue
naerls_0660,crop_disease_management,NAERLS crop disease catalogue,crop disease pest control naerls farmer knowledge base management entry yam rot caused fungus,NAERLS Farmer Knowledge Base disease-management entry: 174 | Yam rot | caused by fungus,NAERLS Farmer Knowledge Base: Crop Disease Management,https://kms.naerls.gov.ng/diseasemanagment/listdiseases,,official_naerls_kms_catalogue
naerls_0661,crop_disease_management,NAERLS crop disease catalogue,crop disease pest control naerls farmer knowledge base management entry yam leaf spot caused virus,NAERLS Farmer Knowledge Base disease-management entry: 175 | Yam leaf spot | caused by virus,NAERLS Farmer Knowledge Base: Crop Disease Management,https://kms.naerls.gov.ng/diseasemanagment/listdiseases,,official_naerls_kms_catalogue
naerls_0662,crop_disease_management,NAERLS crop disease catalogue,crop disease pest control naerls farmer knowledge base management entry fall army worm common maize other cereals affects fruit eaten,NAERLS Farmer Knowledge Base disease-management entry: 176 | Fall Army worm | A disease that is common to maize and other cereals it affects the fruit of the crop as it is eaten by the pest,NAERLS Farmer Knowledge Base: Crop Disease Management,https://kms.naerls.gov.ng/diseasemanagment/listdiseases,,official_naerls_kms_catalogue
naerls_0663,crop_disease_management,NAERLS crop disease catalogue,crop disease pest control naerls farmer knowledge base management entry name description,NAERLS Farmer Knowledge Base disease-management entry: S/N | Crop Disease Name | Disease Description,NAERLS Farmer Knowledge Base: Crop Disease Management,https://kms.naerls.gov.ng/diseasemanagment/listdiseases,,official_naerls_kms_catalogue
swine pig pork livestock animal breeding feed disease african swine fever asf biosecurity mortality isolation disinfection swill quarantine symptoms,"Swine (pig) production requires strict biosecurity, clean housing, and balanced energy-protein feed. African Swine Fever (ASF) is a highly contagious viral hemorrhagic disease with near 100% mortality. Clinical signs include high fever, skin cyanosis, and bloody diarrhea. No vaccine exists; enforce strict biosecurity, ban unboiled swill, and immediately quarantine or depopulate infected herds."
corn maize grain cereal planting spacing fertilizer NPK armyworm pest control savanna silking tassel,Maize (corn) is a primary cereal crop across Nigerian savannas. Plant at 75cm x 25cm spacing during early rains. Apply NPK fertilizer via split application at 3 and 6 weeks post-planting. Monitor for Fall Armyworm and control using targeted insecticides or neem extracts during early whorl stages.
poultry chicken broiler layer bird feed coccidiosis newcastle disease vaccination management biosecurity litter,"Poultry management requires strict vaccination against Newcastle disease (using La Sota) and biosecurity to prevent Coccidiosis outbreaks. Maintain dry litter conditions, provide balanced stage-specific feed (starter, grower, finisher, layer mash), and enforce strict stocking densities."
weed herbicide chemical control spear grass pre-emergence post-emergence manual clearing land preparation,Weed management combines manual clearing and approved selective/non-selective herbicides. Use glyphosate for pre-planting land preparation and targeted pre-emergence herbicides immediately after planting before crop germination to suppress aggressive grasses like spear grass.
fertilizer npk urea application timing method split application ring method leaching micro-nutrients,Fertilizer application should utilize the ring or band method near the crop base followed by light soil incorporation. Split application (basal and top-dressing) maximizes nutrient absorption and prevents leaching caused by heavy tropical downpours.
cassava mosaic disease cmd bacterial blight root rot iita resistant varieties tme 419 nr 8082 stem cuttings whitefly,"Cassava production relies on planting certified disease-resistant IITA varieties (TME 419, NR 8082) to combat Cassava Mosaic Disease (CMD) and Cassava Bacterial Blight (CBB). Source clean stem cuttings and rogue out infected plants immediately to prevent whitefly vector transmission."
yam tuber rot fusarium minisetting wood ash mancozeb seed treatment drainage ridges guinea savanna staking,"Yam cultivation requires well-drained loamy soils. Treat cut seed yams using a slurry of clean wood ash and Mancozeb fungicide to prevent Fusarium and Aspergillus rot. Plant on high, well-drained ridges and provide sturdy staking for vines."
rice yellow mottle virus rymv fadama lowland swamp water management vector control resistant varieties,"Rice Yellow Mottle Virus (RYMV) affects lowland and Fadama systems. Manage using resistant varieties (FARO 44, NERICA), controlled paddy water drainage to disrupt vector beetles, and thorough cleaning of harvesting equipment."
